Author,Documents,h-index,Affiliation,City,Country/Territory
"Kumar, Ajay  Kumar, A.   Kumar, A. Vinod   Kumar, A. V.   kumar, Ajay",589.0,45.0,Indian Institute of Technology Mandi,Mandi,India
"Vaish, Rahul  Vaish, R.",295.0,33.0,Indian Institute of Technology Mandi,Mandi,India
"Behera, Laxmidhar  Behera, Laxmidar   Behera, Laxmidher   Behera, L.",283.0,28.0,Indian Institute of Technology Mandi,Mandi,India
"Gonsalves, Kenneth E.  Gonsalves, K.   E.gonsalves, Kenneth   Gonsalves, Ken   Gonsalves, Kenneth   Gonsalves, K. E.",228.0,34.0,Indian Institute of Technology Mandi,Mandi,India
"Kumar, Pradeep Sai Anil  Kumar, P.   Kumar, Pradeep   Kumar, P. Sai   Kumar, P. S.   Kumar, Prabhash",192.0,30.0,Indian Institute of Technology Mandi,Mandi,India
"Jain, Sathish Chandra  Jain, Satish   Jain, Satish Chandra   Jain, Sathish   Jain, S. C.   Jain, Satish C.",183.0,33.0,Indian Institute of Technology Mandi,Mandi,India
"Kumar, Amit  Kumar, A.",169.0,19.0,Indian Institute of Technology Mandi,Mandi,India
"Krishnan, Venkata  Krishnan, V.",163.0,41.0,Indian Institute of Technology Mandi,Mandi,India
"Abbas, Syed  Abbas, S.",155.0,22.0,Indian Institute of Technology Mandi,Mandi,India
"Rajpurohit, Bharat Singh  Rajpurohit, Bharat S.   Singh, Bharat   Rajpurohit, B. S.",155.0,15.0,Indian Institute of Technology Mandi,Mandi,India
"Kumar, Rajeev Suresh  Kumar, Rajeev   Kumar, R. Suresh   Kumar, R.",153.0,21.0,Indian Institute of Technology Mandi,Mandi,India
"Ray, Subrata  Ray, Subrat   Ray, S.",142.0,32.0,Indian Institute of Technology Mandi,Mandi,India
"Kashyap, Arti  Arti, Kashyap   Kashyap, A.",117.0,20.0,Indian Institute of Technology Mandi,Mandi,India
"Doddamani, M.  Doddamani, Mrityunajy   Doddamani, Mrityunjay   Doddamani, M.   Mrityunjay, Doddamani   Doddamani, Mrityunjay R.   Doddamani, M. R.",116.0,25.0,Indian Institute of Technology Mandi,Mandi,India
"Oruganti, Ramesh  Oruganti, R.   Oruganti, Rames   Ramesh, O.",115.0,28.0,Indian Institute of Technology Mandi,Mandi,India
"Sharma, Satinder Kumar  Shrama, Satinder K.   Sharma, S. K.   Sharma, Satinder   Sharma, Satinder K.",115.0,19.0,Indian Institute of Technology Mandi,Mandi,India
"VijayRaghavan, Krishnaswamy V.  VijayRaghavan, K.   Vijay Raghavan, K.   Vijayraghavan, Krishnaswamy   VijayRaghavan, Krishnaswamy   Raghavan, K. V.   VijayRaghavan, K. V.   Raghavan, K. Vijay   Vijayraghavan, K.",106.0,35.0,Indian Institute of Technology Mandi,Mandi,India
"Pandey, Sudhir K.  Pandey, Sudhir K.   Pandey, Sudhir Kumar   Pandey, S. K.",105.0,20.0,Indian Institute of Technology Mandi,Mandi,India
"Bhavsar, Arnav V.  Bhavsar, Arnav   Bhavsar, Atnav   Bhavsar, A. V.   Bhavsar, A.   Bhavasar, Arnav",102.0,13.0,Indian Institute of Technology Mandi,Mandi,India
"Pradeep, Chullikkattil P.  Pradeep, Chullikkattill P.   Pradeep, Chullikkattil   Pradeep, Chullikkattil P.",101.0,25.0,Indian Institute of Technology Mandi,Mandi,India
"Dhar, Atul  Dhar, A.",97.0,24.0,Indian Institute of Technology Mandi,Mandi,India
"Nigam, Aditya",96.0,16.0,Indian Institute of Technology Mandi,Mandi,India
"Chowdhury, Shubhajit Roy  Roy Chowdhury, Shubhajit   Chowdhury, S. Roy   Chowdhury, Shubhaiit Roy",91.0,15.0,Indian Institute of Technology Mandi,Mandi,India
"Dutt, Varun",87.0,10.0,Indian Institute of Technology Mandi,Mandi,India
"Nigam, Sumant  Nigam, S.",86.0,43.0,"University of Maryland, College Park",College Park,United States
"Giri, Rajanish  Giri, R.",81.0,19.0,Indian Institute of Technology Mandi,Mandi,India
"Ghosh, Subrata",79.0,18.0,Indian Institute of Technology Mandi,Mandi,India
"Jain, Tushar",79.0,11.0,Indian Institute of Technology Mandi,Mandi,India
"Siril, Prem Felix  Siril, P. F.   Siril, Prem   Siril, Preni Felix   Felix, S. P.   Felix, Prem S.   Siril, Prem F.   Felix, S. Prem",78.0,31.0,Indian Institute of Technology Mandi,Mandi,India
"Mukherjee, Kaustav  Mukherjee, K.",77.0,13.0,Indian Institute of Technology Mandi,Mandi,India
"Sharma, Amit Kumar  Sharma, Amit   Sharma, Amit K.   Sharma, A. K.   Sharma, A.",76.0,20.0,Indian Institute of Technology Mandi,Mandi,India
"Soni, Ajay  Soni, A. B.   Soni, A.",76.0,21.0,Indian Institute of Technology Mandi,Mandi,India
"Chauhan, Vishal S.  Chauhan, V. S.   Chauhan, Vishal S.   Chauhan, V.   Chauhan, Vishal   Chauhan, Vishal Singh",75.0,14.0,Indian Institute of Technology Mandi,Mandi,India
"Talha, Mohammad  Talha, M.",74.0,20.0,Indian Institute of Technology Mandi,Mandi,India
"Nandi, Chayan Kanti  Nandi, Chayan K.   Nandi, C. K.",72.0,22.0,Indian Institute of Technology Mandi,Mandi,India
"Singh, Ranbir  Singh, R.",71.0,24.0,Indian Institute of Technology Mandi,Mandi,India
"Zafar, Sunny  Zafar, S.",69.0,16.0,Indian Institute of Technology Mandi,Mandi,India
"Annachhatre, Ajit Padmakar  Annachhatre, Ajit   Annachhatre, Ajit P.   Annachhatre, A. P.",68.0,25.0,Indian Institute of Technology Mandi,Mandi,India
"Dileep, Aroor Dinesh  DIleep, A. D.   Dileep, A. D.   Dinesh, D.   DInesh, DIleep Aroor   Dinesh, Dileep Aroor",68.0,11.0,Indian Institute of Technology Mandi,Mandi,India
"Yadav, Chandra S.  Yadav, C. S.",66.0,13.0,Indian Institute of Technology Mandi,Mandi,India
"Pal, Suman Kalyan  Pal, S. K.   Pal, Suman K.   Kalyan Pal, Suman",65.0,18.0,Indian Institute of Technology Mandi,Mandi,India
"Halder, Aditi  Halder, A.",64.0,20.0,Indian Institute of Technology Mandi,Mandi,India
"Pathak, Himanshu",63.0,14.0,Indian Institute of Technology Mandi,Mandi,India
"Gonsalves, Timothy A.  Gonsalves, T. A.   Gonsalves, Timothy",62.0,9.0,Indian Institute of Technology Mandi,Mandi,India
"Shrimali, Hitesh  Shrimali, H.",57.0,8.0,Indian Institute of Technology Mandi,Mandi,India
"Sharma, Moolchand  Sharma, Manish",56.0,17.0,Indian Institute of Technology Mandi,Mandi,India
"Gupta, Arpan  Gupta, A.",53.0,10.0,Indian Institute of Technology Mandi,Mandi,India
"Reddy, G. Shrikanth  Reddy, Gopi Shrikant   Reddy, G. S.   Reddy, G. Shrikanth   Reddy, Gopi Shrikanth   Reddy, Gopi S.",53.0,8.0,Indian Institute of Technology Mandi,Mandi,India
"Shrestha, Rahul",52.0,9.0,Indian Institute of Technology Mandi,Mandi,India
"Malik, M.  Malik, M.   Malik, Muslim",51.0,10.0,Indian Institute of Technology Mandi,Mandi,India
"Ray, Rajendra K.",51.0,9.0,Indian Institute of Technology Mandi,Mandi,India
"Tummuru, Narsa Reddy  Reddy, T. Narsa   Reddy, Tummuru N.   Tummuru, N. R.   Tummuru, Narsa R.   Reddy, Tummuru Narsa   Tummuru, Narsa",51.0,13.0,Indian Institute of Technology Mandi,Mandi,India
"Prasad, Amit  Prasad, A.",50.0,19.0,Indian Institute of Technology Mandi,Mandi,India
"Shukla, Dericks Praise  Shukla, Dericks P.   Shukla, D. P.   Shukla, D.",50.0,14.0,Indian Institute of Technology Mandi,Mandi,India
"Mondal, Bhaskar  Mondal, B.",48.0,17.0,Indian Institute of Technology Mandi,Mandi,India
"Balakrishnan, Viswanath",46.0,11.0,Indian Institute of Technology Mandi,Mandi,India
"Viswanath, B.  Viswanath, B.   Viswanath, Balakrishnan",45.0,26.0,Indian Institute of Technology Mandi,Mandi,India
"Powar, Satvasheel",44.0,15.0,Indian Institute of Technology Mandi,Mandi,India
"Srivastava, Kailash N.  Srivastava, K. N.   Srivastava, Kailash   Srivastava, K.",44.0,15.0,Indian Institute of Technology Mandi,Mandi,India
"Usman, Adil  Usman, A.   Usmam, Adil",44.0,8.0,Indian Institute of Technology Mandi,Mandi,India
"Chakraborty, Aniruddha  Chakraborty, Anirudhha",43.0,7.0,Indian Institute of Technology Mandi,Mandi,India
"Kumar, Amit Senthil  Kumar, Amit   Kumar, A.   Kumar, A. Senthil",43.0,19.0,Indian Institute of Technology Mandi,Mandi,India
"Kumar, Ashish",43.0,23.0,Sardar Vallabhbhai Patel Cluster University,Mandi,India
"Thakur, Manoj  Thakur, M.",43.0,18.0,Indian Institute of Technology Mandi,Mandi,India
"Bindu, R.",42.0,11.0,Indian Institute of Technology Mandi,Mandi,India
"Jaiswal, Amit",42.0,17.0,Indian Institute of Technology Mandi,Mandi,India
"Sharma, Anu Rani  Sharma, Arm Rani   Sharma, A. R.  	    Sharma, Anurag   Sharma, Anu",42.0,19.0,Indian Institute of Technology Mandi,Mandi,India
"Sharma, Vivek Kumar  Sharma, Vivek K.   Sharma, Vivek",42.0,6.0,Indian Institute of Technology Mandi,Mandi,India
"Ghosh, Kunal K.  Ghosh, K. K.   Ghosh, Kunal   Ghosh, K.",40.0,10.0,Indian Institute of Technology Mandi,Mandi,India
"Rajan, Padmanabhan  Rajan, P.",40.0,10.0,Indian Institute of Technology Mandi,Mandi,India
"Koner, Rik Rani  Koner, R. R.",39.0,16.0,Indian Institute of Technology Mandi,Mandi,India
"Kumar, Prateek  Kumar, P.",39.0,11.0,Indian Institute of Technology Mandi,Mandi,India
"Pathak, P. K.  Pathak, P.",39.0,11.0,Indian Institute of Technology Mandi,Mandi,India
"Dwivedi, Charu  Dwivedi, C.",38.0,16.0,Indian Institute of Technology Mandi,Mandi,India
"Masakapalli, Shyam Kumar  Masakapalli, S. K.   Masakapalli, Shyam K.",38.0,13.0,Indian Institute of Technology Mandi,Mandi,India
"Kumari, Nitu  Kumari, N.",37.0,11.0,Indian Institute of Technology Mandi,Mandi,India
"Mondal, Prosenjit  Mondal, P.",36.0,12.0,Indian Institute of Technology Mandi,Mandi,India
"Singh, Ashutosh  Singh, Ashutosh Kumar",36.0,15.0,Indian Institute of Technology Mandi,Mandi,India
"Basak, Trayambak  Basak, T.",35.0,17.0,Indian Institute of Technology Mandi,Mandi,India
"Kumar, Amit Vanav  Kumar, Amit   Kumar, A.   Kumar, A. Vanav",33.0,17.0,Indian Institute of Technology Mandi,Mandi,India
"Saxena, Prateek  Saxena, P.",33.0,11.0,Indian Institute of Technology Mandi,Mandi,India
"Sharma, Rahul  Sharma, R.",33.0,12.0,Indian Institute of Technology Mandi,Mandi,India
"Varma, Hari R.  Varma, H. R.",33.0,9.0,Indian Institute of Technology Mandi,Mandi,India
"Azad, Sarita",32.0,10.0,Indian Institute of Technology Mandi,Mandi,India
"Ghosh, Rajesh",32.0,9.0,Indian Institute of Technology Mandi,Mandi,India
"Kumar, Sunil",32.0,14.0,Indian Institute of Technology Mandi,Mandi,India
"Sarkar, Sayantan",31.0,16.0,Indian Institute of Technology Mandi,Mandi,India
"Tripathi, Shweta  Tripathi, S.",30.0,18.0,Indian Institute of Technology Mandi,Mandi,India
"Agnihotri, Samar  Agnihotriy, Samar",29.0,9.0,Indian Institute of Technology Mandi,Mandi,India
"Kala, Venkata Uday  Uday, K. V.   Uday, Kala Venkat   Uday, Kala Venkata",29.0,7.0,Indian Institute of Technology Mandi,Mandi,India
"Muslim, Malikiis  Muslim, M.   Muslim, Malik",29.0,12.0,Indian Institute of Technology Mandi,Mandi,India
"Agrawal, Garima  Agrawal, G.",28.0,15.0,Indian Institute of Technology Mandi,Mandi,India
"Rao, Chethana Durga  Rao, Chethana   Rao, C. Durga   Rao, C. D.",28.0,9.0,Indian Institute of Technology Mandi,Mandi,India
"Ruiz-Barradas, Alfredo  Ruiz-Barradas, A.",28.0,17.0,Indian Institute of Technology Mandi,Mandi,India
"Sinha-Ray, Sumit",28.0,15.0,Indian Institute of Technology Mandi,Mandi,India
"Thakor, Satyajit",28.0,6.0,Indian Institute of Technology Mandi,Mandi,India
"Sharma, Girish  Sharma, G.",27.0,10.0,Indian Institute of Technology Mandi,Mandi,India
"Srinivasan, Srikant  Srinivasan, S.",27.0,10.0,Indian Institute of Technology Mandi,Mandi,India
"Prakash, Tulika",26.0,12.0,Indian Institute of Technology Mandi,Mandi,India
"Saha, Sandip Kumar  Saha, S. K.   Saha, Sandip K.",26.0,10.0,Indian Institute of Technology Mandi,Mandi,India
"Sen, Subhamoy",26.0,6.0,Indian Institute of Technology Mandi,Mandi,India
"Gaur, Pankaj  Gaur, P.",25.0,9.0,Indian Institute of Technology Mandi,Mandi,India
"Kharche, Shilpa U.  Kharche, Shilpa   Kharche, S.",25.0,8.0,Terna Engineering College,Navi Mumbai,India
"Kumar, Pradeep  Kumar, P.",25.0,7.0,Indian Institute of Technology Mandi,Mandi,India
"Dash, Jogesh Chandra  Dash, Jogesh C.",24.0,3.0,Terna Engineering College,Navi Mumbai,India
"Roy, Arko  Roy, A.",24.0,7.0,Indian Institute of Technology Mandi,Mandi,India
"Singh, Birender P.  Singh, B. P.   Singh, Birender",24.0,10.0,Indian Institute of Technology Mandi,Mandi,India
"Singh, Gurpreet",24.0,10.0,Indian Institute of Technology Mandi,Mandi,India
"Verma, Navneet Chandra  Verma, N. C.   Verma, Navneet C.",24.0,15.0,Indian Institute of Technology Mandi,Mandi,India
"Rameshan, Renu M.  Rameshan, Renu   Renu, M. R.",23.0,5.0,Indian Institute of Technology Mandi,Mandi,India
"Sarkar, Kaustav",23.0,5.0,Indian Institute of Technology Mandi,Mandi,India
"Chaturvedi, Pratik  Chaturvedi, Prateek",22.0,5.0,Defence Research and Development Organisation India,Dehradun,India
"Gupta, Shikha",22.0,5.0,Indian Institute of Technology Mandi,Mandi,India
"Kundu, Pratim  Kundu, P.",22.0,8.0,Indian Institute of Technology Mandi,Mandi,India
"Pindoriya, Rajesh M.  Pindoriya, R. M.   Pindoriya, Rajesh M.",22.0,7.0,Indian Institute of Technology Mandi,Mandi,India
"Prasad, Amit Mohan  Prasad, A.   Prasad, Amit",22.0,11.0,Indian Institute of Technology Mandi,Mandi,India
"Ray, Subrata  Ray, S.",22.0,6.0,Indian Institute of Technology Mandi,Mandi,India
"Sharma, Swati",22.0,12.0,Indian Institute of Technology Mandi,Mandi,India
"Singh, Birender  Singh, B.",22.0,6.0,Indian Institute of Technology Mandi,Mandi,India
"Srinivasu, Bodapati  Bodapati, Srinivasu   Srinivasu, B.",22.0,5.0,Indian Institute of Technology Mandi,Mandi,India
"Yadav, Aditya  Yadav, A.",22.0,11.0,Indian Institute of Technology Mandi,Mandi,India
"Kumar, Parmod",21.0,6.0,Indian Institute of Technology Mandi,Mandi,India
"Pratap, Rameshwar",21.0,4.0,Indian Institute of Technology Mandi,Mandi,India
"Yadav, Manoj Kumar  Yadav, M. K.   Yadav, M.   Yadav, Manoj K.   Yadav, Manoj",21.0,7.0,Indian Institute of Technology Mandi,Mandi,India
"Dasgupta, Shyamasree",20.0,9.0,Indian Institute of Technology Mandi,Mandi,India
"Kumar, Awanish  Kumar, A.",20.0,3.0,Indian Institute of Technology Mandi,Mandi,India
"Roy, Shounak",20.0,7.0,Indian Institute of Technology Mandi,Mandi,India
"Thakur, Anshul  Thakur, A.",20.0,8.0,Indian Institute of Technology Mandi,Mandi,India
"Chand, Hushan",19.0,8.0,Indian Institute of Technology Mandi,Mandi,India
"Jose, Prasanth P.  Jose, Prasanth P.",19.0,6.0,Indian Institute of Technology Mandi,Mandi,India
"Kailasam, Sriram",19.0,6.0,Indian Institute of Technology Mandi,Mandi,India
"Moinuddin, Mohamad Ghulam  Moinuddin, M. G.   Moinuddin, Mohamad G.",19.0,5.0,Indian Institute of Technology Mandi,Mandi,India
"Mukherjee, Mousumi  Mukherjee, M.",19.0,4.0,Indian Institute of Technology Mandi,Mandi,India
"Randhawa, Jaspreet Kaur  Randhawa, Jaspreet K.",19.0,12.0,Indian Institute of Technology Mandi,Mandi,India
"Reddy, Pulikanti Guruprasad",19.0,7.0,Indian Institute of Technology Mandi,Mandi,India
"Sharma, Deepak Kumar  Sharma, Deepak K.   Kumar Sharma, Deepak   Sharma, Deepak   Sharma, D. K.",19.0,7.0,Indian Institute of Technology Mandi,Mandi,India
"Tyagi, Swati  Tyag, Swati",19.0,8.0,Indian Institute of Technology Mandi,Mandi,India
"Bakthavachalu, Baskar",18.0,9.0,Indian Institute of Technology Mandi,Mandi,India
"Dhanya, J.  J, Dhanya   Dhanya, J.",18.0,5.0,Indian Institute of Technology Mandi,Mandi,India
"Jahan, Qaiser  Jahan, Q.   JAHAN, QAISER",18.0,4.0,Indian Institute of Technology Mandi,Mandi,India
"Khillare, Lalit D.  Khillare, Lalit",18.0,11.0,Indian Institute of Technology Mandi,Mandi,India
"Kushavah, Dushyant",18.0,7.0,Indian Institute of Technology Mandi,Mandi,India
"Murab, Sumit",18.0,10.0,Indian Institute of Technology Mandi,Mandi,India
"Sarma, Siddhartha",18.0,4.0,Indian Institute of Technology Mandi,Mandi,India
"Singh, Gajendra  Singh, G.",18.0,6.0,Indian Institute of Technology Mandi,Mandi,India
"Singh, Niraj Kumar  Singh, Niraj   Singh, N.",18.0,11.0,Indian Institute of Technology Mandi,Mandi,India
"Thakur, Ramna  Thakur, R.",18.0,6.0,Indian Institute of Technology Mandi,Mandi,India
"Gupta, Sharad Kumar  Gupta, S. K.",17.0,4.0,Punjab Remote Sensing Centre,Ludhiana,India
"Joshi, Bhakti M.  Joshi, Bhakti",17.0,7.0,Indian Institute of Technology Mandi,Mandi,India
"Kiehn, Astrid  Kiehn, A.",17.0,8.0,Indian Institute of Technology Mandi,Mandi,India
"Kumar, Ashutosh  Kumar, A.",17.0,9.0,Indian Institute of Technology Mandi,Mandi,India
"Patel, Adarsh",17.0,7.0,Indian Institute of Technology Mandi,Mandi,India
"Sharma, Sonu D.  Sharma, Sonu   Sharma, S.",17.0,9.0,Indian Institute of Technology Mandi,Mandi,India
"Shukla, Mritunjay Kumar  Shukla, Mritunjay   Shukla, Mritunjaya Kumar   Shukla, M. K.",17.0,5.0,Indian Institute of Technology Mandi,Mandi,India
"Thapar, Daksh",17.0,6.0,Indian Institute of Technology Mandi,Mandi,India
"Verma, Nishant",17.0,8.0,Indian Institute of Technology Mandi,Mandi,India
", Diwaker  Diwaker, Diwaker   Kumar",17.0,6.0,Indian Institute of Technology Mandi,Mandi,India
"Kajuri, Nirmalya  Kajuria, Nirmalya",16.0,5.0,Indian Institute of Technology Mandi,Mandi,India
"Kumar, Deepu",16.0,5.0,Indian Institute of Technology Mandi,Mandi,India
"Manjunath, Sreelakshmi",16.0,4.0,Indian Institute of Technology Mandi,Mandi,India
"Sharma, Sumeet Kumar  Sharma, Sumeet K.   Kumar Sharma, Sumeet",16.0,6.0,Indian Institute of Technology Mandi,Mandi,India
"Sharma, Vijender Kumar",16.0,4.0,Indian Institute of Technology Mandi,Mandi,India
"Arora, Naina  Arora, N.",15.0,6.0,Indian Institute of Technology Mandi,Mandi,India
"Bhardwaj, Taniya",15.0,6.0,Indian Institute of Technology Mandi,Mandi,India
"Gupta, Krati  Gupta, K.",15.0,5.0,Indian Institute of Technology Mandi,Mandi,India
"Jain, Subit K.  Jain, Subit K.   Jain, Subit Kumar",15.0,5.0,Indian Institute of Technology Mandi,Mandi,India
"Kaur, Harpreet",15.0,6.0,Indian Institute of Technology Mandi,Mandi,India
"Khan, Syamantak  Khan, S.",15.0,13.0,Indian Institute of Technology Mandi,Mandi,India
"Misra, Himanshu",15.0,4.0,Indian Institute of Technology Mandi,Mandi,India
"Pandey, Juhi",15.0,10.0,Indian Institute of Technology Mandi,Mandi,India
"Patel, Ashutosh",15.0,4.0,Indian Institute of Technology Mandi,Mandi,India
"Arora, Gaurav",14.0,5.0,Indian Institute of Technology Mandi,Mandi,India
"Kasiviswanathan, K. S.",14.0,10.0,Indian Institute of Technology Mandi,Mandi,India
"Kumar, Siddhant Rishi  Kumar, Siddhant   Kumar, S. Rishi",14.0,4.0,Indian Institute of Technology Mandi,Mandi,India
"Kumari, Nisha S.  Kumari, Nisha",14.0,5.0,Indian Institute of Technology Mandi,Mandi,India
"Mahto, Lakshman  Mahto, L.",14.0,5.0,Indian Institute of Technology Mandi,Mandi,India
"Sehlangia, Suman  Sehlangia, S.",14.0,6.0,Indian Institute of Technology Mandi,Mandi,India
"Sharma, G.",14.0,5.0,Indian Institute of Technology Mandi,Mandi,India
"Swami, Deepak",14.0,6.0,Indian Institute of Technology Mandi,Mandi,India
"Chaurasiya, Rohit B.  Chaurasiya Rohit, B.   Chaurasiya, Rohit   Rohit, B. Chaurasiya   Chaurasiya, Rohit B.",13.0,6.0,Indian Institute of Technology Mandi,Mandi,India
"Choudhary, Priyanka",13.0,8.0,Indian Institute of Technology Mandi,Mandi,India
"Jha, Ranjeet Ranjhan  Jha, Ranjeet Ranjan",13.0,4.0,Indian Institute of Technology Mandi,Mandi,India
"Kaushik, Shruti",13.0,4.0,Indian Institute of Technology Mandi,Mandi,India
"Machchhar, Jinesh",13.0,4.0,Indian Institute of Technology Mandi,Mandi,India
"Mathur, Ankita  Mathur, A.",13.0,6.0,Indian Institute of Technology Mandi,Mandi,India
"Maurya, Rajiv K.  Maurya, R. K.",13.0,4.0,Indian Institute of Technology Mandi,Mandi,India
"Mishra, Pushpendra Mani  Mani Mishra, Pushpendra   Mishra, Pushpendra M.",13.0,6.0,Indian Institute of Technology Mandi,Mandi,India
"Padhi, Jyotibhusan",13.0,3.0,Indian Institute of Technology Mandi,Mandi,India
"Sihi, Antik",13.0,2.0,Indian Institute of Technology Mandi,Mandi,India
"Singh, Avantika",13.0,3.0,Indian Institute of Technology Mandi,Mandi,India
"Singh, Bhupinder P.        Singh, B. P.   Singh, Bhupinder",13.0,5.0,Indian Institute of Technology Mandi,Mandi,India
"Sood, Puneet  Sood, P.",13.0,6.0,Indian Institute of Technology Mandi,Mandi,India
"Yadav, Kavita  Yadav, K.",13.0,3.0,Indian Institute of Technology Mandi,Mandi,India
"Bhardwaj, Shiv Raj  Bhardwaj, Shivani   Bhardwaj, S. R.   Bhardwaj, Shiv R.",12.0,6.0,Indian Institute of Technology Mandi,Mandi,India
"Bhutani, Gaurav  Bhutani, G.",12.0,3.0,Indian Institute of Technology Mandi,Mandi,India
"Chhabra, Tripti",12.0,8.0,Indian Institute of Technology Mandi,Mandi,India
"Dey, Gourab",12.0,8.0,Indian Institute of Technology Mandi,Mandi,India
"Gupta, Vibha",12.0,7.0,Indian Institute of Technology Mandi,Mandi,India
"Kumar, Amit",12.0,7.0,Indian Institute of Technology Mandi,Mandi,India
"Kumar, Avinash",12.0,3.0,Indian Institute of Technology Mandi,Mandi,India
"Pandey, Abhishek",1.0,0.0,Indian Institute of Technology Mandi,Mandi,India
"Pandey, Atul",1.0,0.0,Indian Institute of Technology Mandi,Mandi,India
"Pandey, Richa",1.0,1.0,Indian Institute of Technology Mandi,Mandi,India
"Pandey, Sushant",1.0,1.0,Indian Institute of Technology Mandi,Mandi,India
"Pant, Himanshu",1.0,0.0,Indian Institute of Technology Mandi,Mandi,India
"Pant, Yogesh",1.0,1.0,Indian Institute of Technology Mandi,Mandi,India
"Parmar, Anand",1.0,1.0,Indian Institute of Technology Mandi,Mandi,India
"Parvatikar, Shreesh",1.0,0.0,Indian Institute of Technology Mandi,Mandi,India
"Patel, Ashutosh",1.0,1.0,Indian Institute of Technology Mandi,Mandi,India
"Patel, Shravan",1.0,1.0,Indian Institute of Technology Mandi,Mandi,India
"Pathak, Siddharth",1.0,0.0,Indian Institute of Technology Mandi,Mandi,India
"Patidar, Pratyusha",1.0,0.0,Indian Institute of Technology Mandi,Mandi,India
"Patil, Nitin",1.0,0.0,Indian Institute of Technology Mandi,Mandi,India
"Prabhakar, Shashank",1.0,1.0,Indian Institute of Technology Mandi,Mandi,India
"Pradeep, Chullikkattil P.",1.0,1.0,Indian Institute of Technology Mandi,Mandi,India
"Pradhan, I. P.",1.0,0.0,Indian Institute of Technology Mandi,Mandi,India
"Prajapati, Ravinder",1.0,1.0,Indian Institute of Technology Mandi,Mandi,India
"Prakash, Jai",1.0,1.0,Indian Institute of Technology Mandi,Mandi,India
"Prasad, J. Vishnu",1.0,1.0,Indian Institute of Technology Mandi,Mandi,India
"Prasad, Prabhakar",1.0,1.0,Indian Institute of Technology Mandi,Mandi,India
"Pratap Singh, Vishvendra",1.0,1.0,Indian Institute of Technology Mandi,Mandi,India
"Pratik, Prakash",1.0,1.0,Indian Institute of Technology Mandi,Mandi,India
"Priyadarshini, Arya",1.0,0.0,Indian Institute of Technology Mandi,Mandi,India
"Pulikanti, Guruprasad Reddy",1.0,1.0,Indian Institute of Technology Mandi,Mandi,India
"Purohit, Gangadhar",1.0,0.0,Indian Institute of Technology Mandi,Mandi,India
"Radhamany, Bindu",1.0,1.0,Indian Institute of Technology Mandi,Mandi,India
"Rai, Ajeet",1.0,0.0,Indian Institute of Technology Mandi,Mandi,India
"Rai, Ritu",1.0,1.0,Indian Institute of Technology Mandi,Mandi,India
"Raipurohit, B. S.",1.0,1.0,Indian Institute of Technology Mandi,Mandi,India
"Raj, Anand",1.0,1.0,Indian Institute of Technology Mandi,Mandi,India
"Rajan, Nikhil Sasi",1.0,0.0,Indian Institute of Technology Mandi,Mandi,India
Rampal,1.0,0.0,Indian Institute of Technology Mandi,Mandi,India
"Ranjan, Ashish",1.0,1.0,Indian Institute of Technology Mandi,Mandi,India
"Rao R, Bhaskara",1.0,1.0,Indian Institute of Technology Mandi,Mandi,India
"Rathaur, Shivendra K.",1.0,0.0,Indian Institute of Technology Delhi,New Delhi,India
"Raut, Rohit",1.0,1.0,Indian Institute of Technology Mandi,Mandi,India
"Ravi Kiran, Nagarjuna",1.0,1.0,Indian Institute of Technology Mandi,Mandi,India
"Rawat, Priya",1.0,1.0,Indian Institute of Technology Mandi,Mandi,India
"Reddy, Lingeshwar",1.0,1.0,Indian Institute of Technology Mandi,Mandi,India
"Reddy, Narsa",1.0,1.0,Indian Institute of Technology Mandi,Mandi,India
"Reddy, Ramakrishna",1.0,0.0,Indian Institute of Technology Mandi,Mandi,India
"Rohit, Pathak",1.0,1.0,Indian Institute of Technology Mandi,Mandi,India
"Rose, Anjali",1.0,1.0,Indian Institute of Technology Mandi,Mandi,India
"Routh, Kousik",1.0,0.0,Indian Institute of Technology Mandi,Mandi,India
"Saha, Ritwik",1.0,1.0,Indian Institute of Technology Mandi,Mandi,India
"Sahoo, Debashis",1.0,1.0,Indian Institute of Technology Mandi,Mandi,India
"Sahu, Saket",1.0,0.0,Indian Institute of Technology Mandi,Mandi,India
"Sahu, Subhanshu",1.0,0.0,Indian Institute of Technology Mandi,Mandi,India
"Saleem, Dauood",1.0,0.0,Indian Institute of Technology Mandi,Mandi,India
"Samanta, Tanmoy",1.0,0.0,Vidyasagar University,Midnapore,India
"Sandal, Ravi Kumar",1.0,1.0,Indian Institute of Technology Mandi,Mandi,India
"Sangral, R.",1.0,1.0,Indian Institute of Technology Mandi,Mandi,India
"Sanyal, Ayishe",1.0,1.0,Indian Institute of Technology Mandi,Mandi,India
"Sanyal, Kritishnu",1.0,1.0,Indian Institute of Technology Mandi,Mandi,India
"Sao, Anil K.",1.0,0.0,Indian Institute of Technology Mandi,Mandi,India
"Sarkar, Aditya",1.0,0.0,Indian Institute of Technology Mandi,Mandi,India
"Sarkhel, Sanchita",1.0,0.0,Indian Institute of Technology Mandi,Mandi,India
"Sarode, Hrushikesh Sudam",1.0,0.0,Indian Institute of Technology Mandi,Mandi,India
"Satynarayana, V. S.V.",1.0,1.0,Indian Institute of Technology Mandi,Mandi,India
"Saxena, Rishabh",1.0,0.0,Indian Institute of Technology Mandi,Mandi,India
"Saxena, Shubham",1.0,0.0,Indian Institute of Technology Mandi,Mandi,India
"Schuerings, Christian",1.0,1.0,Indian Institute of Technology Mandi,Mandi,India
"Sen, Arghya",1.0,1.0,Indian Institute of Technology Mandi,Mandi,India
"Shantanu Kapoor, Muralikrishna H.",1.0,1.0,Indian Institute of Technology Mandi,Mandi,India
"Sharma, Abhijeet",1.0,1.0,Indian Institute of Technology Mandi,Mandi,India
"Sharma, Anshu",1.0,1.0,Indian Institute of Technology Mandi,Mandi,India
"Sharma, Ashwani Kumar",1.0,0.0,Indian Institute of Technology Mandi,Mandi,India
"Sharma, Deepak",1.0,1.0,Indian Institute of Technology Mandi,Mandi,India
"Sharma, Gaurav",1.0,1.0,Indian Institute of Technology Mandi,Mandi,India
"Sharma, Gaurav",1.0,1.0,Indian Institute of Technology Mandi,Mandi,India
"Sharma, Geetanjali",1.0,1.0,Indian Institute of Technology Mandi,Mandi,India
"Sharma, Manish",1.0,0.0,Indian Institute of Technology Mandi,Mandi,India
"Sharma, Priyanka",1.0,0.0,Indian Institute of Technology Mandi,Mandi,India
"Sharma, Rishi",1.0,1.0,Indian Institute of Technology Mandi,Mandi,India
"Sharma, Sahil",1.0,1.0,Indian Institute of Technology Mandi,Mandi,India
"Sharma, Satinder K.",1.0,0.0,Indian Institute of Technology Mandi,Mandi,India
"Sharma, Shyam Kishor",1.0,1.0,Indian Institute of Technology Mandi,Mandi,India
"Sharma, Swapnil",1.0,1.0,Indian Institute of Technology Mandi,Mandi,India
"Sharma, Yamini",1.0,1.0,Indian Institute of Technology Mandi,Mandi,India
"Shegane, Meenakshi",1.0,1.0,Indian Institute of Technology Mandi,Mandi,India
"Sheron, Pankaj Kumar",1.0,1.0,Indian Institute of Technology Mandi,Mandi,India
"Show, Sumit Kumar",1.0,0.0,Indian Institute of Technology Mandi,Mandi,India
"Shukla, Pushpendra Kumar",1.0,0.0,Indian Institute of Technology Mandi,Mandi,India
"Sindhu, K.",1.0,0.0,Indian Institute of Technology Mandi,Mandi,India
"Singal, Himanshu",1.0,1.0,Indian Institute of Technology Mandi,Mandi,India
"Singh, Ashuthosh",1.0,0.0,Indian Institute of Technology Mandi,Mandi,India
"Singh, Avinash",1.0,0.0,Indian Institute of Technology Mandi,Mandi,India
"Singh, Bhanu",1.0,0.0,Indian Institute of Technology Mandi,Mandi,India
"Singh, Bharat",1.0,1.0,Indian Institute of Technology Mandi,Mandi,India
"Singh, Dipendra Pratap",1.0,1.0,Indian Institute of Technology Mandi,Mandi,India
"Singh, Jaydeep",1.0,0.0,Indian Institute of Technology Mandi,Mandi,India
"Singh, Kishore K.",1.0,0.0,Indian Institute of Technology Mandi,Mandi,India
"Singh, Kunwar Pratap",1.0,1.0,Indian Institute of Technology Mandi,Mandi,India
"Singh, Lokendra",1.0,1.0,Indian Institute of Technology Mandi,Mandi,India
"Singh, Manmohan",1.0,1.0,Indian Institute of Technology Mandi,Mandi,India
"Singh, Mohana",1.0,1.0,Indian Institute of Technology Mandi,Mandi,India
"Singh, Neeraj Kr",1.0,0.0,Indian Institute of Technology Mandi,Mandi,India
"Singh, O. P.",1.0,0.0,Indian Institute of Technology Mandi,Mandi,India
"Singh, Pankaj Kumar",1.0,1.0,Indian Institute of Technology Mandi,Mandi,India
"Singh, Paramjit",1.0,1.0,Indian Institute of Technology Mandi,Mandi,India
"Singh, Pranav Kumar",1.0,0.0,Indian Institute of Technology Mandi,Mandi,India
"Singh, Puran",1.0,0.0,Indian Institute of Technology Mandi,Mandi,India
"Singh, Pushap Deep",1.0,1.0,Indian Institute of Technology Mandi,Mandi,India
"Singh, Saumya",1.0,1.0,Indian Institute of Technology Mandi,Mandi,India
"Singh, Suraj",1.0,0.0,Indian Institute of Technology Mandi,Mandi,India
"Singhal, Rushil",1.0,1.0,Indian Institute of Technology Mandi,Mandi,India
"Singhal, Tanisha",1.0,1.0,Indian Institute of Technology Mandi,Mandi,India
"Sinha, Ranjini",1.0,0.0,Indian Institute of Technology Mandi,Mandi,India
"Sinha Ray, Suryani",1.0,0.0,Indian Institute of Technology Mandi,Mandi,India
"Sonawane, Chandrakant",1.0,1.0,Indian Institute of Technology Mandi,Mandi,India
"Sonker, Prateek Kumar",1.0,0.0,Indian Institute of Technology Mandi,Mandi,India
"Srinivas, Vaddepally",1.0,1.0,Indian Institute of Technology Mandi,Mandi,India
"Srinivasan, Srija",1.0,1.0,Indian Institute of Technology Mandi,Mandi,India
"Srivastava, Pavitra",1.0,0.0,Indian Institute of Technology Mandi,Mandi,India
"Subramaniam, A. Mona",1.0,1.0,Indian Institute of Technology Mandi,Mandi,India
"Subramaniam A, Mona",1.0,1.0,Indian Institute of Technology Mandi,Mandi,India
"Sudhan Rao, Ravada Madhu",1.0,1.0,Indian Institute of Technology Mandi,Mandi,India
Sujata,1.0,0.0,Indian Institute of Technology Mandi,Mandi,India
"Sulthan, Muneeb",1.0,1.0,Indian Institute of Technology Mandi,Mandi,India
"Suman, Sehlangia",1.0,1.0,Indian Institute of Technology Mandi,Mandi,India
"Suman, undefined  Suman",1.0,1.0,Indian Institute of Technology Mandi,Mandi,India
"Swain, Tushar Kant",1.0,1.0,Indian Institute of Technology Mandi,Mandi,India
"Tandon, Ankit",1.0,1.0,Indian Institute of Technology Kanpur,Kanpur,India
"Tandon, Kshitij",1.0,0.0,Indian Institute of Technology Mandi,Mandi,India
"Tayade, Apakrita",1.0,1.0,Indian Institute of Technology Mandi,Mandi,India
"Tejan, Kumar V.",1.0,0.0,Indian Institute of Technology Mandi,Mandi,India
"Telgote, Shubham Sanjay",1.0,1.0,Indian Institute of Technology Mandi,Mandi,India
"Thakur, Aman",1.0,1.0,Indian Institute of Technology Mandi,Mandi,India
"Thakur, Chandni",1.0,0.0,Indian Institute of Technology Mandi,Mandi,India
"Thakur, Hemant",1.0,0.0,Indian Institute of Technology Mandi,Mandi,India
"Thakur, Rishi Kant",1.0,0.0,Indian Institute of Technology Mandi,Mandi,India
"Thakur, Satyam Singh",1.0,1.0,Indian Institute of Technology Mandi,Mandi,India
"Thakur, Vikram",1.0,0.0,Indian Institute of Technology Mandi,Mandi,India
"Tiwari, Anil",1.0,0.0,Indian Institute of Technology Mandi,Mandi,India
"Tiwari, Priyanka",1.0,0.0,Indian Institute of Technology Mandi,Mandi,India
"Tiwari, Shalini",1.0,1.0,Indian Institute of Technology Mandi,Mandi,India
"Tiwari, Vijay",1.0,1.0,Indian Institute of Technology Mandi,Mandi,India
"Tiwary, Hrishikesh",1.0,0.0,Indian Institute of Technology Mandi,Mandi,India
"Tomar, Anju",1.0,1.0,Indian Institute of Technology Mandi,Mandi,India
"Tomar, Gagandeep",1.0,1.0,Indian Institute of Technology Mandi,Mandi,India
"Tripathi, Abhishek",1.0,0.0,Indian Institute of Technology Mandi,Mandi,India
"Trivedi, Rishabh",1.0,0.0,Indian Institute of Technology Mandi,Mandi,India
"Uniyal, Prakhar",1.0,1.0,Indian Institute of Technology Mandi,Mandi,India
"Upadhyay, Bhuvan",1.0,1.0,Indian Institute of Technology Mandi,Mandi,India
"Vadluri, Vivek",1.0,1.0,Indian Institute of Technology Mandi,Mandi,India
"Varma, Vicky",1.0,1.0,Indian Institute of Technology Mandi,Mandi,India
"Varma K, Gautham",1.0,0.0,Indian Institute of Technology Mandi,Mandi,India
"Vashistha, Mayank",1.0,0.0,Indian Institute of Technology Mandi,Mandi,India
"Verma, Tushar",1.0,1.0,Indian Institute of Technology Mandi,Mandi,India
"Virendrasingh, Suryavanshi",1.0,1.0,Indian Institute of Technology Mandi,Mandi,India
"Walia, Rajat",1.0,1.0,Indian Institute of Technology Mandi,Mandi,India
"Walia, Sidharth",1.0,1.0,Indian Institute of Technology Mandi,Mandi,India
"Wang, Zam",1.0,1.0,Indian Institute of Technology Mandi,Mandi,India
"Yadav, Rameshwar Pratap",1.0,1.0,Indian Institute of Technology Mandi,Mandi,India
"Yadav, Sandeep",1.0,0.0,Indian Institute of Technology Mandi,Mandi,India
"Yadav, Vineet",1.0,0.0,Indian Institute of Technology Mandi,Mandi,India
"Yadav, Varnika",2.0,2.0,Indian Institute of Technology Mandi,Mandi,India
"A, Mona Subramaniam",1.0,1.0,Indian Institute of Technology Mandi,Mandi,India
"Agarwal, Ankit",1.0,1.0,Indian Institute of Technology Mandi,Mandi,India
"Agarwal, Khyati",1.0,1.0,Indian Institute of Technology Mandi,Mandi,India
"Agarwal, Vaibhav",1.0,1.0,Indian Institute of Technology Mandi,Mandi,India
"Ahmad, Azaz",1.0,1.0,Indian Institute of Technology Mandi,Mandi,India
"Ahmed, Sheikh M.",1.0,1.0,Indian Institute of Technology Mandi,Mandi,India
"Alam, Mir Khursheed",1.0,1.0,Indian Institute of Technology Mandi,Mandi,India
"Anand, Abhishek",1.0,1.0,Indian Institute of Technology Mandi,Mandi,India
"Anil Kishan, P.",1.0,1.0,Indian Institute of Technology Mandi,Mandi,India
"Anjali, Tricha",1.0,1.0,Indian Institute of Technology Mandi,Mandi,India
Ankita Sarkar,1.0,1.0,Indian Institute of Technology Mandi,Mandi,India
Arpan Gupta,1.0,0.0,Indian Institute of Technology Mandi,Mandi,India
"Arya, Ashish Kumar  Arya, Ashish",1.0,1.0,Indian Institute of Technology Mandi,Mandi,India
"Ashraf, Mohammad",1.0,1.0,Indian Institute of Technology Mandi,Mandi,India
Ashwani,1.0,0.0,Indian Institute of Technology Mandi,Mandi,India
"Attri, Shubham Dutt",1.0,1.0,Indian Institute of Technology Mandi,Mandi,India
"Bandyopadhyay, Nupur",1.0,0.0,Indian Institute of Technology Mandi,Mandi,India
"Bansal, Pooja",1.0,1.0,Indian Institute of Technology Mandi,Mandi,India
"Bansal, Saurabh",1.0,0.0,Indian Institute of Technology Mandi,Mandi,India
"Bapat, Shreyas",1.0,1.0,Indian Institute of Technology Mandi,Mandi,India
"Barahpuriya, Srishti",1.0,0.0,Indian Institute of Technology Mandi,Mandi,India
"Bhandari, Naresh Singh",1.0,1.0,Indian Institute of Technology Mandi,Mandi,India
"Bhandari, Sahil",1.0,1.0,Indian Institute of Technology Mandi,Mandi,India
"Bharadwaj, Arpit",1.0,1.0,Indian Institute of Technology Mandi,Mandi,India
"Bharadwaj, Taniya",1.0,1.0,Indian Institute of Technology Mandi,Mandi,India
"Bhardwaj, Abhishek",1.0,0.0,Indian Institute of Technology Mandi,Mandi,India
"Bhardwaj, Suryakant",1.0,0.0,Indian Institute of Technology Mandi,Mandi,India
"Bhatia, Apoorva",1.0,1.0,Indian Institute of Technology Mandi,Mandi,India
"Bhatia, Prachi",1.0,1.0,Indian Institute of Technology Mandi,Mandi,India
"Bhatt, Bhavya",1.0,1.0,Indian Institute of Technology Mandi,Mandi,India
"Bisht, Deepali",1.0,0.0,Indian Institute of Technology Mandi,Mandi,India
"Bisht, Vikram",1.0,1.0,Indian Institute of Technology Mandi,Mandi,India
"Biswas, Mrinmoy",1.0,1.0,Indian Institute of Technology Mandi,Mandi,India
"Chamoli, Nidhi",1.0,1.0,Indian Institute of Technology Mandi,Mandi,India
"Chamoli, Somesh",1.0,1.0,Indian Institute of Technology Mandi,Mandi,India
"Chandra Mondal, Iswar",1.0,0.0,Indian Institute of Technology Mandi,Mandi,India
"Chaudhary, Naman",1.0,1.0,Indian Institute of Technology Mandi,Mandi,India
"Chauhan, Ashutosh",1.0,1.0,Indian Institute of Technology Mandi,Mandi,India
Chethana,1.0,1.0,Indian Institute of Technology Mandi,Mandi,India
Chethana Rao,1.0,1.0,Indian Institute of Technology Mandi,Mandi,India
"Chitineni, Khyathi",1.0,1.0,Indian Institute of Technology Mandi,Mandi,India
"Choudhary, Gitanshu",1.0,0.0,Indian Institute of Technology Mandi,Mandi,India
"Chouhan, Rohit",1.0,1.0,Indian Institute of Technology Mandi,Mandi,India
"Chowdury, Shubhajit Roy",1.0,1.0,Indian Institute of Technology Mandi,Mandi,India
"Daniel, Vineeth P.",1.0,1.0,Indian Institute of Technology Mandi,Mandi,India
"Debnath, Debarshi",1.0,1.0,Indian Institute of Technology Mandi,Mandi,India
"Deshinge, Akshay",1.0,1.0,Indian Institute of Technology Mandi,Mandi,India
"Devi, Mamta",1.0,1.0,Indian Institute of Technology Mandi,Mandi,India
"Dey, Kashmira",1.0,0.0,Indian Institute of Technology Mandi,Mandi,India
"Dhar, Atul",1.0,0.0,Indian Institute of Technology Mandi,Mandi,India
"Dhar, Narendra Kumar",1.0,0.0,Indian Institute of Technology Mandi,Mandi,India
"Dhiman, Ankita",1.0,1.0,Indian Institute of Technology Mandi,Mandi,India
"Dhuper, Karan",1.0,1.0,Indian Institute of Technology Mandi,Mandi,India
"Dhyani, Abhishek",1.0,0.0,Indian Institute of Technology Mandi,Mandi,India
"Dohling, Honourius Mebansharai",1.0,0.0,Indian Institute of Technology Mandi,Mandi,India
"Drews, Janina",1.0,1.0,Indian Institute of Technology Mandi,Mandi,India
"Dutta, Swarnab",1.0,1.0,Indian Institute of Technology Mandi,Mandi,India
"Dwivedi, Prachi",1.0,1.0,Indian Institute of Technology Mandi,Mandi,India
"Dwivedi, Shubhangi",1.0,1.0,Indian Institute of Technology Mandi,Mandi,India
"Gadge, Karun",1.0,0.0,Indian Institute of Technology Mandi,Mandi,India
"Gangwal, Ankur",1.0,0.0,Indian Institute of Technology Mandi,Mandi,India
"Garg, Akriti",1.0,1.0,Indian Institute of Technology Mandi,Mandi,India
"Garg, Ankur",1.0,0.0,Indian Institute of Technology Mandi,Mandi,India
"Garg, Megha",1.0,0.0,Indian Institute of Technology Mandi,Mandi,India
"Garg, Pinanshu",1.0,0.0,Indian Institute of Technology Mandi,Mandi,India
"Garg, Richa",1.0,0.0,Indian Institute of Technology Mandi,Mandi,India
"Garg, Shweta",1.0,1.0,Indian Institute of Technology Mandi,Mandi,India
"Gaur, Akshay",1.0,0.0,Indian Institute of Technology Mandi,Mandi,India
"Gautam, Aksh",1.0,1.0,Indian Institute of Technology Mandi,Mandi,India
"Gautham Varma, K.  Varma, Gautham K.",1.0,1.0,Indian Institute of Technology Mandi,Mandi,India
"Ghosh, Ritwik",1.0,1.0,Indian Institute of Technology Mandi,Mandi,India
"Ghosh, Soma",1.0,1.0,Indian Institute of Technology Mandi,Mandi,India
"Ghosh, Sucheta",1.0,1.0,Indian Institute of Technology Mandi,Mandi,India
"Ghosh, Sweta Karmakar",1.0,0.0,Indian Institute of Technology Mandi,Mandi,India
"Ghulam Moinuddin, Mohamad",1.0,1.0,Indian Institute of Technology Mandi,Mandi,India
"Giri, Rajanish",1.0,0.0,Indian Institute of Technology Mandi,Mandi,India
"Goel, Vishal",1.0,1.0,Indian Institute of Technology Mandi,Mandi,India
"Gonslaves, Kenneth E.",1.0,1.0,Indian Institute of Technology Mandi,Mandi,India
"Goyal, Piyush",1.0,1.0,Indian Institute of Technology Mandi,Mandi,India
"Grover, Antra",1.0,1.0,Indian Institute of Technology Mandi,Mandi,India
"Gupta, Hritik",1.0,1.0,Indian Institute of Technology Mandi,Mandi,India
"Gupta, Mayank",1.0,1.0,Indian Institute of Technology Mandi,Mandi,India
"Gupta, Suramya",1.0,0.0,Indian Institute of Technology Mandi,Mandi,India
"H．, Muralikrishna",1.0,0.0,Indian Institute of Technology Mandi,Mandi,India
"Haty, Amarjit",1.0,0.0,Indian Institute of Technology Mandi,Mandi,India
"Himanshi, Birender Singh",1.0,0.0,Indian Institute of Technology Mandi,Mandi,India
"Hosea, Nishita M.",1.0,0.0,Indian Institute of Technology Mandi,Mandi,India
"Jafar, Syed",1.0,0.0,Indian Institute of Technology Mandi,Mandi,India
"Jain, Anuksha",1.0,1.0,Indian Institute of Technology Mandi,Mandi,India
"Jain, Pranjal",1.0,1.0,Indian Institute of Technology Mandi,Mandi,India
"Jain, Pratik",1.0,0.0,Indian Institute of Technology Mandi,Mandi,India
"Jain, Samriddhi",1.0,1.0,Indian Institute of Technology Mandi,Mandi,India
"Jain, Sanjhal",1.0,1.0,Indian Institute of Technology Mandi,Mandi,India
"Jain, Varsha",1.0,1.0,Indian Institute of Technology Mandi,Mandi,India
"Jana, Ayan Kr",1.0,1.0,Indian Institute of Technology Mandi,Mandi,India
"Jangid, Kirti",1.0,1.0,Indian Institute of Technology Mandi,Mandi,India
"Jha, Isha",1.0,0.0,Indian Institute of Technology Mandi,Mandi,India
"Jha, Pranav Kumar",1.0,0.0,Indian Institute of Technology Mandi,Mandi,India
"Jha, Raj Krishna",1.0,1.0,Indian Institute of Technology Mandi,Mandi,India
"Joshi, Kunal",1.0,1.0,Indian Institute of Technology Mandi,Mandi,India
Jyoti,1.0,1.0,Indian Institute of Technology Mandi,Mandi,India
"Kadian, Khushboo",1.0,0.0,Indian Institute of Technology Mandi,Mandi,India
"Kalita, Nilotpal",1.0,0.0,Indian Institute of Technology Mandi,Mandi,India
"Kalyadan, Sindhu",1.0,1.0,Indian Institute of Technology Mandi,Mandi,India
"Kamatam, Lingarao V.K.",1.0,1.0,Indian Institute of Technology Mandi,Mandi,India
"Kanaparthi, Basava Raju",1.0,0.0,Indian Institute of Technology Mandi,Mandi,India
"Kanti Nandi, Chayan",1.0,0.0,Indian Institute of Technology Mandi,Mandi,India
"Kapoor, Ekansh",1.0,0.0,Indian Institute of Technology Mandi,Mandi,India
"Kapoor, Shashwat",1.0,0.0,Indian Institute of Technology Mandi,Mandi,India
"Kapoor, Sunil",1.0,1.0,Indian Institute of Technology Mandi,Mandi,India
"Karanath, Ahmed",1.0,1.0,Indian Institute of Technology Mandi,Mandi,India
"Karwal, Om",1.0,1.0,Indian Institute of Technology Mandi,Mandi,India
"Kashyap, Saniya",1.0,1.0,Indian Institute of Technology Mandi,Mandi,India
"Kataria, Ankur",1.0,1.0,LoyalWays Inc.,Mandi,India
"Kataria, Shivangi",1.0,1.0,Indian Institute of Technology Mandi,Mandi,India
"Kaundal, Shailza",1.0,0.0,Indian Institute of Technology Mandi,Mandi,India
"Kaur, Amanjot",1.0,1.0,Indian Institute of Technology Mandi,Mandi,India
"Kaur, Anupreet",1.0,1.0,Indian Institute of Technology Mandi,Mandi,India
"Kaushal, Kulendra Kumar",1.0,1.0,Indian Institute of Technology Mandi,Mandi,India
"Kawade, Sayali",1.0,1.0,Indian Institute of Technology Mandi,Mandi,India
"Kc, Niraj",1.0,0.0,Indian Institute of Technology Mandi,Mandi,India
"Kesri, Jyoti",1.0,0.0,Indian Institute of Technology Mandi,Mandi,India
"Khushwaha, Himmat Singh",1.0,1.0,Indian Institute of Technology Mandi,Mandi,India
"Kishan, Anil",1.0,1.0,Indian Institute of Technology Mandi,Mandi,India
"Krishna, Sai",1.0,1.0,Indian Institute of Technology Mandi,Mandi,India
"Krishna Kapuganti, Shivani",1.0,1.0,Indian Institute of Technology Mandi,Mandi,India
"Krishnakanth, Sada",1.0,1.0,Indian Institute of Technology Mandi,Mandi,India
"Krishnan, Shri Hari",1.0,0.0,Indian Institute of Technology Mandi,Mandi,India
"Kulariya, Mahipal",1.0,0.0,Indian Institute of Technology Mandi,Mandi,India
"Kumar, Ajay",1.0,1.0,Indian Institute of Technology Mandi,Mandi,India
"Kumar, Ajith",1.0,1.0,Indian Institute of Technology Mandi,Mandi,India
"Kumar, Akash",1.0,0.0,Indian Institute of Technology Mandi,Mandi,India
"Kumar, Akash",1.0,1.0,Indian Institute of Technology Mandi,Mandi,India
"Kumar, Anabathula Manoj",1.0,1.0,Indian Institute of Technology Mandi,Mandi,India
"Kumar, Arun",1.0,1.0,Indian Institute of Technology Mandi,Mandi,India
"Kumar, Ashutosh",1.0,0.0,Indian Institute of Technology Mandi,Mandi,India
"Kumar, Diwakar",1.0,1.0,Indian Institute of Technology Mandi,Mandi,India
"Kumar, M. E.Vijay  Kumar, Mahesh",1.0,0.0,Indian Institute of Technology Mandi,Mandi,India
"Kumar, Manoj",1.0,1.0,Indian Institute of Technology Mandi,Mandi,India
"Kumar, Rakesh",1.0,1.0,Indian Institute of Technology Mandi,Mandi,India
"Kumar, Ravinder",1.0,0.0,Indian Institute of Technology Mandi,Mandi,India
"Kumar, Shiv",1.0,0.0,Indian Institute of Technology Mandi,Mandi,India
"Kumar, Sujeet",1.0,1.0,Indian Institute of Technology Mandi,Mandi,India
"Kumar, Vikas",1.0,0.0,Indian Institute of Technology Mandi,Mandi,India
"Kumar Sharma, Satinder",1.0,0.0,Indian Institute of Technology Mandi,Mandi,India
"Kumari, Anita",1.0,0.0,Indian Institute of Technology Mandi,Mandi,India
"Kumari, Anu",1.0,1.0,Indian Institute of Technology Mandi,Mandi,India
"Kumari, Bandna",1.0,1.0,Indian Institute of Technology Mandi,Mandi,India
"Kumari, Priti",1.0,1.0,Indian Institute of Technology Mandi,Mandi,India
"Kumari, Shobha",1.0,1.0,Indian Institute of Technology Mandi,Mandi,India
"Kunmar, Pawan",1.0,0.0,Indian Institute of Technology Mandi,Mandi,India
"Lunawat, Tejas",1.0,0.0,Indian Institute of Technology Mandi,Mandi,India
"Mahesh Reddy, G.",1.0,1.0,Indian Institute of Technology Mandi,Mandi,India
"Mahrifa, Kansul",1.0,1.0,Indian Institute of Technology Mandi,Mandi,India
"Majithia, Palak",1.0,0.0,Indian Institute of Technology Mandi,Mandi,India
"Makhijani, Nidhi",1.0,1.0,Indian Institute of Technology Mandi,Mandi,India
"Malhotra, Aarjav",1.0,1.0,Indian Institute of Technology Mandi,Mandi,India
"Malik, Mayand",1.0,0.0,Indian Institute of Technology Mandi,Mandi,India
"Mallik, Kaustubh",1.0,1.0,Indian Institute of Technology Mandi,Mandi,India
"Mandal, Pawan Kumar",1.0,0.0,Indian Institute of Technology Mandi,Mandi,India
"Mangal, Manjush",1.0,0.0,Indian Institute of Technology Mandi,Mandi,India
"Mani Mishra, Pushpendra",1.0,0.0,Indian Institute of Technology Mandi,Mandi,India
"Matharoo, Navneet",1.0,1.0,Indian Institute of Technology Mandi,Mandi,India
"Mathew, Akshay",1.0,0.0,Indian Institute of Technology Mandi,Mandi,India
"Maurya, Aakash",1.0,1.0,Indian Institute of Technology Mandi,Mandi,India
"Meena, Gaurav",1.0,0.0,Indian Institute of Technology Mandi,Mandi,India
"Mehta, Pooja",1.0,1.0,Indian Institute of Technology Mandi,Mandi,India
"Mishra, Aayush",1.0,1.0,Indian Institute of Technology Mandi,Mandi,India
"Mishra, Ayushi",1.0,1.0,Indian Institute of Technology Mandi,Mandi,India
"Mishra, Kishan",1.0,1.0,Indian Institute of Technology Mandi,Mandi,India
"Mishra, Madhuresh",1.0,1.0,Indian Institute of Technology Mandi,Mandi,India
"Mishra, Shivam Kumar",1.0,0.0,Indian Institute of Technology Mandi,Mandi,India
"Mohd, Fahed",1.0,1.0,Indian Institute of Technology Mandi,Mandi,India
"Moid, Anzer",1.0,1.0,Indian Institute of Technology Mandi,Mandi,India
"Mona, Subramaniam A.",1.0,0.0,Indian Institute of Technology Mandi,Mandi,India
"Mondal, Anupam",1.0,1.0,Indian Institute of Technology Mandi,Mandi,India
"Mondal, Iswar Chandra",1.0,0.0,Indian Institute of Technology Mandi,Mandi,India
"Mondal, Rahul Kumar",1.0,0.0,Indian Institute of Technology Mandi,Mandi,India
"Monisha, P. V.",1.0,1.0,Indian Institute of Technology Mandi,Mandi,India
"Moutam, Vedasree",1.0,1.0,Indian Institute of Technology Mandi,Mandi,India
"Mujavar, Rasul",1.0,1.0,Indian Institute of Technology Mandi,Mandi,India
"Mukhopadhyay, Antara",1.0,1.0,Indian Institute of Technology Mandi,Mandi,India
"Mukker, Paawan",1.0,1.0,Indian Institute of Technology Mandi,Mandi,India
"Muthiah, Giredhar",1.0,0.0,Indian Institute of Technology Mandi,Mandi,India
"Nagaraju, Nakka",1.0,0.0,Indian Institute of Technology Mandi,Mandi,India
"Naik B, Raju  Naik B., Raju",1.0,1.0,Indian Institute of Technology Mandi,Mandi,India
"Naiyyalga, Geethesh",1.0,0.0,Indian Institute of Technology Mandi,Mandi,India
"Nandi, Bodhayan",1.0,1.0,Indian Institute of Technology Mandi,Mandi,India
"Nanta, Bharti",1.0,0.0,Indian Institute of Technology Mandi,Mandi,India
"Narechania, Arpit",1.0,0.0,Indian Institute of Technology Mandi,Mandi,India
"Nayak, Amit Kumar",1.0,1.0,Indian Institute of Technology Mandi,Mandi,India
"Negi, Priyanka",1.0,1.0,Indian Institute of Technology Mandi,Mandi,India
"Nikhil Mathew, M.",1.0,1.0,Indian Institute of Technology Mandi,Mandi,India
"Nisha, Kumari",1.0,0.0,Indian Institute of Technology Mandi,Mandi,India
Nivedita,1.0,1.0,Indian Institute of Technology Mandi,Mandi,India
"Orugnti, Ramesh",1.0,1.0,Indian Institute of Technology Mandi,Mandi,India
"P, Anil Kishan",1.0,1.0,Indian Institute of Technology Mandi,Mandi,India
"Packiaraj, Muneeswaran",1.0,0.0,Indian Institute of Technology Mandi,Mandi,India
"Padhi, Jyoti B.",1.0,1.0,Indian Institute of Technology Mandi,Mandi,India
"Kumar, Tarun K.Vinod  Kumar, T. K.Vinod   Kumar, Tarun",12.0,5.0,Indian Institute of Technology Mandi,Mandi,India
"Lal, Surender  Lal, S.",12.0,4.0,Indian Institute of Technology Mandi,Mandi,India
"Pawar, Amit B.",12.0,10.0,Indian Institute of Technology Mandi,Mandi,India
"Ray, Rajeev",12.0,4.0,Indian Institute of Technology Mandi,Mandi,India
"Sharma, Lalita",12.0,6.0,Indian Institute of Technology Mandi,Mandi,India
"Sharma, Nitin  Sharma, N.",12.0,7.0,Indian Institute of Technology Mandi,Mandi,India
"Singh, Davinder",12.0,4.0,Indian Institute of Technology Mandi,Mandi,India
"Singha, Amit Kumar  Singha, A. K.",12.0,4.0,Indian Institute of Technology Mandi,Mandi,India
"Avasthi, Piyush Kumar  Avasthi, Piyush",11.0,6.0,Indian Institute of Technology Mandi,Mandi,India
"Bansal, Ankit  Bansal, A.",11.0,7.0,Indian Institute of Technology Mandi,Mandi,India
"Bhardwaj, Ajay",11.0,6.0,Indian Institute of Technology Mandi,Mandi,India
"Choudhury, Abhinav",11.0,4.0,Indian Institute of Technology Mandi,Mandi,India
"Dixit, Saumya",11.0,7.0,Indian Institute of Technology Mandi,Mandi,India
"Fuhrer, Erwin  Fuhrer, E.",11.0,5.0,Indian Institute of Technology Mandi,Mandi,India
"Jayapaul, Varunkumar  Jayapaul, Varukumar",11.0,2.0,Indian Institute of Technology Mandi,Mandi,India
"Mali, Naresh  Naresh, M.",11.0,3.0,Indian Institute of Technology Mandi,Mandi,India
"Sahani, Manoj Kumar  Sahani, Manoj   Sahani, M. K.   Sahani, Manoj K.",11.0,6.0,Indian Institute of Technology Mandi,Mandi,India
"Sangar, Shivendra  Sangar, S.",11.0,5.0,Indian Institute of Technology Mandi,Mandi,India
"Sharma, Priyamedha",11.0,2.0,Indian Institute of Technology Mandi,Mandi,India
"Shastri, Shivprasad S.",11.0,5.0,Indian Institute of Technology Mandi,Mandi,India
"Singh, Karan",11.0,2.0,Indian Institute of Technology Mandi,Mandi,India
"Singh, Vyoma",11.0,3.0,Indian Institute of Technology Mandi,Mandi,India
"Singh Rajpurohit, Bharat  Rajpourhit, B. S.",11.0,4.0,Indian Institute of Technology Mandi,Mandi,India
"Singla, Yash Paul  Singla, Y. P.   Singla, Yashpal   Singla, Yashpaul   Singla, Yash",11.0,7.0,Indian Institute of Technology Mandi,Mandi,India
"Gade, Maheshreddy",10.0,4.0,Indian Institute of Technology Mandi,Mandi,India
"Gulia, Preeti  Gulia, P.",10.0,4.0,Indian Institute of Technology Mandi,Mandi,India
"Kaur, Rimanpreet",10.0,3.0,Indian Institute of Technology Mandi,Mandi,India
"Lal, Sohan",10.0,4.0,Indian Institute of Technology Mandi,Mandi,India
"Mondal, Arnab Kumar  Mondal, Arnab   Mondal, Asit Kumar",10.0,6.0,Indian Institute of Technology Mandi,Mandi,India
"Rao, Akash K.  Rao, Akash",10.0,2.0,Indian Institute of Technology Mandi,Mandi,India
"Singh, Prem",10.0,5.0,Indian Institute of Technology Mandi,Mandi,India
"Sk, Shamim",10.0,2.0,Indian Institute of Technology Mandi,Mandi,India
Anchala,9.0,4.0,Indian Institute of Technology Mandi,Mandi,India
"Anjum, Farhan",9.0,3.0,Indian Institute of Technology Mandi,Mandi,India
"Arora, Ravindra  Arora, R.",9.0,4.0,Indian Institute of Technology Mandi,Mandi,India
"Choubey, Abhinav",9.0,5.0,Indian Institute of Technology Mandi,Mandi,India
"Dhama, Soniya",9.0,3.0,Indian Institute of Technology Mandi,Mandi,India
"Karmakar, Saptarshi  Karmakar, S.",9.0,2.0,Indian Institute of Technology Mandi,Mandi,India
"Keshri, Anand Kumar  Keshri, Anand K.",9.0,1.0,Indian Institute of Technology Mandi,Mandi,India
"Kumar, Atendra",9.0,3.0,Indian Institute of Technology Mandi,Mandi,India
"Kumar, Vivek  Kumar, V.",9.0,3.0,Indian Institute of Technology Mandi,Mandi,India
"Lingwan, Maneesh",9.0,4.0,Indian Institute of Technology Mandi,Mandi,India
"Maqbool, Zahid",9.0,3.0,Indian Institute of Technology Mandi,Mandi,India
"Mushtaq, Aamir",9.0,7.0,Indian Institute of Technology Mandi,Mandi,India
"Nayak, Namyashree",9.0,3.0,Indian Institute of Technology Mandi,Mandi,India
"Panda, Deepsikha  Panda, D.",9.0,2.0,Indian Institute of Technology Mandi,Mandi,India
"Rawat, Suraj Singh  Rawat, Suraj S.",9.0,2.0,Indian Institute of Technology Mandi,Mandi,India
"Sagara, Prateep Singh  Sagara, P. S.",9.0,5.0,Indian Institute of Technology Mandi,Mandi,India
"Saini, Prashant",9.0,4.0,Indian Institute of Technology Mandi,Mandi,India
"Sharma, Shivani",9.0,5.0,Indian Institute of Technology Mandi,Mandi,India
"Singh, Diwakar",9.0,2.0,Indian Institute of Technology Mandi,Mandi,India
"Thakur, Deepa",9.0,4.0,Indian Institute of Technology Mandi,Mandi,India
"Tiwari, Ashish",9.0,6.0,Indian Institute of Technology Mandi,Mandi,India
"Tripathi, Gaurav",9.0,6.0,Indian Institute of Technology Mandi,Mandi,India
"Vats, Tripti  Vats, T.",9.0,5.0,Indian Institute of Technology Mandi,Mandi,India
"Verma, Divya",9.0,2.0,Indian Institute of Technology Mandi,Mandi,India
"Aswal, Neha",8.0,2.0,Indian Institute of Technology Mandi,Mandi,India
"Chanakya, Ganaparthi  Chanakya, G.",8.0,2.0,Indian Institute of Technology Mandi,Mandi,India
"Devi, Bandhana",8.0,5.0,Indian Institute of Technology Mandi,Mandi,India
"Dutt, Varun",8.0,4.0,Indian Institute of Technology Mandi,Mandi,India
"Dutta, Paromita",8.0,4.0,Indian Institute of Technology Mandi,Mandi,India
"Gambhir, Diksha",8.0,4.0,Indian Institute of Technology Mandi,Mandi,India
"Girdhar, Khyati",8.0,5.0,Indian Institute of Technology Mandi,Mandi,India
"Jayalakshmi, S.",8.0,4.0,Indian Institute of Technology Mandi,Mandi,India
"Johnson, Joe",8.0,4.0,Indian Institute of Technology Mandi,Mandi,India
"Kumar, Manish",8.0,3.0,Indian Institute of Technology Mandi,Mandi,India
"Mobeen, Fauzul",8.0,4.0,Indian Institute of Technology Mandi,Mandi,India
"Mona Subramaniam, A.  Subramaniam, Mona A.",8.0,2.0,Indian Institute of Technology Mandi,Mandi,India
"Ravada, Bhaskara Rao  Ravada, Bhaskara   Bhaskara Rao, R.",8.0,3.0,Indian Institute of Technology Mandi,Mandi,India
"Sharma, Manisha",8.0,4.0,Indian Institute of Technology Mandi,Mandi,India
Sheetal,8.0,2.0,Indian Institute of Technology Mandi,Mandi,India
"Shukla, Samir",8.0,2.0,Indian Institute of Technology Mandi,Mandi,India
"Singh, Shweta",8.0,4.0,Indian Institute of Technology Mandi,Mandi,India
"Unde, Amit Satish",8.0,4.0,Indian Institute of Technology Mandi,Mandi,India
"Vaish, Manish",8.0,6.0,Indian Institute of Technology Mandi,Mandi,India
"Ahamed, Imran",7.0,3.0,Indian Institute of Technology Mandi,Mandi,India
"Biswas, Bidisha",7.0,2.0,Indian Institute of Technology Mandi,Mandi,India
"Dogra, Rahul",7.0,3.0,Indian Institute of Technology Mandi,Mandi,India
"Dogra, Surbhi",7.0,4.0,Indian Institute of Technology Mandi,Mandi,India
"Grewal, Gurinderbir Singh  Grewal, G. S.",7.0,2.0,Indian Institute of Technology Mandi,Mandi,India
"Jalota, Hemant",7.0,4.0,Indian Institute of Technology Mandi,Mandi,India
"Kapuganti, Shivani Krishna  Kapuganti, Shivani K.",7.0,4.0,Indian Institute of Technology Mandi,Mandi,India
"Kar, Aranya",7.0,4.0,Indian Institute of Technology Mandi,Mandi,India
"Kasturi, Prasad",7.0,7.0,Indian Institute of Technology Mandi,Mandi,India
"Kaushik, Kush",7.0,2.0,Indian Institute of Technology Mandi,Mandi,India
"Kaushik, Ravinder  Kaushik, R.",7.0,5.0,Indian Institute of Technology Mandi,Mandi,India
"Kumar, Satish",7.0,3.0,Indian Institute of Technology Mandi,Mandi,India
"Mohan, Nishith",7.0,3.0,Indian Institute of Technology Mandi,Mandi,India
"Nigam, Jyoti",7.0,2.0,Indian Institute of Technology Mandi,Mandi,India
"Pandey, Kumar Sambhav  Pandey, Kumar S.",7.0,2.0,Indian Institute of Technology Mandi,Mandi,India
"Pathania, Ankush",7.0,3.0,Indian Institute of Technology Mandi,Mandi,India
"Pramanick, Bulti",7.0,3.0,Indian Institute of Technology Mandi,Mandi,India
"Pundhir, Nayan",7.0,4.0,Indian Institute of Technology Mandi,Mandi,India
"Rani, M.  Rani, Manjeet   Rani, M.",7.0,4.0,Indian Institute of Technology Mandi,Mandi,India
"Sarkar, Ankita",7.0,6.0,Indian Institute of Technology Mandi,Mandi,India
"Shakir, Mohammed",7.0,2.0,Indian Institute of Technology Mandi,Mandi,India
"Sharma, Kajal",7.0,4.0,Indian Institute of Technology Mandi,Mandi,India
"Sharma, Monika  Sharma, M.",7.0,2.0,Indian Institute of Technology Mandi,Mandi,India
"Sharma, Shailja",7.0,2.0,Indian Institute of Technology Mandi,Mandi,India
"Yadav, Indu  Yadav, I.",7.0,3.0,Indian Institute of Technology Mandi,Mandi,India
"Yogesh, Midathala",7.0,2.0,Indian Institute of Technology Mandi,Mandi,India
"Aher, Yogesh N.  Aher, Yogesh",6.0,5.0,Indian Institute of Technology Mandi,Mandi,India
"Chandra, Subhash",6.0,2.0,Indian Institute of Technology Mandi,Mandi,India
"Dey, Supriya",6.0,3.0,Indian Institute of Technology Mandi,Mandi,India
"Ganguly, Moumita",6.0,2.0,Indian Institute of Technology Mandi,Mandi,India
"Garg, Akansha",6.0,3.0,Indian Institute of Technology Mandi,Mandi,India
"Gogoi, Rituporn",6.0,2.0,Indian Institute of Technology Mandi,Mandi,India
"Gupta, Aastha",6.0,2.0,Indian Institute of Technology Mandi,Mandi,India
"Guruprasad Reddy, Pulikanti",6.0,4.0,Faculty of Medicine,Jerusalem,Israel
"Haria, Kalpesh J.  Haria, Kalpesh",6.0,2.0,Indian Institute of Technology Mandi,Mandi,India
"Jyoti, Poonam",6.0,3.0,Indian Institute of Technology Mandi,Mandi,India
Jyoti,6.0,1.0,Indian Institute of Technology Mandi,Mandi,India
"Kakoria, Ashish",6.0,4.0,Indian Institute of Technology Mandi,Mandi,India
"Kumar, Sahil",6.0,3.0,Indian Institute of Technology Mandi,Mandi,India
"Nandi, Santu",6.0,2.0,Indian Institute of Technology Mandi,Mandi,India
"Saumya, Kumar Udit",6.0,4.0,Indian Institute of Technology Mandi,Mandi,India
"Sharma, Smriti",6.0,2.0,Indian Institute of Technology Mandi,Mandi,India
"Shitole, Pankaj P.  Shitole, Pankaj",6.0,2.0,Indian Institute of Technology Mandi,Mandi,India
"Singh, Navneet",6.0,3.0,Indian Institute of Technology Mandi,Mandi,India
"Singh, Ranjit",6.0,2.0,Indian Institute of Technology Mandi,Mandi,India
"Thuppilakkadan, Afsal  Thuppilakkadan, A.",6.0,3.0,Indian Institute of Technology Mandi,Mandi,India
"Verma, Bhisham Dev",6.0,1.0,Indian Institute of Technology Mandi,Mandi,India
"Yadav, Neelesh",6.0,2.0,Indian Institute of Technology Mandi,Mandi,India
"Yadav, Saurabh  Saurabh Yadav",6.0,2.0,Indian Institute of Technology Mandi,Mandi,India
"Arya, Nitika",5.0,4.0,Indian Institute of Technology Mandi,Mandi,India
"Bashir, Misbah",5.0,2.0,Indian Institute of Technology Mandi,Mandi,India
"Brar, Jaskirat Singh  Brar, Jaskirat",5.0,1.0,Indian Institute of Technology Mandi,Mandi,India
"Chandel, Sheshang Singh",5.0,3.0,Indian Institute of Technology Mandi,Mandi,India
"Choudhary, Sumit",5.0,2.0,Indian Institute of Technology Mandi,Mandi,India
"Devadevan, Manu V.",5.0,1.0,Indian Institute of Technology Mandi,Mandi,India
"Dogra, Sourabh",5.0,1.0,Indian Institute of Technology Mandi,Mandi,India
"Dutt, Varun",5.0,2.0,Indian Institute of Technology Mandi,Mandi,India
"Gajjar, Margi",5.0,3.0,Indian Institute of Technology Mandi,Mandi,India
"Garg, Gagan",5.0,4.0,Indian Institute of Technology Mandi,Mandi,India
"Gujral, Shivam",5.0,1.0,Indian Institute of Technology Mandi,Mandi,India
"Illikkal, Muhammed Suhail",5.0,2.0,Indian Institute of Technology Mandi,Mandi,India
"Jawale, Rushiraj  Jawale, R.",5.0,0.0,Indian Institute of Technology Mandi,Mandi,India
"Joshi, Chandrakant",5.0,3.0,Indian Institute of Technology Mandi,Mandi,India
"Kumar, Manoj",5.0,1.0,Indian Institute of Technology Mandi,Mandi,India
"Kumar, Medha",5.0,2.0,Indian Institute of Technology Mandi,Mandi,India
"Kumar, Parmod",5.0,2.0,Indian Institute of Technology Mandi,Mandi,India
"Kumar, Sachin",5.0,4.0,Indian Institute of Technology Mandi,Mandi,India
"Kumari, Seema",5.0,2.0,Indian Institute of Technology Mandi,Mandi,India
"Rana, Kewal Singh",5.0,3.0,Indian Institute of Technology Mandi,Mandi,India
"Rawat, Prashant",5.0,3.0,Indian Institute of Technology Mandi,Mandi,India
"Raza, Ahmed",5.0,3.0,Indian Institute of Technology Mandi,Mandi,India
"Samanta, Chinmoy",5.0,1.0,Indian Institute of Technology Mandi,Mandi,India
"Sapra, Pulkit",5.0,3.0,Indian Institute of Technology Mandi,Mandi,India
"Saquib, Mohammad",5.0,4.0,Indian Institute of Technology Mandi,Mandi,India
"Sharma, Bijay",5.0,2.0,Indian Institute of Technology Mandi,Mandi,India
"Sharma, Shagun",5.0,1.0,Indian Institute of Technology Mandi,Mandi,India
"Shrikanth Reddy, G.",5.0,1.0,Indian Institute of Technology Mandi,Mandi,India
"Srivastava, Vinit",5.0,1.0,Indian Institute of Technology Mandi,Mandi,India
"Thakur, Diksha",5.0,3.0,Indian Institute of Technology Mandi,Mandi,India
"Upadhyay, Surya Prakash",5.0,2.0,Indian Institute of Technology Mandi,Mandi,India
"Verma, Anuj",5.0,3.0,Indian Institute of Technology Mandi,Mandi,India
"Verma, J. K.",5.0,2.0,Indian Institute of Technology Mandi,Mandi,India
"Adhikari, Jitendra",4.0,2.0,Indian Institute of Technology Mandi,Mandi,India
"Ahirwar, Dalchand",4.0,1.0,Indian Institute of Technology Mandi,Mandi,India
"Ajithkumar, Singaravelu  Ajithkumar, S.",4.0,4.0,Indian Institute of Technology Mandi,Mandi,India
"Alam, Sultan",4.0,2.0,Indian Institute of Technology Mandi,Mandi,India
"Arora, Puneet",4.0,1.0,Indian Institute of Technology Mandi,Mandi,India
"Bharath, M.",4.0,1.0,Indian Institute of Technology Mandi,Mandi,India
"Bhardwaj, Keshav",4.0,2.0,Indian Institute of Technology Mandi,Mandi,India
"Bhatia, Rhythm",4.0,2.0,Indian Institute of Technology Mandi,Mandi,India
"Bisht, Manju",4.0,3.0,Indian Institute of Technology Mandi,Mandi,India
"Bollimbala, Ashish",4.0,3.0,Indian Institute of Technology Mandi,Mandi,India
"Chauhan, Nitin Singh 					    Chauhan, Nitin",4.0,2.0,Indian Institute of Technology Mandi,Mandi,India
"Chhetri, Nilamber",4.0,2.0,Indian Institute of Technology Mandi,Mandi,India
"Daniel, P. Vineeth",4.0,3.0,Indian Institute of Technology Mandi,Mandi,India
"Deo, Ankita",4.0,1.0,Indian Institute of Technology Mandi,Mandi,India
"Faizan, Mohammad Ahmad  Faizan, M.   Faizan, Mohammad A.",4.0,3.0,Indian Institute of Technology Mandi,Mandi,India
"Gehi, Bhuvaneshwari R.",4.0,3.0,Indian Institute of Technology Mandi,Mandi,India
"Gupta, Vivek S.S.R.  Gupta, V. S.S.R.   Gupta, Vivek",4.0,1.0,Indian Institute of Technology Mandi,Mandi,India
"Hanumanthu, Korakuti  Korakuti, Hanumanthu   Hanumanthu, K.",4.0,1.0,Indian Institute of Technology Mandi,Mandi,India
"Jangid, Aditi",4.0,1.0,Indian Institute of Technology Mandi,Mandi,India
"Kaur, Gurpreet",4.0,2.0,Indian Institute of Technology Mandi,Mandi,India
"Kumar, Akash",4.0,3.0,Indian Institute of Technology Mandi,Mandi,India
"Kumar, Hitesh",4.0,2.0,Indian Institute of Technology Mandi,Mandi,India
"Kumar, Trivender",4.0,2.0,Indian Institute of Technology Mandi,Mandi,India
"Kumar B, Dinesh  B., Dinesh Kumar   B, Dinesh Kumar",4.0,2.0,Indian Institute of Technology Mandi,Mandi,India
"Kuncham, Eshwar  kuncham, Eshwar",4.0,0.0,Indian Institute of Technology Mandi,Mandi,India
"Madan, Chetna",4.0,1.0,Indian Institute of Technology Mandi,Mandi,India
"Majee, Sudeb",4.0,2.0,Indian Institute of Technology Mandi,Mandi,India
"Marwaha, Shikha",4.0,1.0,Indian Institute of Technology Mandi,Mandi,India
"Mishra, Rahul",4.0,1.0,Indian Institute of Technology Mandi,Mandi,India
"Mohan, Chander",4.0,2.0,Indian Institute of Technology Mandi,Mandi,India
"Mori, Deepak",4.0,2.0,Indian Institute of Technology Mandi,Mandi,India
"Mudra, Swati",4.0,1.0,Indian Institute of Technology Mandi,Mandi,India
"Mulay, Manasi R.",4.0,2.0,Indian Institute of Technology Mandi,Mandi,India
"Nayek, Partha Sarathi",4.0,2.0,Indian Institute of Technology Mandi,Mandi,India
"Qureshi, Mohammad Ishtiyaq",4.0,2.0,Indian Institute of Technology Mandi,Mandi,India
"Ranaut, Dheeraj",4.0,1.0,Indian Institute of Technology Mandi,Mandi,India
"Rehman, Faria  Rehman, F.",4.0,2.0,Indian Institute of Technology Mandi,Mandi,India
"Romana, Harsimranjit Kaur  Romana, H. K.",4.0,2.0,Indian Institute of Technology Mandi,Mandi,India
"Sachdev, Abhijeet",4.0,2.0,Indian Institute of Technology Mandi,Mandi,India
"Saini, Tushar",4.0,1.0,Indian Institute of Technology Mandi,Mandi,India
"Sao, Reshma",4.0,4.0,Indian Institute of Technology Mandi,Mandi,India
"Semwal, Tarun",4.0,1.0,Indian Institute of Technology Mandi,Mandi,India
"Sethi, Devika",4.0,1.0,Indian Institute of Technology Mandi,Mandi,India
"Sharma, Vishal",4.0,4.0,Indian Institute of Technology Mandi,Mandi,India
"Shete, Snehal",4.0,1.0,Indian Institute of Technology Mandi,Mandi,India
"Shree, Manu",4.0,4.0,Indian Institute of Technology Mandi,Mandi,India
"Shringi, Shivangi",4.0,3.0,Indian Institute of Technology Mandi,Mandi,India
"Sigroha, Suman",4.0,1.0,Indian Institute of Technology Mandi,Mandi,India
"Singh, Harmanpreet",4.0,1.0,Indian Institute of Technology Mandi,Mandi,India
"Singh, Neha",4.0,1.0,Indian Institute of Technology Mandi,Mandi,India
"Srivastava, Tulika P.  Srivastava, T.",4.0,4.0,Indian Institute of Technology Mandi,Mandi,India
"Steela, Khoisnam  Steela, K.",4.0,1.0,Indian Institute of Technology Mandi,Mandi,India
"Thakur, Jyotika",4.0,3.0,Indian Institute of Technology Mandi,Mandi,India
"Thakur, Manas",4.0,3.0,Indian Institute of Technology Mandi,Mandi,India
"Thirumurugan, C.",4.0,2.0,Indian Institute of Technology Mandi,Mandi,India
"Tyagi, Shivani",4.0,2.0,Indian Institute of Technology Mandi,Mandi,India
"Uttrani, Shashank",4.0,0.0,Indian Institute of Technology Mandi,Mandi,India
"Vardani, Bharat",4.0,3.0,Indian Institute of Technology Mandi,Mandi,India
"Verma, Deepanshu",4.0,3.0,Indian Institute of Technology Mandi,Mandi,India
"Verma, Sahil",4.0,2.0,Indian Institute of Technology Mandi,Mandi,India
"Vineeth Daniel, P.",4.0,3.0,Indian Institute of Technology Mandi,Mandi,India
"Yadav, Ajeet K.  Yadav, Ajeet",4.0,1.0,Indian Institute of Technology Mandi,Mandi,India
"Agarwal, Shubham",3.0,1.0,Indian Institute of Technology Mandi,Mandi,India
"Ahuja, Jagriti",3.0,1.0,Indian Institute of Technology Mandi,Mandi,India
"Ande, Bala Naga Lingaiah",3.0,2.0,Indian Institute of Technology Mandi,Mandi,India
"Aroor Dinesh, Dileep",3.0,1.0,Indian Institute of Technology Mandi,Mandi,India
"Arora, Akshit",3.0,3.0,Indian Institute of Technology Mandi,Mandi,India
"Arora, Tarun",3.0,2.0,Indian Institute of Technology Mandi,Mandi,India
"Asad, Mohsin",3.0,1.0,Indian Institute of Technology Mandi,Mandi,India
"Ashok Kumar, M.  Ashok Kumar, M.",3.0,0.0,Indian Institute of Technology Mandi,Mandi,India
"Athar, Shoeb",3.0,3.0,Indian Institute of Technology Mandi,Mandi,India
"Batra, Gayatri",3.0,2.0,Indian Institute of Technology Mandi,Mandi,India
"Bhardwaj, Aayushi  Bhardwaj, A.   Bhardwaj, Ayushi",3.0,2.0,Indian Institute of Technology Mandi,Mandi,India
"Bhardwaj, Akhil",3.0,1.0,Indian Institute of Technology Mandi,Mandi,India
"Bhattacharya, Sukumar  Bhattacharya, S.",3.0,3.0,Indian Institute of Technology Mandi,Mandi,India
"Chandel, Aman",3.0,1.0,Indian Institute of Technology Mandi,Mandi,India
"Chauhan, Sachin",3.0,1.0,Indian Institute of Technology Mandi,Mandi,India
"Choudhary, Pankaj",3.0,0.0,Indian Institute of Technology Mandi,Mandi,India
"Chowdhury, Sumanta",3.0,2.0,Indian Institute of Technology Mandi,Mandi,India
"Das, Nitesh",3.0,3.0,Indian Institute of Technology Mandi,Mandi,India
"Das, Sneha",3.0,1.0,Indian Institute of Technology Mandi,Mandi,India
"Devalraju, Dhanunjaya Varma",3.0,1.0,Indian Institute of Technology Mandi,Mandi,India
"Dhiman, Ankita",3.0,2.0,Indian Institute of Technology Mandi,Mandi,India
"Dinesh Kumar, B.",3.0,1.0,Indian Institute of Technology Mandi,Mandi,India
"Dutt, Varun",3.0,2.0,Indian Institute of Technology Mandi,Mandi,India
"Gautam, Srishti",3.0,3.0,Indian Institute of Technology Mandi,Mandi,India
"Goswami, Shruti",3.0,1.0,Indian Institute of Technology Mandi,Mandi,India
"Guleria, Sharey Deep",3.0,3.0,Indian Institute of Technology Mandi,Mandi,India
"Gupta, Prachi",3.0,1.0,Indian Institute of Technology Mandi,Mandi,India
"Harith, Gurunarayanan",3.0,3.0,Indian Institute of Technology Mandi,Mandi,India
"Jha, Ranjeet Ranjan",3.0,0.0,Indian Institute of Technology Mandi,Mandi,India
"Katakwar, Harsh",3.0,1.0,Indian Institute of Technology Mandi,Mandi,India
"Kaundal, Ankur",3.0,1.0,Indian Institute of Technology Mandi,Mandi,India
"Kumar, Anand",3.0,3.0,Indian Institute of Technology Mandi,Mandi,India
"Kumar, Bhim Ajith  Kumar, Bhim   Kumar, B. Ajith",3.0,1.0,Indian Institute of Technology Mandi,Mandi,India
"Kumar, Krishan",3.0,1.0,Indian Institute of Technology Mandi,Mandi,India
"Kumar, Punit",3.0,3.0,Indian Institute of Technology Mandi,Mandi,India
"Kumar, Sumit",3.0,1.0,Indian Institute of Technology Mandi,Mandi,India
"Kumari, Indu",3.0,1.0,Indian Institute of Technology Mandi,Mandi,India
"Mondal, Proma",3.0,0.0,Indian Institute of Technology Mandi,Mandi,India
"Nandi, Arpit",3.0,2.0,Indian Institute of Technology Mandi,Mandi,India
"Pandey, Sumit K.  Pandey, Sumit",3.0,2.0,Indian Institute of Technology Mandi,Mandi,India
"Pandey, Vivek",3.0,0.0,Indian Institute of Technology Mandi,Mandi,India
"Patel, Sandesh Kumar  Patel, Sandesh K.",3.0,1.0,Indian Institute of Technology Mandi,Mandi,India
"Pathak, Shubhanjali  Pathak, Swati",3.0,0.0,Indian Institute of Technology Mandi,Mandi,India
"Poonia, Neeraj",3.0,0.0,Indian Institute of Technology Mandi,Mandi,India
Priyanka,3.0,1.0,Indian Institute of Technology Mandi,Mandi,India
"Ram, Bhed  Ram, B.",3.0,1.0,Indian Institute of Technology Mandi,Mandi,India
"Rawat, Divya",3.0,2.0,Indian Institute of Technology Mandi,Mandi,India
"Reddy Tummuru, Narsa",3.0,1.0,Indian Institute of Technology Mandi,Mandi,India
"Sahoo, Abhijit",3.0,2.0,Indian Institute of Technology Mandi,Mandi,India
"Samal, Pankaj Kumar  Samal, Pankaj K.",3.0,3.0,Indian Institute of Technology Mandi,Mandi,India
"Shakya, Kshitij  Shakya, Kshitii",3.0,1.0,Indian Institute of Technology Mandi,Mandi,India
"Sharma, Aditya",3.0,2.0,Indian Institute of Technology Mandi,Mandi,India
"Sharma, Amit Kumar  Sharma, Amit",3.0,1.0,Indian Institute of Technology Mandi,Mandi,India
"Sharma, Shubham",3.0,1.0,Indian Institute of Technology Mandi,Mandi,India
"Sihag, Priyanka",3.0,2.0,Indian Institute of Technology Mandi,Mandi,India
"Singh, Astha",3.0,1.0,Indian Institute of Technology Mandi,Mandi,India
"Singh, Kamalpreet",3.0,1.0,Indian Institute of Technology Mandi,Mandi,India
Sonika,3.0,1.0,Indian Institute of Technology Mandi,Mandi,India
"Srinivasan, Preethi  Srinivasan, P.",3.0,1.0,Indian Institute of Technology Mandi,Mandi,India
"Susaniya, Ankit",3.0,2.0,Indian Institute of Technology Mandi,Mandi,India
"Tewari, Renu",3.0,2.0,Indian Institute of Technology Mandi,Mandi,India
"Varughese, Anna",3.0,1.0,Indian Institute of Technology Mandi,Mandi,India
"Zahid, Mohammad",3.0,1.0,Indian Institute of Technology Mandi,Mandi,India
Aashima,2.0,1.0,Indian Institute of Technology Mandi,Mandi,India
"Agarwal, Naman",2.0,0.0,Indian Institute of Technology Mandi,Mandi,India
"Aggarwal, Yati",2.0,1.0,Indian Institute of Technology Mandi,Mandi,India
"Agrawal, Kapil",2.0,1.0,Indian Institute of Technology Mandi,Mandi,India
"Agrawal, Rohan P.  Agrawal, R. P.   Agrawal, Rohan",2.0,0.0,Indian Institute of Technology Mandi,Mandi,India
"Ansari, Md Irshad",2.0,0.0,Indian Institute of Technology Mandi,Mandi,India
"Awasthi, Abhilash",2.0,1.0,Indian Institute of Technology Mandi,Mandi,India
"Babu, Anjana",2.0,1.0,Indian Institute of Technology Mandi,Mandi,India
"Bajre, Purnima",2.0,1.0,Indian Institute of Technology Mandi,Mandi,India
"Banerjee, Ruptanu",2.0,2.0,Indian Institute of Technology Mandi,Mandi,India
"Bangunde, Abhishek",2.0,1.0,Indian Institute of Technology Mandi,Mandi,India
"Barooah, Uddipan",2.0,0.0,Indian Institute of Technology Mandi,Mandi,India
"Bhardwaj, Aparna",2.0,0.0,Indian Institute of Technology Mandi,Mandi,India
"Bhardwaj, Navdha",2.0,1.0,Indian Institute of Technology Mandi,Mandi,India
"Bhargav, Shashank",2.0,1.0,Indian Institute of Technology Mandi,Mandi,India
"Bhaskar, Bhaskar",2.0,1.0,Indian Institute of Technology Mandi,Mandi,India
"Bhattacharya, Raktim",2.0,1.0,Indian Institute of Technology Mandi,Mandi,India
"Bhuarya, Manish Kumar",2.0,2.0,Indian Institute of Technology Mandi,Mandi,India
"Chandel, Vikram Singh",2.0,1.0,Indian Institute of Technology Mandi,Mandi,India
"Chandra Jain, Satish",2.0,2.0,Indian Institute of Technology Mandi,Mandi,India
"Chang, Sei",2.0,1.0,Indian Institute of Technology Mandi,Mandi,India
"Chatterjee, Swarup",2.0,2.0,Indian Institute of Technology Mandi,Mandi,India
"Chauhan, Subhav",2.0,1.0,Indian Institute of Technology Mandi,Mandi,India
"Chhillar, S.",2.0,1.0,Indian Institute of Technology Mandi,Mandi,India
"Das, Sukesh Kumar  Das, Sukesh",2.0,0.0,Indian Institute of Technology Mandi,Mandi,India
"Devi, Sushma  Devi, S.",2.0,1.0,Indian Institute of Technology Mandi,Mandi,India
"Dhanda, Mohit",2.0,0.0,Indian Institute of Technology Mandi,Mandi,India
"Dhankar, Utkrisht",2.0,1.0,Indian Institute of Technology Mandi,Mandi,India
"Dhiman, Manoj",2.0,1.0,Indian Institute of Technology Mandi,Mandi,India
"Dhiman, Saurabh",2.0,1.0,Indian Institute of Technology Mandi,Mandi,India
"Doiphode, Nikhil T.",2.0,2.0,Indian Institute of Technology Mandi,Mandi,India
"D'Souza, Reena",2.0,1.0,Indian Institute of Technology Mandi,Mandi,India
"Dutt, Varun",2.0,1.0,Indian Institute of Technology Mandi,Mandi,India
"Dwivedi, Kishan",2.0,0.0,Indian Institute of Technology Mandi,Mandi,India
"Garg, Sourabh",2.0,2.0,Indian Institute of Technology Mandi,Mandi,India
"Gaurav, Kumar",2.0,2.0,Indian Institute of Technology Mandi,Mandi,India
"Gaurav, Pratyush",2.0,1.0,Indian Institute of Technology Mandi,Mandi,India
"Ghosh, Ritwik",2.0,1.0,Indian Institute of Technology Mandi,Mandi,India
"Ghosh, Swachhatoa",2.0,1.0,Indian Institute of Technology Mandi,Mandi,India
"Jain, Anuj",2.0,1.0,Indian Institute of Technology Mandi,Mandi,India
"Jain, S. C.",2.0,1.0,Indian Institute of Technology Mandi,Mandi,India
"Jangra, Mandeep",2.0,1.0,Indian Institute of Technology Mandi,Mandi,India
"Kamran, Mohammad",2.0,0.0,Indian Institute of Technology Mandi,Mandi,India
"Kashyap, Ankit",2.0,2.0,Indian Institute of Technology Mandi,Mandi,India
"Khatri, Yogesh  Khatri, Y.",2.0,2.0,Indian Institute of Technology Mandi,Mandi,India
"Khatun, Arzena",2.0,1.0,Indian Institute of Technology Mandi,Mandi,India
"Khaund, Abhigyan",2.0,1.0,Indian Institute of Technology Mandi,Mandi,India
"Khemani, Kamal",2.0,0.0,Indian Institute of Technology Mandi,Mandi,India
"Kumar, Praveen",2.0,1.0,Indian Institute of Technology Mandi,Mandi,India
"Kumar, Pushpendra",2.0,0.0,Indian Institute of Technology Mandi,Mandi,India
"Kumar, Sidhant",2.0,2.0,Indian Institute of Technology Mandi,Mandi,India
"Lingeshwar Reddy, Kumbam",2.0,2.0,Indian Institute of Technology Mandi,Mandi,India
"Mahajan, Ruchika",2.0,1.0,Indian Institute of Technology Mandi,Mandi,India
"Maivizhikannan, Venkatachalam",2.0,2.0,Indian Institute of Technology Mandi,Mandi,India
"Malhotra, Sonali",2.0,1.0,Indian Institute of Technology Mandi,Mandi,India
"Malik, Wasil",2.0,2.0,Indian Institute of Technology Mandi,Mandi,India
"Mathew, Nikhil",2.0,2.0,Indian Institute of Technology Mandi,Mandi,India
"Minhaj, M.",2.0,1.0,Indian Institute of Technology Mandi,Mandi,India
"Mishra, Rishabh",2.0,1.0,Indian Institute of Technology Mandi,Mandi,India
"Muneeswaran, P.",2.0,1.0,Indian Institute of Technology Mandi,Mandi,India
"Muthiyan, Neha",2.0,2.0,Indian Institute of Technology Mandi,Mandi,India
"Naik, Banavath Raju  Naik, B. Raju",2.0,1.0,Indian Institute of Technology Mandi,Mandi,India
"Nath, Dikshita",2.0,1.0,Indian Institute of Technology Mandi,Mandi,India
"Niraj, K. C.",2.0,1.0,Indian Institute of Technology Mandi,Mandi,India
"Palit, Kumar",2.0,1.0,Indian Institute of Technology Mandi,Mandi,India
"Pandey, Pawan Kumar",2.0,1.0,Indian Institute of Technology Mandi,Mandi,India
"Pogulaguntla, Ravi Teja",2.0,1.0,Indian Institute of Technology Mandi,Mandi,India
"Ponnuswami, Ganesan",2.0,0.0,Indian Institute of Technology Mandi,Mandi,India
"Poudel, Prakash",2.0,0.0,Indian Institute of Technology Mandi,Mandi,India
"Raj, Rakshit",2.0,1.0,Indian Institute of Technology Mandi,Mandi,India
"Rajput, Mayank Singh",2.0,2.0,Indian Institute of Technology Mandi,Mandi,India
"Rana, Nishant",2.0,1.0,Indian Institute of Technology Mandi,Mandi,India
"Rani Koner, Rik",2.0,2.0,Indian Institute of Technology Mandi,Mandi,India
"Rao, Ravada Madhu Sudhan",2.0,1.0,Indian Institute of Technology Mandi,Mandi,India
"Rathi, Preeti",2.0,2.0,Indian Institute of Technology Mandi,Mandi,India
"Reddy, P. A.",2.0,1.0,Indian Institute of Technology Mandi,Mandi,India
"Reddy, Ramana Manohar",2.0,1.0,Indian Institute of Technology Mandi,Mandi,India
"Roy, Biswajit",2.0,1.0,Indian Institute of Technology Mandi,Mandi,India
"Sai Sushma, P.",2.0,1.0,Indian Institute of Technology Mandi,Mandi,India
"Sankhyayan, Pooja",2.0,2.0,Indian Institute of Technology Mandi,Mandi,India
"Sarohi, Vivek",2.0,1.0,Indian Institute of Technology Mandi,Mandi,India
"Satyarthi, Chandan",2.0,1.0,Indian Institute of Technology Mandi,Mandi,India
"Saurkar, Atharv Anant  Saurkar, Atharv",2.0,0.0,Indian Institute of Technology Mandi,Mandi,India
"Shah, Vishrut",2.0,2.0,Indian Institute of Technology Mandi,Mandi,India
"Shaik, Rasheed  Shaik, R.",2.0,1.0,Indian Institute of Technology Mandi,Mandi,India
"Sharma, Anuradha",2.0,1.0,Indian Institute of Technology Mandi,Mandi,India
"Sharma, Neeraj",2.0,1.0,Indian Institute of Technology Mandi,Mandi,India
"Sharma, Rahul",2.0,2.0,Indian Institute of Technology Mandi,Mandi,India
"Sharma, Satinder  Sharma, S.",2.0,1.0,Indian Institute of Technology Mandi,Mandi,India
"Singh, Abhishek",2.0,1.0,Indian Institute of Technology Mandi,Mandi,India
"Singh, Anirudh",2.0,1.0,Indian Institute of Technology Mandi,Mandi,India
"Singh, Deepak Kumar",2.0,0.0,Indian Institute of Technology Mandi,Mandi,India
"Singh, Mahender",2.0,1.0,Indian Institute of Technology Mandi,Mandi,India
"Singh, Raspreet  Singh, R.",2.0,1.0,Indian Institute of Technology Mandi,Mandi,India
"Singh, Tarun Pratap",2.0,1.0,Indian Institute of Technology Mandi,Mandi,India
"Singh, Uttam",2.0,0.0,Indian Institute of Technology Mandi,Mandi,India
"Singh, Yogendra",2.0,1.0,Indian Institute of Technology Mandi,Mandi,India
"Singh Chauhan, Vishal",2.0,2.0,Indian Institute of Technology Mandi,Mandi,India
"Singh Rana, Kewal",2.0,2.0,Indian Institute of Technology Mandi,Mandi,India
"Sinha, Ragini",2.0,1.0,Indian Institute of Technology Mandi,Mandi,India
"Sisodia, Shashank",2.0,2.0,Indian Institute of Technology Mandi,Mandi,India
"Sivarathri, Ashok Kumar",2.0,1.0,Indian Institute of Technology Mandi,Mandi,India
"Soni, Ashish",2.0,1.0,Indian Institute of Technology Mandi,Mandi,India
"Soni, Neeraj",2.0,2.0,Indian Institute of Technology Mandi,Mandi,India
"Souza, Reena D.",2.0,1.0,Indian Institute of Technology Mandi,Mandi,India
"Sri Hari, Nemani R.  Sri Hari, N. R.   Sri Hari, Nemani",2.0,1.0,Indian Institute of Technology Mandi,Mandi,India
"Srivastava, Alankrit",2.0,2.0,Indian Institute of Technology Mandi,Mandi,India
"Srivastava, Shriya",2.0,1.0,Indian Institute of Technology Mandi,Mandi,India
"Subramanian, Balasundaram  Subramanian, B.",2.0,1.0,Indian Institute of Technology Mandi,Mandi,India
"Sujata, Sujata",2.0,0.0,Indian Institute of Technology Mandi,Mandi,India
"Thakur, D. C.",2.0,0.0,Indian Institute of Technology Mandi,Mandi,India
"Thakur, Neha",2.0,2.0,Indian Institute of Technology Mandi,Mandi,India
"Thakur, Shilpa",2.0,1.0,Indian Institute of Technology Mandi,Mandi,India
"Thakur, Tejinder",2.0,1.0,Indian Institute of Technology Mandi,Mandi,India
"Thapa, Lawaj  Thapa, L.",2.0,1.0,Indian Institute of Technology Mandi,Mandi,India
"Varshan, Amirth",2.0,1.0,Indian Institute of Technology Mandi,Mandi,India
"Vashist, Chirag",2.0,1.0,Indian Institute of Technology Mandi,Mandi,India
"Yadav, Rakhi",2.0,2.0,Indian Institute of Technology Mandi,Mandi,India
