"Result Number","Author","Documents","h-index          Author metrics Scopus is adding an array of metrics for researchers. As an initial step, the h-index has been added.  The h-graph is one way of displaying and comparing the productivity and impact of published work of scholars. It should only be used together with a mix of quantitative and qualitative metrics.  More metrics will be added in the course of the year.","Affiliation","City","Country/Territory"
"201 57201801880 (i) on (i)","Kumar, Tarun K.Vinod  Kumar, T. K.Vinod   Kumar, Tarun","12","5","Indian Institute of Technology Mandi","Mandi","India"
"","View last title","","","",""
"","","","","","",""
"202 57194340413 (i) on (i)","Lal, Surender  Lal, S.","12","4","Indian Institute of Technology Mandi","Mandi","India"
"","View last title","","","",""
"","","","","","",""
"203 25230304700 (i) on (i)","Pawar, Amit B.","12","10","Indian Institute of Technology Mandi","Mandi","India"
"","View last title","","","",""
"","","","","","",""
"204 57215819373 (i) on (i)","Ray, Rajeev","12","4","Indian Institute of Technology Mandi","Mandi","India"
"","View last title","","","",""
"","","","","","",""
"205 57202456045 (i) on (i)","Sharma, Lalita","12","6","Indian Institute of Technology Mandi","Mandi","India"
"","View last title","","","",""
"","","","","","",""
"206 57192423503 (i) on (i)","Sharma, Nitin  Sharma, N.","12","7","Indian Institute of Technology Mandi","Mandi","India"
"","View last title","","","",""
"","","","","","",""
"207 57207346491 (i) on (i)","Singh, Davinder","12","4","Indian Institute of Technology Mandi","Mandi","India"
"","View last title","","","",""
"","","","","","",""
"208 56779756200 (i) on (i)","Singha, Amit Kumar  Singha, A. K.","12","4","Indian Institute of Technology Mandi","Mandi","India"
"","View last title","","","",""
"","","","","","",""
"209 57201632993 (i) on (i)","Avasthi, Piyush Kumar  Avasthi, Piyush","11","6","Indian Institute of Technology Mandi","Mandi","India"
"","View last title","","","",""
"","","","","","",""
"210 57212353221 (i) on (i)","Bansal, Ankit  Bansal, A.","11","7","Indian Institute of Technology Mandi","Mandi","India"
"","View last title","","","",""
"","","","","","",""
"211 57114382300 (i) on (i)","Bhardwaj, Ajay","11","6","Indian Institute of Technology Mandi","Mandi","India"
"","View last title","","","",""
"","","","","","",""
"212 57190295085 (i) on (i)","Choudhury, Abhinav","11","4","Indian Institute of Technology Mandi","Mandi","India"
"","View last title","","","",""
"","","","","","",""
"213 55340373500 (i) on (i)","Dixit, Saumya","11","7","Indian Institute of Technology Mandi","Mandi","India"
"","View last title","","","",""
"","","","","","",""
"214 57197830454 (i) on (i)","Fuhrer, Erwin  Fuhrer, E.","11","5","Indian Institute of Technology Mandi","Mandi","India"
"","View last title","","","",""
"","","","","","",""
"215 56728764700 (i) on (i)","Jayapaul, Varunkumar  Jayapaul, Varukumar","11","2","Indian Institute of Technology Mandi","Mandi","India"
"","View last title","","","",""
"","","","","","",""
"216 57203248627 (i) on (i)","Mali, Naresh  Naresh, M.","11","3","Indian Institute of Technology Mandi","Mandi","India"
"","View last title","","","",""
"","","","","","",""
"217 56037950500 (i) on (i)","Sahani, Manoj Kumar  Sahani, Manoj   Sahani, M. K.   Sahani, Manoj K.","11","6","Indian Institute of Technology Mandi","Mandi","India"
"","View last title","","","",""
"","","","","","",""
"218 57201619416 (i) on (i)","Sangar, Shivendra  Sangar, S.","11","5","Indian Institute of Technology Mandi","Mandi","India"
"","View last title","","","",""
"","","","","","",""
"219 57196354763 (i) on (i)","Sharma, Priyamedha","11","2","Indian Institute of Technology Mandi","Mandi","India"
"","View last title","","","",""
"","","","","","",""
"220 57197820411 (i) on (i)","Shastri, Shivprasad S.","11","5","Indian Institute of Technology Mandi","Mandi","India"
"","View last title","","","",""
"","","","","","",""
"221 57210443564 (i) on (i)","Singh, Karan","11","2","Indian Institute of Technology Mandi","Mandi","India"
"","View last title","","","",""
"","","","","","",""
"222 57210800720 (i) on (i)","Singh, Vyoma","11","3","Indian Institute of Technology Mandi","Mandi","India"
"","View last title","","","",""
"","","","","","",""
"223 57212475309 (i) on (i)","Singh Rajpurohit, Bharat  Rajpourhit, B. S.","11","4","Indian Institute of Technology Mandi","Mandi","India"
"","View last title","","","",""
"","","","","","",""
"224 41262479100 (i) on (i)","Singla, Yash Paul  Singla, Y. P.   Singla, Yashpal   Singla, Yashpaul   Singla, Yash","11","7","Indian Institute of Technology Mandi","Mandi","India"
"","View last title","","","",""
"","","","","","",""
"225 56573832300 (i) on (i)","Gade, Maheshreddy","10","4","Indian Institute of Technology Mandi","Mandi","India"
"","View last title","","","",""
"","","","","","",""
"226 57200139012 (i) on (i)","Gulia, Preeti  Gulia, P.","10","4","Indian Institute of Technology Mandi","Mandi","India"
"","View last title","","","",""
"","","","","","",""
"227 57212590172 (i) on (i)","Kaur, Rimanpreet","10","3","Indian Institute of Technology Mandi","Mandi","India"
"","View last title","","","",""
"","","","","","",""
"228 57209161274 (i) on (i)","Lal, Sohan","10","4","Indian Institute of Technology Mandi","Mandi","India"
"","View last title","","","",""
"","","","","","",""
"229 57226667661 (i) on (i)","Mondal, Arnab Kumar  Mondal, Arnab   Mondal, Asit Kumar","10","6","Indian Institute of Technology Mandi","Mandi","India"
"","View last title","","","",""
"","","","","","",""
"230 57202149956 (i) on (i)","Rao, Akash K.  Rao, Akash","10","2","Indian Institute of Technology Mandi","Mandi","India"
"","View last title","","","",""
"","","","","","",""
"231 57212591589 (i) on (i)","Singh, Prem","10","5","Indian Institute of Technology Mandi","Mandi","India"
"","View last title","","","",""
"","","","","","",""
"232 57204939819 (i) on (i)","Sk, Shamim","10","2","Indian Institute of Technology Mandi","Mandi","India"
"","View last title","","","",""
"","","","","","",""
"233 36719876800 (i) on (i)","Anchala","9","4","Indian Institute of Technology Mandi","Mandi","India"
"","View last title","","","",""
"","","","","","",""
"234 57212584812 (i) on (i)","Anjum, Farhan","9","3","Indian Institute of Technology Mandi","Mandi","India"
"","View last title","","","",""
"","","","","","",""
"235 7202894215 (i) on (i)","Arora, Ravindra  Arora, R.","9","4","Indian Institute of Technology Mandi","Mandi","India"
"","View last title","","","",""
"","","","","","",""
"236 57204814616 (i) on (i)","Choubey, Abhinav","9","5","Indian Institute of Technology Mandi","Mandi","India"
"","View last title","","","",""
"","","","","","",""
"237 57208484963 (i) on (i)","Dhama, Soniya","9","3","Indian Institute of Technology Mandi","Mandi","India"
"","View last title","","","",""
"","","","","","",""
"238 57189257502 (i) on (i)","Karmakar, Saptarshi  Karmakar, S.","9","2","Indian Institute of Technology Mandi","Mandi","India"
"","View last title","","","",""
"","","","","","",""
"239 57222257477 (i) on (i)","Keshri, Anand Kumar  Keshri, Anand K.","9","1","Indian Institute of Technology Mandi","Mandi","India"
"","View last title","","","",""
"","","","","","",""
"240 57214420010 (i) on (i)","Kumar, Atendra","9","3","Indian Institute of Technology Mandi","Mandi","India"
"","View last title","","","",""
"","","","","","",""
"241 57224775811 (i) on (i)","Kumar, Vivek  Kumar, V.","9","3","Indian Institute of Technology Mandi","Mandi","India"
"","View last title","","","",""
"","","","","","",""
"242 57207457777 (i) on (i)","Lingwan, Maneesh","9","4","Indian Institute of Technology Mandi","Mandi","India"
"","View last title","","","",""
"","","","","","",""
"243 57191071652 (i) on (i)","Maqbool, Zahid","9","3","Indian Institute of Technology Mandi","Mandi","India"
"","View last title","","","",""
"","","","","","",""
"244 57196740044 (i) on (i)","Mushtaq, Aamir","9","7","Indian Institute of Technology Mandi","Mandi","India"
"","View last title","","","",""
"","","","","","",""
"245 57216860699 (i) on (i)","Nayak, Namyashree","9","3","Indian Institute of Technology Mandi","Mandi","India"
"","View last title","","","",""
"","","","","","",""
"246 57191618647 (i) on (i)","Panda, Deepsikha  Panda, D.","9","2","Indian Institute of Technology Mandi","Mandi","India"
"","View last title","","","",""
"","","","","","",""
"247 57214227561 (i) on (i)","Rawat, Suraj Singh  Rawat, Suraj S.","9","2","Indian Institute of Technology Mandi","Mandi","India"
"","View last title","","","",""
"","","","","","",""
"248 56090015900 (i) on (i)","Sagara, Prateep Singh  Sagara, P. S.","9","5","Indian Institute of Technology Mandi","Mandi","India"
"","View last title","","","",""
"","","","","","",""
"249 57204179445 (i) on (i)","Saini, Prashant","9","4","Indian Institute of Technology Mandi","Mandi","India"
"","View last title","","","",""
"","","","","","",""
"250 57211422850 (i) on (i)","Sharma, Shivani","9","5","Indian Institute of Technology Mandi","Mandi","India"
"","View last title","","","",""
"","","","","","",""
"251 56195376200 (i) on (i)","Singh, Diwakar","9","2","Indian Institute of Technology Mandi","Mandi","India"
"","View last title","","","",""
"","","","","","",""
"252 57218488791 (i) on (i)","Thakur, Deepa","9","4","Indian Institute of Technology Mandi","Mandi","India"
"","View last title","","","",""
"","","","","","",""
"253 57195960230 (i) on (i)","Tiwari, Ashish","9","6","Indian Institute of Technology Mandi","Mandi","India"
"","View last title","","","",""
"","","","","","",""
"254 57204765517 (i) on (i)","Tripathi, Gaurav","9","6","Indian Institute of Technology Mandi","Mandi","India"
"","View last title","","","",""
"","","","","","",""
"255 57191172653 (i) on (i)","Vats, Tripti  Vats, T.","9","5","Indian Institute of Technology Mandi","Mandi","India"
"","View last title","","","",""
"","","","","","",""
"256 57212781941 (i) on (i)","Verma, Divya","9","2","Indian Institute of Technology Mandi","Mandi","India"
"","View last title","","","",""
"","","","","","",""
"257 57211203743 (i) on (i)","Aswal, Neha","8","2","Indian Institute of Technology Mandi","Mandi","India"
"","View last title","","","",""
"","","","","","",""
"258 57205691302 (i) on (i)","Chanakya, Ganaparthi  Chanakya, G.","8","2","Indian Institute of Technology Mandi","Mandi","India"
"","View last title","","","",""
"","","","","","",""
"259 57195312977 (i) on (i)","Devi, Bandhana","8","5","Indian Institute of Technology Mandi","Mandi","India"
"","View last title","","","",""
"","","","","","",""
"260 57867633200 (i) on (i)","Dutt, Varun","8","4","Indian Institute of Technology Mandi","Mandi","India"
"","View last title","","","",""
"","","","","","",""
"261 57209562864 (i) on (i)","Dutta, Paromita","8","4","Indian Institute of Technology Mandi","Mandi","India"
"","View last title","","","",""
"","","","","","",""
"262 57193310174 (i) on (i)","Gambhir, Diksha","8","4","Indian Institute of Technology Mandi","Mandi","India"
"","View last title","","","",""
"","","","","","",""
"263 57195530585 (i) on (i)","Girdhar, Khyati","8","5","Indian Institute of Technology Mandi","Mandi","India"
"","View last title","","","",""
"","","","","","",""
"264 55793146800 (i) on (i)","Jayalakshmi, S.","8","4","Indian Institute of Technology Mandi","Mandi","India"
"","View last title","","","",""
"","","","","","",""
"265 57051711000 (i) on (i)","Johnson, Joe","8","4","Indian Institute of Technology Mandi","Mandi","India"
"","View last title","","","",""
"","","","","","",""
"266 57226488918 (i) on (i)","Kumar, Manish","8","3","Indian Institute of Technology Mandi","Mandi","India"
"","View last title","","","",""
"","","","","","",""
"267 57189763655 (i) on (i)","Mobeen, Fauzul","8","4","Indian Institute of Technology Mandi","Mandi","India"
"","View last title","","","",""
"","","","","","",""
"268 36677816100 (i) on (i)","Mona Subramaniam, A.  Subramaniam, Mona A.","8","2","Indian Institute of Technology Mandi","Mandi","India"
"","View last title","","","",""
"","","","","","",""
"269 57208863098 (i) on (i)","Ravada, Bhaskara Rao  Ravada, Bhaskara   Bhaskara Rao, R.","8","3","Indian Institute of Technology Mandi","Mandi","India"
"","View last title","","","",""
"","","","","","",""
"270 57761438200 (i) on (i)","Sharma, Manisha","8","4","Indian Institute of Technology Mandi","Mandi","India"
"","View last title","","","",""
"","","","","","",""
"271 57216913843 (i) on (i)","Sheetal","8","2","Indian Institute of Technology Mandi","Mandi","India"
"","View last title","","","",""
"","","","","","",""
"272 57189293600 (i) on (i)","Shukla, Samir","8","2","Indian Institute of Technology Mandi","Mandi","India"
"","View last title","","","",""
"","","","","","",""
"273 57209229992 (i) on (i)","Singh, Shweta","8","4","Indian Institute of Technology Mandi","Mandi","India"
"","View last title","","","",""
"","","","","","",""
"274 55123087000 (i) on (i)","Unde, Amit Satish","8","4","Indian Institute of Technology Mandi","Mandi","India"
"","View last title","","","",""
"","","","","","",""
"275 57015188500 (i) on (i)","Vaish, Manish","8","6","Indian Institute of Technology Mandi","Mandi","India"
"","View last title","","","",""
"","","","","","",""
"276 57193266311 (i) on (i)","Ahamed, Imran","7","3","Indian Institute of Technology Mandi","Mandi","India"
"","View last title","","","",""
"","","","","","",""
"277 57204774933 (i) on (i)","Biswas, Bidisha","7","2","Indian Institute of Technology Mandi","Mandi","India"
"","View last title","","","",""
"","","","","","",""
"278 57217480923 (i) on (i)","Dogra, Rahul","7","3","Indian Institute of Technology Mandi","Mandi","India"
"","View last title","","","",""
"","","","","","",""
"279 57204818937 (i) on (i)","Dogra, Surbhi","7","4","Indian Institute of Technology Mandi","Mandi","India"
"","View last title","","","",""
"","","","","","",""
"280 57191978224 (i) on (i)","Grewal, Gurinderbir Singh  Grewal, G. S.","7","2","Indian Institute of Technology Mandi","Mandi","India"
"","View last title","","","",""
"","","","","","",""
"281 56095450000 (i) on (i)","Jalota, Hemant","7","4","Indian Institute of Technology Mandi","Mandi","India"
"","View last title","","","",""
"","","","","","",""
"282 57216961378 (i) on (i)","Kapuganti, Shivani Krishna  Kapuganti, Shivani K.","7","4","Indian Institute of Technology Mandi","Mandi","India"
"","View last title","","","",""
"","","","","","",""
"283 57200300157 (i) on (i)","Kar, Aranya","7","4","Indian Institute of Technology Mandi","Mandi","India"
"","View last title","","","",""
"","","","","","",""
"284 36466573500 (i) on (i)","Kasturi, Prasad","7","7","Indian Institute of Technology Mandi","Mandi","India"
"","View last title","","","",""
"","","","","","",""
"285 57222508265 (i) on (i)","Kaushik, Kush","7","2","Indian Institute of Technology Mandi","Mandi","India"
"","View last title","","","",""
"","","","","","",""
"286 57208843964 (i) on (i)","Kaushik, Ravinder  Kaushik, R.","7","5","Indian Institute of Technology Mandi","Mandi","India"
"","View last title","","","",""
"","","","","","",""
"287 57220592428 (i) on (i)","Kumar, Satish","7","3","Indian Institute of Technology Mandi","Mandi","India"
"","View last title","","","",""
"","","","","","",""
"288 57194038757 (i) on (i)","Mohan, Nishith","7","3","Indian Institute of Technology Mandi","Mandi","India"
"","View last title","","","",""
"","","","","","",""
"289 56032102700 (i) on (i)","Nigam, Jyoti","7","2","Indian Institute of Technology Mandi","Mandi","India"
"","View last title","","","",""
"","","","","","",""
"290 36700190800 (i) on (i)","Pandey, Kumar Sambhav  Pandey, Kumar S.","7","2","Indian Institute of Technology Mandi","Mandi","India"
"","View last title","","","",""
"","","","","","",""
"291 57211978387 (i) on (i)","Pathania, Ankush","7","3","Indian Institute of Technology Mandi","Mandi","India"
"","View last title","","","",""
"","","","","","",""
"292 57172880700 (i) on (i)","Pramanick, Bulti","7","3","Indian Institute of Technology Mandi","Mandi","India"
"","View last title","","","",""
"","","","","","",""
"293 57210582725 (i) on (i)","Pundhir, Nayan","7","4","Indian Institute of Technology Mandi","Mandi","India"
"","View last title","","","",""
"","","","","","",""
"294 57209884711 (i) on (i)","Rani, M.  Rani, Manjeet   Rani, M.","7","4","Indian Institute of Technology Mandi","Mandi","India"
"","View last title","","","",""
"","","","","","",""
"295 57650296700 (i) on (i)","Sarkar, Ankita","7","6","Indian Institute of Technology Mandi","Mandi","India"
"","View last title","","","",""
"","","","","","",""
"296 57211420188 (i) on (i)","Shakir, Mohammed","7","2","Indian Institute of Technology Mandi","Mandi","India"
"","View last title","","","",""
"","","","","","",""
"297 57211159106 (i) on (i)","Sharma, Kajal","7","4","Indian Institute of Technology Mandi","Mandi","India"
"","View last title","","","",""
"","","","","","",""
"298 57214452389 (i) on (i)","Sharma, Monika  Sharma, M.","7","2","Indian Institute of Technology Mandi","Mandi","India"
"","View last title","","","",""
"","","","","","",""
"299 57213924531 (i) on (i)","Sharma, Shailja","7","2","Indian Institute of Technology Mandi","Mandi","India"
"","View last title","","","",""
"","","","","","",""
"300 57192209129 (i) on (i)","Yadav, Indu  Yadav, I.","7","3","Indian Institute of Technology Mandi","Mandi","India"
"","View last title","","","",""
"","","","","","",""
"301 57199710808 (i) on (i)","Yogesh, Midathala","7","2","Indian Institute of Technology Mandi","Mandi","India"
"","View last title","","","",""
"","","","","","",""
"302 57201336374 (i) on (i)","Aher, Yogesh N.  Aher, Yogesh","6","5","Indian Institute of Technology Mandi","Mandi","India"
"","View last title","","","",""
"","","","","","",""
"303 57219589296 (i) on (i)","Chandra, Subhash","6","2","Indian Institute of Technology Mandi","Mandi","India"
"","View last title","","","",""
"","","","","","",""
"304 57212219367 (i) on (i)","Dey, Supriya","6","3","Indian Institute of Technology Mandi","Mandi","India"
"","View last title","","","",""
"","","","","","",""
"305 57194288094 (i) on (i)","Ganguly, Moumita","6","2","Indian Institute of Technology Mandi","Mandi","India"
"","View last title","","","",""
"","","","","","",""
"306 57201854237 (i) on (i)","Garg, Akansha","6","3","Indian Institute of Technology Mandi","Mandi","India"
"","View last title","","","",""
"","","","","","",""
"307 57195563520 (i) on (i)","Gogoi, Rituporn","6","2","Indian Institute of Technology Mandi","Mandi","India"
"","View last title","","","",""
"","","","","","",""
"308 57703628500 (i) on (i)","Gupta, Aastha","6","2","Indian Institute of Technology Mandi","Mandi","India"
"","View last title","","","",""
"","","","","","",""
"309 57204711975 (i) on (i)","Guruprasad Reddy, Pulikanti","6","4","Faculty of Medicine","Jerusalem","Israel"
"","View last title","","","",""
"","","","","","",""
"310 55855227100 (i) on (i)","Haria, Kalpesh J.  Haria, Kalpesh","6","2","Indian Institute of Technology Mandi","Mandi","India"
"","View last title","","","",""
"","","","","","",""
"311 57194136841 (i) on (i)","Jyoti, Poonam","6","3","Indian Institute of Technology Mandi","Mandi","India"
"","View last title","","","",""
"","","","","","",""
"312 57214348049 (i) on (i)","Jyoti","6","1","Indian Institute of Technology Mandi","Mandi","India"
"","View last title","","","",""
"","","","","","",""
"313 57214209982 (i) on (i)","Kakoria, Ashish","6","4","Indian Institute of Technology Mandi","Mandi","India"
"","View last title","","","",""
"","","","","","",""
"314 57213856679 (i) on (i)","Kumar, Sahil","6","3","Indian Institute of Technology Mandi","Mandi","India"
"","View last title","","","",""
"","","","","","",""
"315 57199698994 (i) on (i)","Nandi, Santu","6","2","Indian Institute of Technology Mandi","Mandi","India"
"","View last title","","","",""
"","","","","","",""
"316 57217487169 (i) on (i)","Saumya, Kumar Udit","6","4","Indian Institute of Technology Mandi","Mandi","India"
"","View last title","","","",""
"","","","","","",""
"317 57210562245 (i) on (i)","Sharma, Smriti","6","2","Indian Institute of Technology Mandi","Mandi","India"
"","View last title","","","",""
"","","","","","",""
"318 57200822354 (i) on (i)","Shitole, Pankaj P.  Shitole, Pankaj","6","2","Indian Institute of Technology Mandi","Mandi","India"
"","View last title","","","",""
"","","","","","",""
"319 55428654200 (i) on (i)","Singh, Navneet","6","3","Indian Institute of Technology Mandi","Mandi","India"
"","View last title","","","",""
"","","","","","",""
"320 57204506413 (i) on (i)","Singh, Ranjit","6","2","Indian Institute of Technology Mandi","Mandi","India"
"","View last title","","","",""
"","","","","","",""
"321 57209889324 (i) on (i)","Thuppilakkadan, Afsal  Thuppilakkadan, A.","6","3","Indian Institute of Technology Mandi","Mandi","India"
"","View last title","","","",""
"","","","","","",""
"322 57262861000 (i) on (i)","Verma, Bhisham Dev","6","1","Indian Institute of Technology Mandi","Mandi","India"
"","View last title","","","",""
"","","","","","",""
"323 57192273201 (i) on (i)","Yadav, Neelesh","6","2","Indian Institute of Technology Mandi","Mandi","India"
"","View last title","","","",""
"","","","","","",""
"324 57198732642 (i) on (i)","Yadav, Saurabh  Saurabh Yadav","6","2","Indian Institute of Technology Mandi","Mandi","India"
"","View last title","","","",""
"","","","","","",""
"325 57218518262 (i) on (i)","Arya, Nitika","5","4","Indian Institute of Technology Mandi","Mandi","India"
"","View last title","","","",""
"","","","","","",""
"326 57218705167 (i) on (i)","Bashir, Misbah","5","2","Indian Institute of Technology Mandi","Mandi","India"
"","View last title","","","",""
"","","","","","",""
"327 57210175187 (i) on (i)","Brar, Jaskirat Singh  Brar, Jaskirat","5","1","Indian Institute of Technology Mandi","Mandi","India"
"","View last title","","","",""
"","","","","","",""
"328 57222060398 (i) on (i)","Chandel, Sheshang Singh","5","3","Indian Institute of Technology Mandi","Mandi","India"
"","View last title","","","",""
"","","","","","",""
"329 57217537705 (i) on (i)","Choudhary, Sumit","5","2","Indian Institute of Technology Mandi","Mandi","India"
"","View last title","","","",""
"","","","","","",""
"330 54956653100 (i) on (i)","Devadevan, Manu V.","5","1","Indian Institute of Technology Mandi","Mandi","India"
"","View last title","","","",""
"","","","","","",""
"331 57311393600 (i) on (i)","Dogra, Sourabh","5","1","Indian Institute of Technology Mandi","Mandi","India"
"","View last title","","","",""
"","","","","","",""
"332 57867532900 (i) on (i)","Dutt, Varun","5","2","Indian Institute of Technology Mandi","Mandi","India"
"","View last title","","","",""
"","","","","","",""
"333 57213145263 (i) on (i)","Gajjar, Margi","5","3","Indian Institute of Technology Mandi","Mandi","India"
"","View last title","","","",""
"","","","","","",""
"334 24824236500 (i) on (i)","Garg, Gagan","5","4","Indian Institute of Technology Mandi","Mandi","India"
"","View last title","","","",""
"","","","","","",""
"335 57217482063 (i) on (i)","Gujral, Shivam","5","1","Indian Institute of Technology Mandi","Mandi","India"
"","View last title","","","",""
"","","","","","",""
"336 57209198917 (i) on (i)","Illikkal, Muhammed Suhail","5","2","Indian Institute of Technology Mandi","Mandi","India"
"","View last title","","","",""
"","","","","","",""
"337 57543346400 (i) on (i)","Jawale, Rushiraj  Jawale, R.","5","0","Indian Institute of Technology Mandi","Mandi","India"
"","View last title","","","",""
"","","","","","",""
"338 57215835038 (i) on (i)","Joshi, Chandrakant","5","3","Indian Institute of Technology Mandi","Mandi","India"
"","View last title","","","",""
"","","","","","",""
"339 57219785910 (i) on (i)","Kumar, Manoj","5","1","Indian Institute of Technology Mandi","Mandi","India"
"","View last title","","","",""
"","","","","","",""
"340 57192410831 (i) on (i)","Kumar, Medha","5","2","Indian Institute of Technology Mandi","Mandi","India"
"","View last title","","","",""
"","","","","","",""
"341 57217398066 (i) on (i)","Kumar, Parmod","5","2","Indian Institute of Technology Mandi","Mandi","India"
"","View last title","","","",""
"","","","","","",""
"342 57213855987 (i) on (i)","Kumar, Sachin","5","4","Indian Institute of Technology Mandi","Mandi","India"
"","View last title","","","",""
"","","","","","",""
"343 57193153570 (i) on (i)","Kumari, Seema","5","2","Indian Institute of Technology Mandi","Mandi","India"
"","View last title","","","",""
"","","","","","",""
"344 57214726351 (i) on (i)","Rana, Kewal Singh","5","3","Indian Institute of Technology Mandi","Mandi","India"
"","View last title","","","",""
"","","","","","",""
"345 57208394541 (i) on (i)","Rawat, Prashant","5","3","Indian Institute of Technology Mandi","Mandi","India"
"","View last title","","","",""
"","","","","","",""
"346 57210578967 (i) on (i)","Raza, Ahmed","5","3","Indian Institute of Technology Mandi","Mandi","India"
"","View last title","","","",""
"","","","","","",""
"347 57215695757 (i) on (i)","Samanta, Chinmoy","5","1","Indian Institute of Technology Mandi","Mandi","India"
"","View last title","","","",""
"","","","","","",""
"348 57190295092 (i) on (i)","Sapra, Pulkit","5","3","Indian Institute of Technology Mandi","Mandi","India"
"","View last title","","","",""
"","","","","","",""
"349 57214977182 (i) on (i)","Saquib, Mohammad","5","4","Indian Institute of Technology Mandi","Mandi","India"
"","View last title","","","",""
"","","","","","",""
"350 57209929742 (i) on (i)","Sharma, Bijay","5","2","Indian Institute of Technology Mandi","Mandi","India"
"","View last title","","","",""
"","","","","","",""
"351 57745544100 (i) on (i)","Sharma, Shagun","5","1","Indian Institute of Technology Mandi","Mandi","India"
"","View last title","","","",""
"","","","","","",""
"352 55189848300 (i) on (i)","Shrikanth Reddy, G.","5","1","Indian Institute of Technology Mandi","Mandi","India"
"","View last title","","","",""
"","","","","","",""
"353 57208797837 (i) on (i)","Srivastava, Vinit","5","1","Indian Institute of Technology Mandi","Mandi","India"
"","View last title","","","",""
"","","","","","",""
"354 57220479939 (i) on (i)","Thakur, Diksha","5","3","Indian Institute of Technology Mandi","Mandi","India"
"","View last title","","","",""
"","","","","","",""
"355 57192113714 (i) on (i)","Upadhyay, Surya Prakash","5","2","Indian Institute of Technology Mandi","Mandi","India"
"","View last title","","","",""
"","","","","","",""
"356 57218437274 (i) on (i)","Verma, Anuj","5","3","Indian Institute of Technology Mandi","Mandi","India"
"","View last title","","","",""
"","","","","","",""
"357 57191033291 (i) on (i)","Verma, J. K.","5","2","Indian Institute of Technology Mandi","Mandi","India"
"","View last title","","","",""
"","","","","","",""
"358 57222732153 (i) on (i)","Adhikari, Jitendra","4","2","Indian Institute of Technology Mandi","Mandi","India"
"","View last title","","","",""
"","","","","","",""
"359 57208408987 (i) on (i)","Ahirwar, Dalchand","4","1","Indian Institute of Technology Mandi","Mandi","India"
"","View last title","","","",""
"","","","","","",""
"360 57191290503 (i) on (i)","Ajithkumar, Singaravelu  Ajithkumar, S.","4","4","Indian Institute of Technology Mandi","Mandi","India"
"","View last title","","","",""
"","","","","","",""
"361 57208128965 (i) on (i)","Alam, Sultan","4","2","Indian Institute of Technology Mandi","Mandi","India"
"","View last title","","","",""
"","","","","","",""
"362 57203142353 (i) on (i)","Arora, Puneet","4","1","Indian Institute of Technology Mandi","Mandi","India"
"","View last title","","","",""
"","","","","","",""
"363 57212058778 (i) on (i)","Bharath, M.","4","1","Indian Institute of Technology Mandi","Mandi","India"
"","View last title","","","",""
"","","","","","",""
"364 57210109791 (i) on (i)","Bhardwaj, Keshav","4","2","Indian Institute of Technology Mandi","Mandi","India"
"","View last title","","","",""
"","","","","","",""
"365 57209281557 (i) on (i)","Bhatia, Rhythm","4","2","Indian Institute of Technology Mandi","Mandi","India"
"","View last title","","","",""
"","","","","","",""
"366 57193952365 (i) on (i)","Bisht, Manju","4","3","Indian Institute of Technology Mandi","Mandi","India"
"","View last title","","","",""
"","","","","","",""
"367 57209466736 (i) on (i)","Bollimbala, Ashish","4","3","Indian Institute of Technology Mandi","Mandi","India"
"","View last title","","","",""
"","","","","","",""
"368 57214408699 (i) on (i)","Chauhan, Nitin Singh 					    Chauhan, Nitin","4","2","Indian Institute of Technology Mandi","Mandi","India"
"","View last title","","","",""
"","","","","","",""
"369 57189995167 (i) on (i)","Chhetri, Nilamber","4","2","Indian Institute of Technology Mandi","Mandi","India"
"","View last title","","","",""
"","","","","","",""
"370 57195974601 (i) on (i)","Daniel, P. Vineeth","4","3","Indian Institute of Technology Mandi","Mandi","India"
"","View last title","","","",""
"","","","","","",""
"371 57203661302 (i) on (i)","Deo, Ankita","4","1","Indian Institute of Technology Mandi","Mandi","India"
"","View last title","","","",""
"","","","","","",""
"372 57201620294 (i) on (i)","Faizan, Mohammad Ahmad  Faizan, M.   Faizan, Mohammad A.","4","3","Indian Institute of Technology Mandi","Mandi","India"
"","View last title","","","",""
"","","","","","",""
"373 57212609266 (i) on (i)","Gehi, Bhuvaneshwari R.","4","3","Indian Institute of Technology Mandi","Mandi","India"
"","View last title","","","",""
"","","","","","",""
"374 57195503987 (i) on (i)","Gupta, Vivek S.S.R.  Gupta, V. S.S.R.   Gupta, Vivek","4","1","Indian Institute of Technology Mandi","Mandi","India"
"","View last title","","","",""
"","","","","","",""
"375 57191952889 (i) on (i)","Hanumanthu, Korakuti  Korakuti, Hanumanthu   Hanumanthu, K.","4","1","Indian Institute of Technology Mandi","Mandi","India"
"","View last title","","","",""
"","","","","","",""
"376 57215854817 (i) on (i)","Jangid, Aditi","4","1","Indian Institute of Technology Mandi","Mandi","India"
"","View last title","","","",""
"","","","","","",""
"377 57202541808 (i) on (i)","Kaur, Gurpreet","4","2","Indian Institute of Technology Mandi","Mandi","India"
"","View last title","","","",""
"","","","","","",""
"378 57206266000 (i) on (i)","Kumar, Akash","4","3","Indian Institute of Technology Mandi","Mandi","India"
"","View last title","","","",""
"","","","","","",""
"379 57220101111 (i) on (i)","Kumar, Hitesh","4","2","Indian Institute of Technology Mandi","Mandi","India"
"","View last title","","","",""
"","","","","","",""
"380 57210581444 (i) on (i)","Kumar, Trivender","4","2","Indian Institute of Technology Mandi","Mandi","India"
"","View last title","","","",""
"","","","","","",""
"381 56134968500 (i) on (i)","Kumar B, Dinesh  B., Dinesh Kumar   B, Dinesh Kumar","4","2","Indian Institute of Technology Mandi","Mandi","India"
"","View last title","","","",""
"","","","","","",""
"382 57204058836 (i) on (i)","Kuncham, Eshwar  kuncham, Eshwar","4","0","Indian Institute of Technology Mandi","Mandi","India"
"","View last title","","","",""
"","","","","","",""
"383 57210798797 (i) on (i)","Madan, Chetna","4","1","Indian Institute of Technology Mandi","Mandi","India"
"","View last title","","","",""
"","","","","","",""
"384 57218403888 (i) on (i)","Majee, Sudeb","4","2","Indian Institute of Technology Mandi","Mandi","India"
"","View last title","","","",""
"","","","","","",""
"385 57225147254 (i) on (i)","Marwaha, Shikha","4","1","Indian Institute of Technology Mandi","Mandi","India"
"","View last title","","","",""
"","","","","","",""
"386 57221017913 (i) on (i)","Mishra, Rahul","4","1","Indian Institute of Technology Mandi","Mandi","India"
"","View last title","","","",""
"","","","","","",""
"387 57218710406 (i) on (i)","Mohan, Chander","4","2","Indian Institute of Technology Mandi","Mandi","India"
"","View last title","","","",""
"","","","","","",""
"388 57214094732 (i) on (i)","Mori, Deepak","4","2","Indian Institute of Technology Mandi","Mandi","India"
"","View last title","","","",""
"","","","","","",""
"389 57211627462 (i) on (i)","Mudra, Swati","4","1","Indian Institute of Technology Mandi","Mandi","India"
"","View last title","","","",""
"","","","","","",""
"390 57205323431 (i) on (i)","Mulay, Manasi R.","4","2","Indian Institute of Technology Mandi","Mandi","India"
"","View last title","","","",""
"","","","","","",""
"391 57218555305 (i) on (i)","Nayek, Partha Sarathi","4","2","Indian Institute of Technology Mandi","Mandi","India"
"","View last title","","","",""
"","","","","","",""
"392 57211252594 (i) on (i)","Qureshi, Mohammad Ishtiyaq","4","2","Indian Institute of Technology Mandi","Mandi","India"
"","View last title","","","",""
"","","","","","",""
"393 57221840601 (i) on (i)","Ranaut, Dheeraj","4","1","Indian Institute of Technology Mandi","Mandi","India"
"","View last title","","","",""
"","","","","","",""
"394 57189898803 (i) on (i)","Rehman, Faria  Rehman, F.","4","2","Indian Institute of Technology Mandi","Mandi","India"
"","View last title","","","",""
"","","","","","",""
"395 57201339754 (i) on (i)","Romana, Harsimranjit Kaur  Romana, H. K.","4","2","Indian Institute of Technology Mandi","Mandi","India"
"","View last title","","","",""
"","","","","","",""
"396 57033770800 (i) on (i)","Sachdev, Abhijeet","4","2","Indian Institute of Technology Mandi","Mandi","India"
"","View last title","","","",""
"","","","","","",""
"397 57225445637 (i) on (i)","Saini, Tushar","4","1","Indian Institute of Technology Mandi","Mandi","India"
"","View last title","","","",""
"","","","","","",""
"398 56288793200 (i) on (i)","Sao, Reshma","4","4","Indian Institute of Technology Mandi","Mandi","India"
"","View last title","","","",""
"","","","","","",""
"399 57205587733 (i) on (i)","Semwal, Tarun","4","1","Indian Institute of Technology Mandi","Mandi","India"
"","View last title","","","",""
"","","","","","",""
"400 57202358040 (i) on (i)","Sethi, Devika","4","1","Indian Institute of Technology Mandi","Mandi","India"
"","View last title","","","",""
"","","","","","",""