"Result Number","Author","Documents","h-index          Author metrics Scopus is adding an array of metrics for researchers. As an initial step, the h-index has been added.  The h-graph is one way of displaying and comparing the productivity and impact of published work of scholars. It should only be used together with a mix of quantitative and qualitative metrics.  More metrics will be added in the course of the year.","Affiliation","City","Country/Territory"
"1 35228014900 (i) on (i)","Sengupta, Anand S.  Sengupta, A. S.   Sengupta, Anand S.   Sen Gupta, Anand S.   Sen Gupta, A. S.   Sengupta, Anand","247","87","Indian Institute of Technology Gandhinagar","Gandhinagar","India"
"","View last title","","","",""
"","","","","","",""
"2 57217676952 (i) on (i)","Sharma, Vishnu Dutt  Sharma, V. D.   Sharma, V.   Sharma, Vishnu D.","126","19","Indian Institute of Technology Gandhinagar","Gandhinagar","India"
"","View last title","","","",""
"","","","","","",""
"3 55417035000 (i) on (i)","Mishra, Vimal  Mishra, V.","122","44","Indian Institute of Technology Gandhinagar","Gandhinagar","India"
"","View last title","","","",""
"","","","","","",""
"4 57215571971 (i) on (i)","Mehrotra, Surya Pratap  Mehrotra, Surya P.   Mehrotra, Surya Pratao   Mehrotra, S.   Mehrotra, S. P.","120","26","Indian Institute of Technology Gandhinagar","Gandhinagar","India"
"","View last title","","","",""
"","","","","","",""
"5 7103158845 (i) on (i)","Chakrabarty, Soumyabrata B.  Chakrabarty, Soumyabrata   Chakrabarty, Soumybrata   Chakrabarty, S. B.   Chakrabarty, S.","104","11","Indian Institute of Technology Gandhinagar","Gandhinagar","India"
"","View last title","","","",""
"","","","","","",""
"6 35564396600 (i) on (i)","Jain, Sudhir K.  Jain, S. K.   Jain, Sudnir K.   Jain, S.","103","23","Indian Institute of Technology Gandhinagar","Gandhinagar","India"
"","View last title","","","",""
"","","","","","",""
"7 7004184840 (i) on (i)","Mohapatra, Nihar Ranjan  Mohapatra, N.   Mohapatra, N. R.   Mohapatra, Nihar   Mohapatra, Nihar R.","100","11","Indian Institute of Technology Gandhinagar","Gandhinagar","India"
"","View last title","","","",""
"","","","","","",""
"8 24822183000 (i) on (i)","Raman, Shanmuganathan  Raman, Shanmugananthan   Raman, S.","99","13","Indian Institute of Technology Gandhinagar","Gandhinagar","India"
"","View last title","","","",""
"","","","","","",""
"9 35583052300 (i) on (i)","Saha, Biswajit  Saha, B.   Sah, B.","95","25","Indian Institute of Technology Gandhinagar","Gandhinagar","India"
"","View last title","","","",""
"","","","","","",""
"10 26639244000 (i) on (i)","George, Nithin V.  George, N. V.","93","19","Indian Institute of Technology Gandhinagar","Gandhinagar","India"
"","View last title","","","",""
"","","","","","",""
"11 26021383200 (i) on (i)","Misra, Neeldhara","92","16","Indian Institute of Technology Gandhinagar","Gandhinagar","India"
"","View last title","","","",""
"","","","","","",""
"12 24537626100 (i) on (i)","Pindoriya, Naran M.  Manji, Pindoriya Naran   Pindoriya, Naran M.   Pindoriya, N. M.   Pindoriya, Naran","91","18","Indian Institute of Technology Gandhinagar","Gandhinagar","India"
"","View last title","","","",""
"","","","","","",""
"13 35119157400 (i) on (i)","Lahiri, Uttama","81","13","Indian Institute of Technology Gandhinagar","Gandhinagar","India"
"","View last title","","","",""
"","","","","","",""
"14 7407262918 (i) on (i)","Singh, Rishi Narain  Singh, R. N.   SINGH, R. N.   Singh, Rishi N.","78","16","Indian Institute of Technology Gandhinagar","Gandhinagar","India"
"","View last title","","","",""
"","","","","","",""
"15 8873060600 (i) on (i)","Hegde, Ravi Sadananda  Hegde, R. S.   Hegde, Ravi   Hedge, Ravi   HEGDE, RAVI   Hegde, Ravi S.","77","16","Indian Institute of Technology Gandhinagar","Gandhinagar","India"
"","View last title","","","",""
"","","","","","",""
"16 14045199500 (i) on (i)","Khanna, Nitin  Khanna, N.","75","22","Indian Institute of Technology Gandhinagar","Gandhinagar","India"
"","View last title","","","",""
"","","","","","",""
"17 55491662200 (i) on (i)","Sharma, Sudhanshu C.  Sharma, Sudhanshu   sharma, Sudhanshu   Sharma, S. C.   Sharma, S.","72","21","Indian Institute of Technology Gandhinagar","Gandhinagar","India"
"","View last title","","","",""
"","","","","","",""
"18 57200310657 (i) on (i)","Chakravarti, Kabir  Chakravarti, K.","71","34","Indian Institute of Technology Gandhinagar","Gandhinagar","India"
"","View last title","","","",""
"","","","","","",""
"19 15926135900 (i) on (i)","Sachan, Ajanta  Sachan, A.","70","9","Indian Institute of Technology Gandhinagar","Gandhinagar","India"
"","View last title","","","",""
"","","","","","",""
"20 7403992950 (i) on (i)","Venkatappa Rao, Guda Venkatappa  Rao, G. Venkatappa   Venkatappa Rao, G.   Rao, Guda Venkatappa   Rao, Guda V.   Rao, G. V.","70","15","Indian Institute of Technology Gandhinagar","Gandhinagar","India"
"","View last title","","","",""
"","","","","","",""
"21 6506448959 (i) on (i)","Kanvah, Sriram  Kanvah, S.","67","18","Indian Institute of Technology Gandhinagar","Gandhinagar","India"
"","View last title","","","",""
"","","","","","",""
"22 6506846606 (i) on (i)","Palanthandalam-Madapusi, Harish J.  Palanthandalam-Madapusi, Harish   Palanthandalam-Madapusi, H. J.   Palanthandalam-Madapusi, H.","67","14","Indian Institute of Technology Gandhinagar","Gandhinagar","India"
"","View last title","","","",""
"","","","","","",""
"23 8711689000 (i) on (i)","Dalvi, Sameer Vishvanath  Dalvi, Sameer V.   Dalvi, Sameer   Vishvanath Dalvi, Sameer","66","21","Indian Institute of Technology Gandhinagar","Gandhinagar","India"
"","View last title","","","",""
"","","","","","",""
"24 57218390359 (i) on (i)","Chandra, Vinod Ravi  Chandra, V. Ravi   Chandra, Vinod   Chandra, V.   Ravi Chandra, V. R.   Ravi Chandra, V.","64","23","Indian Institute of Technology Gandhinagar","Gandhinagar","India"
"","View last title","","","",""
"","","","","","",""
"25 15841786500 (i) on (i)","Ghoroi, Chinmay  Ghoroi, C.","64","19","Indian Institute of Technology Gandhinagar","Gandhinagar","India"
"","View last title","","","",""
"","","","","","",""
"26 14422336700 (i) on (i)","Misra, Superb K.  Misra, S.   Misra, Superb Kumar   Misra, Superb   Misra, S. K.","64","32","Indian Institute of Technology Gandhinagar","Gandhinagar","India"
"","View last title","","","",""
"","","","","","",""
"27 7401470600 (i) on (i)","Jain, Vikrant  Jain, V.","61","23","Indian Institute of Technology Gandhinagar","Gandhinagar","India"
"","View last title","","","",""
"","","","","","",""
"28 8578057300 (i) on (i)","Prashant, Amit  Prashant, A.","61","10","Indian Institute of Technology Gandhinagar","Gandhinagar","India"
"","View last title","","","",""
"","","","","","",""
"29 26644774600 (i) on (i)","Chakraborty, Arup Lal  Chakraborty, Arup L.   Chakraborty, A. L.   Lal Chakraborty, Arup   Chakraborty, A.","59","10","Indian Institute of Technology Gandhinagar","Gandhinagar","India"
"","View last title","","","",""
"","","","","","",""
"30 15820341000 (i) on (i)","Dasgupta, Anirban","59","24","Indian Institute of Technology Gandhinagar","Gandhinagar","India"
"","View last title","","","",""
"","","","","","",""
"31 36786533300 (i) on (i)","Mohapatra, Pranab Kumar  Mohapatra, Pranab   Mohapatra, Pranab K.   Mohapatra, P. K.   MOHAPATRA, P. R.A.N.A.B.","54","11","Indian Institute of Technology Gandhinagar","Gandhinagar","India"
"","View last title","","","",""
"","","","","","",""
"32 57197710175 (i) on (i)","Saha, Jhuma  Saha, J.","54","8","Indian Institute of Technology Gandhinagar","Gandhinagar","India"
"","View last title","","","",""
"","","","","","",""
"33 26633562900 (i) on (i)","Basu, Sudipta","51","18","Indian Institute of Technology Gandhinagar","Gandhinagar","India"
"","View last title","","","",""
"","","","","","",""
"34 55504350300 (i) on (i)","Bhattacharyya, Arpan  Bhattacharyy, Arpan","51","17","Indian Institute of Technology Gandhinagar","Gandhinagar","India"
"","View last title","","","",""
"","","","","","",""
"35 7102202387 (i) on (i)","Gupta, Iti","51","22","Indian Institute of Technology Gandhinagar","Gandhinagar","India"
"","View last title","","","",""
"","","","","","",""
"36 24829351100 (i) on (i)","Khatua, Saumyakanti","50","17","Indian Institute of Technology Gandhinagar","Gandhinagar","India"
"","View last title","","","",""
"","","","","","",""
"37 35758572200 (i) on (i)","Dixit, Atul  DIxit, Atul   DIXIT, ATUL","49","9","Indian Institute of Technology Gandhinagar","Gandhinagar","India"
"","View last title","","","",""
"","","","","","",""
"38 35110944100 (i) on (i)","Devidas Bhatia, Dhiraj  Bhatia, Dhiraj","48","11","Indian Institute of Technology Gandhinagar","Gandhinagar","India"
"","View last title","","","",""
"","","","","","",""
"39 57022653300 (i) on (i)","Singh, Mayank","48","6","Indian Institute of Technology Gandhinagar","Gandhinagar","India"
"","View last title","","","",""
"","","","","","",""
"40 7005084689 (i) on (i)","Misra, Gadadhar  Misra, G.   MISRA, GADADHAR","47","12","Indian Institute of Technology Gandhinagar","Gandhinagar","India"
"","View last title","","","",""
"","","","","","",""
"41 6504358330 (i) on (i)","Thiruvenkatam, Vijay  Thiruvenkatam, V.","47","8","Indian Institute of Technology Gandhinagar","Gandhinagar","India"
"","View last title","","","",""
"","","","","","",""
"42 22333638200 (i) on (i)","Agarwal, Tarun Kumar  Agarwal, Tarun K.   Agarwal, T. K.   Agarwal, T.   Agarwal, Tarun","46","12","Indian Institute of Technology Gandhinagar","Gandhinagar","India"
"","View last title","","","",""
"","","","","","",""
"43 9740752500 (i) on (i)","Mallajosyula, Sairam Swaroop  Mallajosyula, Sairam S.   Mallajosyala, Sairam S.","46","19","Indian Institute of Technology Gandhinagar","Gandhinagar","India"
"","View last title","","","",""
"","","","","","",""
"44 56286167700 (i) on (i)","Sarkar, Sudipta","46","14","Indian Institute of Technology Gandhinagar","Gandhinagar","India"
"","View last title","","","",""
"","","","","","",""
"45 55385813600 (i) on (i)","Banerjee, Rupak  Banerjee, R.","45","14","Indian Institute of Technology Gandhinagar","Gandhinagar","India"
"","View last title","","","",""
"","","","","","",""
"46 35572252400 (i) on (i)","Basu, Dhiman  Basu, D.","45","11","Indian Institute of Technology Gandhinagar","Gandhinagar","India"
"","View last title","","","",""
"","","","","","",""
"47 12139624500 (i) on (i)","Miyapuram, Krishna Prasad  Miyapuram, Krishna P.   Miyapuram, Krishna   Miyapuram, K. P.   Prasad Miyapuram, Krishna","44","8","Indian Institute of Technology Gandhinagar","Gandhinagar","India"
"","View last title","","","",""
"","","","","","",""
"48 8367687200 (i) on (i)","Kanagaraj, Ragavan  Ragavan, K.","43","8","Indian Institute of Technology Gandhinagar","Gandhinagar","India"
"","View last title","","","",""
"","","","","","",""
"49 7005380870 (i) on (i)","Mukhopadhyay, Jyoti  Mukhopadhyay, J.","43","11","Indian Institute of Technology Gandhinagar","Gandhinagar","India"
"","View last title","","","",""
"","","","","","",""
"50 53980678300 (i) on (i)","Vashista, Vineet  Vashista, V.","43","9","Indian Institute of Technology Gandhinagar","Gandhinagar","India"
"","View last title","","","",""
"","","","","","",""
"51 7801483228 (i) on (i)","Mekie, Joycee","42","5","Indian Institute of Technology Gandhinagar","Gandhinagar","India"
"","View last title","","","",""
"","","","","","",""
"52 24342473800 (i) on (i)","Tyagi, Jagmohan  Tyagi, J.","42","7","Indian Institute of Technology Gandhinagar","Gandhinagar","India"
"","View last title","","","",""
"","","","","","",""
"53 25026741300 (i) on (i)","Bhargav, Atul  Bhargav, A.","41","10","Indian Institute of Technology Gandhinagar","Gandhinagar","India"
"","View last title","","","",""
"","","","","","",""
"54 57194453244 (i) on (i)","Roy, Soumen  Roy, S.","41","17","Indian Institute of Technology Gandhinagar","Gandhinagar","India"
"","View last title","","","",""
"","","","","","",""
"55 15059569000 (i) on (i)","Subramanyam, Malavika Ambale  Subramanyam, Malavika   Subramanyam, Malavika A.","41","18","Indian Institute of Technology Gandhinagar","Gandhinagar","India"
"","View last title","","","",""
"","","","","","",""
"56 15137656700 (i) on (i)","Thareja, Prachi  Thareja, P.","40","11","Indian Institute of Technology Gandhinagar","Gandhinagar","India"
"","View last title","","","",""
"","","","","","",""
"57 11941043500 (i) on (i)","Dayal, Pratyush","39","14","Indian Institute of Technology Gandhinagar","Gandhinagar","India"
"","View last title","","","",""
"","","","","","",""
"58 55296062900 (i) on (i)","Panda, Emila  Panda, Emlla   Panda, E.","39","11","Indian Institute of Technology Gandhinagar","Gandhinagar","India"
"","View last title","","","",""
"","","","","","",""
"59 55817552809 (i) on (i)","Chakraborty, Arindam  Chakraborty, Arindham   Chakraborty, A.","38","15","Indian Institute of Technology Gandhinagar","Gandhinagar","India"
"","View last title","","","",""
"","","","","","",""
"60 55570910100 (i) on (i)","Batra, Nipun","37","13","Indian Institute of Technology Gandhinagar","Gandhinagar","India"
"","View last title","","","",""
"","","","","","",""
"61 7102013332 (i) on (i)","Datta, Bhaskar  Datta, Dr Bhaskar   Datta, B.","37","10","Indian Institute of Technology Gandhinagar","Gandhinagar","India"
"","View last title","","","",""
"","","","","","",""
"62 6603124129 (i) on (i)","Jasuja, Kabeer L.  Jasuja, Kabeer   Jasuja, K. L.","37","11","Indian Institute of Technology Gandhinagar","Gandhinagar","India"
"","View last title","","","",""
"","","","","","",""
"63 6506395581 (i) on (i)","Padhiyar, Nitin U.  Padhiyar, Nitin U.   Padiyar, Nitin U.   Padhiyar, Nitin","35","11","Indian Institute of Technology Gandhinagar","Gandhinagar","India"
"","View last title","","","",""
"","","","","","",""
"64 57204301849 (i) on (i)","Shekhar, Himanshu  Shekar, Himanshu","35","11","Indian Institute of Technology Gandhinagar","Gandhinagar","India"
"","View last title","","","",""
"","","","","","",""
"65 34971996000 (i) on (i)","Soppina, Virupakshi  Virupakshi, S.","34","13","Indian Institute of Technology Gandhinagar","Gandhinagar","India"
"","View last title","","","",""
"","","","","","",""
"66 14036925800 (i) on (i)","Das, Bireswar","33","6","Indian Institute of Technology Gandhinagar","Gandhinagar","India"
"","View last title","","","",""
"","","","","","",""
"67 55204651500 (i) on (i)","Ghosh, Uddipta  Ghosh, U.","33","12","Indian Institute of Technology Gandhinagar","Gandhinagar","India"
"","View last title","","","",""
"","","","","","",""
"68 35933544200 (i) on (i)","Kirubakaran, Sivapriya  Kirubakaran, Shivapriya","33","8","Indian Institute of Technology Gandhinagar","Gandhinagar","India"
"","View last title","","","",""
"","","","","","",""
"69 56541130200 (i) on (i)","Lone, Mohsin Yousuf  Lone, Mohsinyousuf   Lone, Mohsin Y.   Lone, Mohsin   Lone, M. Y.","32","12","Indian Institute of Technology Gandhinagar","Gandhinagar","India"
"","View last title","","","",""
"","","","","","",""
"70 22433827000 (i) on (i)","Mishra, Abhijit  Mishra, A.","32","11","Indian Institute of Technology Gandhinagar","Gandhinagar","India"
"","View last title","","","",""
"","","","","","",""
"71 36609161100 (i) on (i)","Saha, Sarmistha","32","12","Indian Institute of Technology Gandhinagar","Gandhinagar","India"
"","View last title","","","",""
"","","","","","",""
"72 56769799800 (i) on (i)","Nemala, Siva Sankar  Nemala, Sivasankar   Nemala, Siva S.","31","13","Indian Institute of Technology Gandhinagar","Gandhinagar","India"
"","View last title","","","",""
"","","","","","",""
"73 56270520700 (i) on (i)","Swaminathan, Jaichander","31","19","Indian Institute of Technology Gandhinagar","Gandhinagar","India"
"","View last title","","","",""
"","","","","","",""
"74 57224139665 (i) on (i)","Mondal, Biswajit  Mondal, B.","30","18","Indian Institute of Technology Gandhinagar","Gandhinagar","India"
"","View last title","","","",""
"","","","","","",""
"75 23985915100 (i) on (i)","Mutha, Pratik K.  Mutha, P. K.   Mutha, Pratik","30","15","Indian Institute of Technology Gandhinagar","Gandhinagar","India"
"","View last title","","","",""
"","","","","","",""
"76 57190878503 (i) on (i)","Pareek, Vikas  Pareek, V.","30","11","Indian Institute of Technology Gandhinagar","Gandhinagar","India"
"","View last title","","","",""
"","","","","","",""
"77 56506245500 (i) on (i)","Patel, Vinal","30","10","Indian Institute of Technology Gandhinagar","Gandhinagar","India"
"","View last title","","","",""
"","","","","","",""
"78 57210846401 (i) on (i)","Gautam, Abhay Raj Singh  Gautam, Abhay Raj S.   Gautam, A. R.S.   Gautam, Abhay R.Singh   Gautam, Abhay   Gautam, Abhay R.S.   Gautam, A.","28","12","Indian Institute of Technology Gandhinagar","Gandhinagar","India"
"","View last title","","","",""
"","","","","","",""
"79 7202602245 (i) on (i)","Joshi, Mohan C.  Joshi, M. C.   Joshi, M.   Joshi, Mohan","28","7","Indian Institute of Technology Gandhinagar","Gandhinagar","India"
"","View last title","","","",""
"","","","","","",""
"80 57214766764 (i) on (i)","Siva Subramanian, Srikrishnan  Subramanian, Srikrishnan Siva   Srikrishnan, S.   Subramanian, Srikrishna Siva   Srikrishnan, Siva Subramanian   Siva Subramanian, S.","28","11","Indian Institute of Technology Gandhinagar","Gandhinagar","India"
"","View last title","","","",""
"","","","","","",""
"81 57210550842 (i) on (i)","Ghosh, Pradipta  Ghosh, P.","27","10","Osterreichische Akademie Der Wissenschaften","Vienna","Austria"
"","View last title","","","",""
"","","","","","",""
"82 55138213500 (i) on (i)","Paul, Tufan  Paul, T.","27","9","Indian Institute of Technology Gandhinagar","Gandhinagar","India"
"","View last title","","","",""
"","","","","","",""
"83 57015130000 (i) on (i)","Bhatia, Udit","26","7","Indian Institute of Technology Gandhinagar","Gandhinagar","India"
"","View last title","","","",""
"","","","","","",""
"84 8677250300 (i) on (i)","Dey, Krishna Kanti  Dey, Krishna K.","26","17","Indian Institute of Technology Gandhinagar","Gandhinagar","India"
"","View last title","","","",""
"","","","","","",""
"85 9733701500 (i) on (i)","Singh, Umashankar  Singh, U.","26","10","Indian Institute of Technology Gandhinagar","Gandhinagar","India"
"","View last title","","","",""
"","","","","","",""
"86 57207400924 (i) on (i)","Gupta, Sharad","25","10","Indian Institute of Technology Gandhinagar","Gandhinagar","India"
"","View last title","","","",""
"","","","","","",""
"87 57193336883 (i) on (i)","Jana, Achintya","25","9","Indian Institute of Technology Gandhinagar","Gandhinagar","India"
"","View last title","","","",""
"","","","","","",""
"88 23979534500 (i) on (i)","Agrawal, Anuj","24","6","Indian Institute of Technology Gandhinagar","Gandhinagar","India"
"","View last title","","","",""
"","","","","","",""
"89 57191339154 (i) on (i)","Kulkarni, Sameer G.  Kulkarni, Sameer","24","8","Indian Institute of Technology Gandhinagar","Gandhinagar","India"
"","View last title","","","",""
"","","","","","",""
"90 36570758100 (i) on (i)","Nellaiappan, Subramanian","24","11","Indian Institute of Technology Gandhinagar","Gandhinagar","India"
"","View last title","","","",""
"","","","","","",""
"91 57733230100 (i) on (i)","Panda, Soumyashree S.  Panda, Soumya R.","24","9","Indian Institute of Technology Gandhinagar","Gandhinagar","India"
"","View last title","","","",""
"","","","","","",""
"92 56122797900 (i) on (i)","Prasanna Venkatesh, B.  Prasanna Venkatesh, B.   Venkatesh, B. Prasanna","24","13","Indian Institute of Technology Gandhinagar","Gandhinagar","India"
"","View last title","","","",""
"","","","","","",""
"93 36455096200 (i) on (i)","Jayaprakash, K. R.","23","10","Indian Institute of Technology Gandhinagar","Gandhinagar","India"
"","View last title","","","",""
"","","","","","",""
"94 57001895200 (i) on (i)","Patel, Sameer  Patel, S.","23","11","Indian Institute of Technology Gandhinagar","Gandhinagar","India"
"","View last title","","","",""
"","","","","","",""
"95 7403351984 (i) on (i)","Ali, Afsar  Ali, A.","22","10","Indian Institute of Technology Gandhinagar","Gandhinagar","India"
"","View last title","","","",""
"","","","","","",""
"96 57192082053 (i) on (i)","Bhattacharjee, Sankha Subhra  Subhra Bhattacharjee, Sankha","22","8","Indian Institute of Technology Gandhinagar","Gandhinagar","India"
"","View last title","","","",""
"","","","","","",""
"97 15047797900 (i) on (i)","Coleppa, Baradhwaj  Coleppa, B.","22","11","Indian Institute of Technology Gandhinagar","Gandhinagar","India"
"","View last title","","","",""
"","","","","","",""
"98 57200224911 (i) on (i)","Kurian, Manu","22","8","Indian Institute of Technology Gandhinagar","Gandhinagar","India"
"","View last title","","","",""
"","","","","","",""
"99 55138373900 (i) on (i)","Shaik, Althaf","21","7","Indian Institute of Technology Gandhinagar","Gandhinagar","India"
"","View last title","","","",""
"","","","","","",""
"100 7102473296 (i) on (i)","Pai, Devidas V.  Pai, Devidas   Pai, D. V.","20","7","Indian Institute of Technology Gandhinagar","Gandhinagar","India"
"","View last title","","","",""
"","","","","","",""
"101 57203871694 (i) on (i)","Sahoo, Aditi K.  Sahoo, Aditi   Sahoo, A. K.   Sahoo, A.","20","5","Indian Institute of Technology Gandhinagar","Gandhinagar","India"
"","View last title","","","",""
"","","","","","",""
"102 54782010500 (i) on (i)","Vadali, Madhu","20","7","Indian Institute of Technology Gandhinagar","Gandhinagar","India"
"","View last title","","","",""
"","","","","","",""
"103 57192545615 (i) on (i)","Aadhar, Saran  Aadhar, S.","19","15","Indian Institute of Technology Gandhinagar","Gandhinagar","India"
"","View last title","","","",""
"","","","","","",""
"104 57190437070 (i) on (i)","Cherukuri, S. Hari Charan  Charan Cherukuri, S. Hari   HariCharanCherukuri, S.   Hari Charan Cherukuri, S.   Cherukuri, S. Hari Charan","19","6","Indian Institute of Technology Gandhinagar","Gandhinagar","India"
"","View last title","","","",""
"","","","","","",""
"105 55946199900 (i) on (i)","Karde, Vikram","19","9","Indian Institute of Technology Gandhinagar","Gandhinagar","India"
"","View last title","","","",""
"","","","","","",""
"106 56957547500 (i) on (i)","Patel, Rajan","19","6","Indian Institute of Technology Gandhinagar","Gandhinagar","India"
"","View last title","","","",""
"","","","","","",""
"107 57062339700 (i) on (i)","Radhakrishna, Mithun","19","10","Indian Institute of Technology Gandhinagar","Gandhinagar","India"
"","View last title","","","",""
"","","","","","",""
"108 6603673915 (i) on (i)","Sengupta, Indranath  Sengupta, I.   SENGUPTA, INDRANATH","19","4","Indian Institute of Technology Gandhinagar","Gandhinagar","India"
"","View last title","","","",""
"","","","","","",""
"109 56404940600 (i) on (i)","Gupta, Manoj","18","9","Indian Institute of Technology Gandhinagar","Gandhinagar","India"
"","View last title","","","",""
"","","","","","",""
"110 8291285900 (i) on (i)","Narayanan, Vinod  Vinod, N.   Vinod, Narayanan","18","5","Indian Institute of Technology Gandhinagar","Gandhinagar","India"
"","View last title","","","",""
"","","","","","",""
"111 54795528200 (i) on (i)","Rane, Kaustubh S.  Rane, Kaustubh S.   Rane, Kaustubh","18","8","Indian Institute of Technology Gandhinagar","Gandhinagar","India"
"","View last title","","","",""
"","","","","","",""
"112 7202310810 (i) on (i)","Srivastava, Pradeep Kumar  Srivastava, P. K.   Srivastava, Pradeep K.   Srivastava, Pradeep","18","8","Indian Institute of Technology Gandhinagar","Gandhinagar","India"
"","View last title","","","",""
"","","","","","",""
"113 7006817465 (i) on (i)","Yadav, Pradeep Kumar  Yadav, Pranjalee","18","9","Indian Institute of Technology Gandhinagar","Gandhinagar","India"
"","View last title","","","",""
"","","","","","",""
"114 36195392000 (i) on (i)","Appayee, Chandrakumar","17","9","Indian Institute of Technology Gandhinagar","Gandhinagar","India"
"","View last title","","","",""
"","","","","","",""
"115 56122125700 (i) on (i)","Choksi, Nishaant","17","5","Indian Institute of Technology Gandhinagar","Gandhinagar","India"
"","View last title","","","",""
"","","","","","",""
"116 54787852100 (i) on (i)","Joshi, Gayatri  Joshi, Gayatri K.","17","9","Indian Institute of Technology Gandhinagar","Gandhinagar","India"
"","View last title","","","",""
"","","","","","",""
"117 54082627300 (i) on (i)","Bichhawat, Abhishek","16","4","Indian Institute of Technology Gandhinagar","Gandhinagar","India"
"","View last title","","","",""
"","","","","","",""
"118 56736829100 (i) on (i)","Ganeriwala, Mohit D.  Ganeriwala, Mohit D.","16","5","Indian Institute of Technology Gandhinagar","Gandhinagar","India"
"","View last title","","","",""
"","","","","","",""
"119 57196740773 (i) on (i)","Nair, Prasanth P.  Nair, Prasanth P.","16","5","Indian Institute of Technology Gandhinagar","Gandhinagar","India"
"","View last title","","","",""
"","","","","","",""
"120 57254742100 (i) on (i)","Singh, Amit Kumar  Singh, Amarendra   SINGH, Amit Kumar   Singh, Amit   Singh, A. K.","16","8","Indian Institute of Technology Gandhinagar","Gandhinagar","India"
"","View last title","","","",""
"","","","","","",""
"121 57201576744 (i) on (i)","Srivastava, Gaurav","16","7","Indian Institute of Technology Gandhinagar","Gandhinagar","India"
"","View last title","","","",""
"","","","","","",""
"122 57202648087 (i) on (i)","Taki, Kaling","16","11","Indian Institute of Technology Gandhinagar","Gandhinagar","India"
"","View last title","","","",""
"","","","","","",""
"123 57195994683 (i) on (i)","Deshmukh, Akash A.  Deshmukh, Akash A.   Deshmukh, A. A.   Deshmukh, Akash","15","4","Indian Institute of Technology Gandhinagar","Gandhinagar","India"
"","View last title","","","",""
"","","","","","",""
"124 57225085165 (i) on (i)","Jha, Chandan Kumar","15","5","Indian Institute of Technology Gandhinagar","Gandhinagar","India"
"","View last title","","","",""
"","","","","","",""
"125 56465932000 (i) on (i)","Kansara, Krupa  Kansara, K.","15","10","Indian Institute of Technology Gandhinagar","Gandhinagar","India"
"","View last title","","","",""
"","","","","","",""
"126 56005800400 (i) on (i)","Komarath, Balagopal","15","2","Indian Institute of Technology Gandhinagar","Gandhinagar","India"
"","View last title","","","",""
"","","","","","",""
"127 57217153292 (i) on (i)","Kumar, Rahul  Kumar, R.","15","12","Indian Institute of Technology Gandhinagar","Gandhinagar","India"
"","View last title","","","",""
"","","","","","",""
"128 57197502632 (i) on (i)","Pandey, Pankaj","15","3","Indian Institute of Technology Gandhinagar","Gandhinagar","India"
"","View last title","","","",""
"","","","","","",""
"129 57212084962 (i) on (i)","Singh, Ashwin","15","6","Indian Institute of Technology Gandhinagar","Gandhinagar","India"
"","View last title","","","",""
"","","","","","",""
"130 56018960700 (i) on (i)","Surana, Neelam","15","3","Indian Institute of Technology Gandhinagar","Gandhinagar","India"
"","View last title","","","",""
"","","","","","",""
"131 57191478039 (i) on (i)","Vatwani, Akshaa","15","3","Indian Institute of Technology Gandhinagar","Gandhinagar","India"
"","View last title","","","",""
"","","","","","",""
"132 57219877685 (i) on (i)","Walia, Shanka","15","7","Indian Institute of Technology Gandhinagar","Gandhinagar","India"
"","View last title","","","",""
"","","","","","",""
"133 55782702100 (i) on (i)","Bora, Sanjay Singh  Bora, S. S.   Bora, Sanjay","14","8","Indian Institute of Technology Gandhinagar","Gandhinagar","India"
"","View last title","","","",""
"","","","","","",""
"134 8161018200 (i) on (i)","Guha-Khasnobis, Basudeb","14","7","Indian Institute of Technology Gandhinagar","Gandhinagar","India"
"","View last title","","","",""
"","","","","","",""
"135 56119223500 (i) on (i)","Joshi, Sharad","14","6","Indian Institute of Technology Gandhinagar","Gandhinagar","India"
"","View last title","","","",""
"","","","","","",""
"136 57214086795 (i) on (i)","Kantesaria, Naman","14","1","Indian Institute of Technology Gandhinagar","Gandhinagar","India"
"","View last title","","","",""
"","","","","","",""
"137 57218225501 (i) on (i)","Kumari, Neeraj","14","4","Indian Institute of Technology Gandhinagar","Gandhinagar","India"
"","View last title","","","",""
"","","","","","",""
"138 36701806800 (i) on (i)","Pahlajani, Chetan D.","14","6","Indian Institute of Technology Gandhinagar","Gandhinagar","India"
"","View last title","","","",""
"","","","","","",""
"139 56530333300 (i) on (i)","Ranganathan, Raghavan","14","7","Indian Institute of Technology Gandhinagar","Gandhinagar","India"
"","View last title","","","",""
"","","","","","",""
"140 57053479200 (i) on (i)","Rohith, G.  Rohith, G.","14","4","Indian Institute of Technology Gandhinagar","Gandhinagar","India"
"","View last title","","","",""
"","","","","","",""
"141 57206856839 (i) on (i)","Roy, Abhijit","14","4","Indian Institute of Technology Gandhinagar","Gandhinagar","India"
"","View last title","","","",""
"","","","","","",""
"142 57113054300 (i) on (i)","Shah, Harsh L.  Shah, H.   Shah, Harsh Lovekumar   Shah, Harsh   Shah, Harsh L.","14","11","Indian Institute of Technology Gandhinagar","Gandhinagar","India"
"","View last title","","","",""
"","","","","","",""
"143 55547111275 (i) on (i)","Singh, Ajit  Singh, A.","14","7","Indian Institute of Technology Gandhinagar","Gandhinagar","India"
"","View last title","","","",""
"","","","","","",""
"144 56926421800 (i) on (i)","Solanki, Dhaval","14","6","Indian Institute of Technology Gandhinagar","Gandhinagar","India"
"","View last title","","","",""
"","","","","","",""
"145 57192677200 (i) on (i)","Utsav","14","7","Indian Institute of Technology Gandhinagar","Gandhinagar","India"
"","View last title","","","",""
"","","","","","",""
"146 57193067602 (i) on (i)","Bhoir, Mandar S.  Bhoir, Mandar","13","4","Indian Institute of Technology Gandhinagar","Gandhinagar","India"
"","View last title","","","",""
"","","","","","",""
"147 57200193498 (i) on (i)","Gangrade, Ankit","13","7","Indian Institute of Technology Gandhinagar","Gandhinagar","India"
"","View last title","","","",""
"","","","","","",""
"148 36188085900 (i) on (i)","Jyoti, Vishav","13","7","Indian Institute of Technology Gandhinagar","Gandhinagar","India"
"","View last title","","","",""
"","","","","","",""
"149 57196119849 (i) on (i)","Khanna, Pankaj  Khanna, P.","13","4","Indian Institute of Technology Gandhinagar","Gandhinagar","India"
"","View last title","","","",""
"","","","","","",""
"150 57156669000 (i) on (i)","Kochunni, Sarun Kumar  Kochunni, S. K.   Kumar, Kochunni Sarun   Sarun, Kumar K.","13","5","Indian Institute of Technology Gandhinagar","Gandhinagar","India"
"","View last title","","","",""
"","","","","","",""
"151 56574738400 (i) on (i)","Mohapatra, Satyajit","13","3","Indian Institute of Technology Gandhinagar","Gandhinagar","India"
"","View last title","","","",""
"","","","","","",""
"152 55376345800 (i) on (i)","Rowthu, Sriharitha  Rowthu, S.   Sriharitha, R.","13","6","Indian Institute of Technology Gandhinagar","Gandhinagar","India"
"","View last title","","","",""
"","","","","","",""
"153 57201746944 (i) on (i)","Carmel, Santhia","12","3","SASTRA Deemed University","Thanjavur","India"
"","View last title","","","",""
"","","","","","",""
"154 57194856614 (i) on (i)","Chakraborty, Swaroop","12","6","University of Birmingham","Birmingham","United Kingdom"
"","View last title","","","",""
"","","","","","",""
"155 57162237900 (i) on (i)","Chattopadhyay, Arka","12","1","Indian Institute of Technology Gandhinagar","Gandhinagar","India"
"","View last title","","","",""
"","","","","","",""
"156 57216442015 (i) on (i)","Dhangar, Kiran","12","9","Indian Institute of Technology Gandhinagar","Gandhinagar","India"
"","View last title","","","",""
"","","","","","",""
"157 57204317223 (i) on (i)","Ghosh, Piue","12","5","Indian Institute of Technology Gandhinagar","Gandhinagar","India"
"","View last title","","","",""
"","","","","","",""
"158 57201021519 (i) on (i)","Kiran, P. Bala Sai  Kiran, P. B.S.   Patnam, Bala Sai Kiran","12","7","Indian Institute of Technology Gandhinagar","Gandhinagar","India"
"","View last title","","","",""
"","","","","","",""
"159 57307729400 (i) on (i)","Kumar, Ashwini R.Santha  Kumar, A.   Kumar, A. R.Santha   Kumar, Ashwini","12","8","Indian Institute of Technology Gandhinagar","Gandhinagar","India"
"","View last title","","","",""
"","","","","","",""
"160 7402094092 (i) on (i)","Majumdar, Sharmistha","12","4","Indian Institute of Technology Gandhinagar","Gandhinagar","India"
"","View last title","","","",""
"","","","","","",""
"161 55955420900 (i) on (i)","Manjaly, Jaison A.  Manjaly, Jaison A.   Manjaly, Jaison","12","4","Indian Institute of Technology Gandhinagar","Gandhinagar","India"
"","View last title","","","",""
"","","","","","",""
"162 57201881840 (i) on (i)","Panda, Soumyashree Soumyaprakash  Soumyaprakash Panda, Soumyashree   Panda, Soumyashree S.","12","3","Indian Institute of Technology Gandhinagar","Gandhinagar","India"
"","View last title","","","",""
"","","","","","",""
"163 57189685075 (i) on (i)","Prakash, Prabhat","12","4","Indian Institute of Science Education and Research Pune","Pune","India"
"","View last title","","","",""
"","","","","","",""
"164 55807261800 (i) on (i)","Rajasekhar, Batchu  Rajasekhar, B.   Batchu, Rajasekhar","12","6","Indian Institute of Technology Gandhinagar","Gandhinagar","India"
"","View last title","","","",""
"","","","","","",""
"165 57198780779 (i) on (i)","Sharma, Meenu  Sharma, M.","12","8","Indian Institute of Technology Gandhinagar","Gandhinagar","India"
"","View last title","","","",""
"","","","","","",""
"166 54396286700 (i) on (i)","Sunny, Meera Mary  Sunny, Meera M.","12","6","Indian Institute of Technology Gandhinagar","Gandhinagar","India"
"","View last title","","","",""
"","","","","","",""
"167 56884437800 (i) on (i)","Vasu, Anuji K.","12","6","Indian Institute of Technology Gandhinagar","Gandhinagar","India"
"","View last title","","","",""
"","","","","","",""
"168 36348286700 (i) on (i)","Aiyadurai, Ambika","11","4","Indian Institute of Technology Gandhinagar","Gandhinagar","India"
"","View last title","","","",""
"","","","","","",""
"169 55063838300 (i) on (i)","Gandhi, Ravi V.  Gandhi, Ravi V.   Gandhi, R. V.   Gandhi, Ravi","11","5","Indian Institute of Technology Gandhinagar","Gandhinagar","India"
"","View last title","","","",""
"","","","","","",""
"170 57194052339 (i) on (i)","Ganesh, Hari S.","11","6","Indian Institute of Technology Gandhinagar","Gandhinagar","India"
"","View last title","","","",""
"","","","","","",""
"171 57191854339 (i) on (i)","Iqbal, Mohd Umair","11","6","Indian Institute of Technology Gandhinagar","Gandhinagar","India"
"","View last title","","","",""
"","","","","","",""
"172 57202162586 (i) on (i)","Jana, Palash","11","8","Indian Institute of Technology Gandhinagar","Gandhinagar","India"
"","View last title","","","",""
"","","","","","",""
"173 56348823400 (i) on (i)","Kanojia, Gagan","11","2","Indian Institute of Technology Gandhinagar","Gandhinagar","India"
"","View last title","","","",""
"","","","","","",""
"174 57211043823 (i) on (i)","Kumar, Krishna","11","5","Indian Institute of Technology Gandhinagar","Gandhinagar","India"
"","View last title","","","",""
"","","","","","",""
"175 57217123867 (i) on (i)","Kumar, Manish","11","7","Indian Institute of Technology Gandhinagar","Gandhinagar","India"
"","View last title","","","",""
"","","","","","",""
"176 55325218200 (i) on (i)","Mishra, Chandan K.","11","6","University of Pennsylvania","Philadelphia","United States"
"","View last title","","","",""
"","","","","","",""
"177 57204420043 (i) on (i)","Mishra, Rohit Kumar  Mishra, Rohit K.","11","4","Indian Institute of Technology Gandhinagar","Gandhinagar","India"
"","View last title","","","",""
"","","","","","",""
"178 57208784172 (i) on (i)","Morya, Vinod","11","5","Indian Institute of Technology Gandhinagar","Gandhinagar","India"
"","View last title","","","",""
"","","","","","",""
"179 56105508900 (i) on (i)","Palakollu, Veerabhadraiah  Palakollu, Veerabhadra","11","7","Indian Institute of Technology Gandhinagar","Gandhinagar","India"
"","View last title","","","",""
"","","","","","",""
"180 57191161555 (i) on (i)","Purushothaman, Gayathri","11","3","Indian Institute of Technology Gandhinagar","Gandhinagar","India"
"","View last title","","","",""
"","","","","","",""
"181 57194763062 (i) on (i)","Sathisaran, Indumathi","11","7","Indian Institute of Technology Gandhinagar","Gandhinagar","India"
"","View last title","","","",""
"","","","","","",""
"182 57192673539 (i) on (i)","Sukumar, Shivashankar  Sukumar, S.   Shivashankar, S.","11","7","Indian Institute of Technology Gandhinagar","Gandhinagar","India"
"","View last title","","","",""
"","","","","","",""
"183 56716275500 (i) on (i)","Asoka, Akarsh","10","8","Indian Institute of Technology Gandhinagar","Gandhinagar","India"
"","View last title","","","",""
"","","","","","",""
"184 35179143100 (i) on (i)","Ayyagari, R. S.  Ayyagari, R. S.   Ayyagari, Ravi Sastri","10","5","Indian Institute of Technology Gandhinagar","Gandhinagar","India"
"","View last title","","","",""
"","","","","","",""
"185 57218990434 (i) on (i)","Bhagat, Chandrashekhar","10","4","Indian Institute of Technology Gandhinagar","Gandhinagar","India"
"","View last title","","","",""
"","","","","","",""
"186 56286806900 (i) on (i)","Kesavan, Praseetha E.","10","8","Indian Institute of Technology Gandhinagar","Gandhinagar","India"
"","View last title","","","",""
"","","","","","",""
"187 57204664553 (i) on (i)","Khandelwal, Shikha","10","7","Indian Institute of Technology Gandhinagar","Gandhinagar","India"
"","View last title","","","",""
"","","","","","",""
"188 57004224300 (i) on (i)","Kulkarni, Siddharth","10","4","Indian Institute of Technology Gandhinagar","Gandhinagar","India"
"","View last title","","","",""
"","","","","","",""
"189 57197218118 (i) on (i)","Murthy, K. V.V.","10","3","Indian Institute of Technology Gandhinagar","Gandhinagar","India"
"","View last title","","","",""
"","","","","","",""
"190 57197797888 (i) on (i)","Sanjeevi, N. S.S.","10","2","Indian Institute of Technology Gandhinagar","Gandhinagar","India"
"","View last title","","","",""
"","","","","","",""
"191 57193255257 (i) on (i)","Saurabh, Bipul  Bipul, Saurabh","10","1","Indian Institute of Technology Gandhinagar","Gandhinagar","India"
"","View last title","","","",""
"","","","","","",""
"192 55901750000 (i) on (i)","Sethulakshmi, Narayanan  Sethulakshmi, N.","10","6","Indian Institute of Technology Gandhinagar","Gandhinagar","India"
"","View last title","","","",""
"","","","","","",""
"193 56340385200 (i) on (i)","Shah, Reepal D.  Shah, Reepal D.   Shah, Reepal","10","8","Indian Institute of Technology Gandhinagar","Gandhinagar","India"
"","View last title","","","",""
"","","","","","",""
"194 57202326894 (i) on (i)","Sharma, Ketki  Sharma, K.","10","8","Indian Institute of Technology Gandhinagar","Gandhinagar","India"
"","View last title","","","",""
"","","","","","",""
"195 57195557890 (i) on (i)","Aarthy, Esakkiappan  Aarthy, E.","9","5","Indian Institute of Technology Gandhinagar","Gandhinagar","India"
"","View last title","","","",""
"","","","","","",""
"196 55647717800 (i) on (i)","Abhinav, Rishabh  Abhinav, R.","9","4","Indian Institute of Technology Gandhinagar","Gandhinagar","India"
"","View last title","","","",""
"","","","","","",""
"197 57198038444 (i) on (i)","Chawla, Manisha","9","3","Indian Institute of Technology Gandhinagar","Gandhinagar","India"
"","View last title","","","",""
"","","","","","",""
"198 55993503300 (i) on (i)","Gangwar, Bhanu P.","9","6","Indian Institute of Technology Gandhinagar","Gandhinagar","India"
"","View last title","","","",""
"","","","","","",""
"199 57195315373 (i) on (i)","Kadam, Sujay Dilip  Kadam, S. D.   Kadam, Sujay D.","9","3","Indian Institute of Technology Gandhinagar","Gandhinagar","India"
"","View last title","","","",""
"","","","","","",""
"200 57226497059 (i) on (i)","Kanungo, Alok Kumar  Kanungo, A. K.   Kanungo, Alok K.","9","3","Indian Institute of Technology Gandhinagar","Gandhinagar","India"
"","View last title","","","",""
"","","","","","",""