"Result Number","Author","Documents","h-index          Author metrics Scopus is adding an array of metrics for researchers. As an initial step, the h-index has been added.  The h-graph is one way of displaying and comparing the productivity and impact of published work of scholars. It should only be used together with a mix of quantitative and qualitative metrics.  More metrics will be added in the course of the year.","Affiliation","City","Country/Territory"
"1001 56884637200 (i) on (i)","Krishnaswamy, Vigneshwaran  Vigneshwaran, K.","16","5","Indian Institute of Technology Madras","Chennai","India"
"","View last title","","","",""
"","","","","","",""
"1002 57225661499 (i) on (i)","Kumar, Kollamala Chellappan Hari  Kumar, KC Hari   Kumar, K. C.Hari   Nair Hari Kumar, Kollamala Chellappan","16","5","Indian Institute of Technology Madras","Chennai","India"
"","View last title","","","",""
"","","","","","",""
"1003 57196148363 (i) on (i)","Lukose, Leo","16","5","Indian Institute of Technology Madras","Chennai","India"
"","View last title","","","",""
"","","","","","",""
"1004 25630735200 (i) on (i)","Madhumathi, K.","16","10","Indian Institute of Technology Madras","Chennai","India"
"","View last title","","","",""
"","","","","","",""
"1005 57193161530 (i) on (i)","Mallik, Sumitava","16","7","Indian Institute of Technology Madras","Chennai","India"
"","View last title","","","",""
"","","","","","",""
"1006 55308614200 (i) on (i)","Mohanty, Jyoti Sarita","16","9","Indian Institute of Technology Madras","Chennai","India"
"","View last title","","","",""
"","","","","","",""
"1007 6602509844 (i) on (i)","Narayanamurthi, Raja Gopalakrishnan  Narayanamurthi, R. G.   NARAYANAMURTHI, R. G.","16","4","Indian Institute of Technology Madras","Chennai","India"
"","View last title","","","",""
"","","","","","",""
"1008 6504726469 (i) on (i)","Palaniselvam, Thangavelu","16","13","Humboldt-Universität zu Berlin","Berlin","Germany"
"","View last title","","","",""
"","","","","","",""
"1009 7101960916 (i) on (i)","Patil, Mothiram K.  Patil, Mothira K.   Patil, M. K.   Patil, Mothiram","16","6","Indian Institute of Technology Madras","Chennai","India"
"","View last title","","","",""
"","","","","","",""
"1010 23398013600 (i) on (i)","Perumal, Govindaraj  Govindaraj, P.","16","10","Indian Institute of Technology Madras","Chennai","India"
"","View last title","","","",""
"","","","","","",""
"1011 24829644400 (i) on (i)","Poongothai, C.","16","4","Indian Institute of Technology Madras","Chennai","India"
"","View last title","","","",""
"","","","","","",""
"1012 55144045500 (i) on (i)","Pradheesh, R.","16","9","Hebrew University of Jerusalem","Jerusalem","Israel"
"","View last title","","","",""
"","","","","","",""
"1013 57194333685 (i) on (i)","Prajapati, Deepak K.  Prajapati, Deepak K.","16","5","Indian Institute of Technology Madras","Chennai","India"
"","View last title","","","",""
"","","","","","",""
"1014 57201977956 (i) on (i)","Pramanik, Ratnadeep  Pramanik, R.","16","6","Indian Institute of Technology Madras","Chennai","India"
"","View last title","","","",""
"","","","","","",""
"1015 6603836015 (i) on (i)","Pranesh, M. R.","16","3","Indian Institute of Technology Madras","Chennai","India"
"","View last title","","","",""
"","","","","","",""
"1016 6602876625 (i) on (i)","Ramakrishna Iyer, Srinivasa  Ramakrishna Iyer, S.","16","3","Indian Institute of Technology Madras","Chennai","India"
"","View last title","","","",""
"","","","","","",""
"1017 7006377887 (i) on (i)","Ramesh, T. C.","16","10","Indian Institute of Technology, Madras","Chennai","India"
"","View last title","","","",""
"","","","","","",""
"1018 55181030100 (i) on (i)","Rao, Vadarevu Subba Ramachandra  Rao, V. S.R.   Rao, Vadarevu S.Ramachandra   Rao, V. S.Ramachandra   Rao, V. Subba","16","9","Indian Institute of Technology Madras","Chennai","India"
"","View last title","","","",""
"","","","","","",""
"1019 6603545810 (i) on (i)","Rengaraju, V. R.","16","8","Indian Institute of Technology Madras","Chennai","India"
"","View last title","","","",""
"","","","","","",""
"1020 55566580500 (i) on (i)","Sakthipriya, N.  Sakthipriya, N.","16","7","Indian Institute of Technology Madras","Chennai","India"
"","View last title","","","",""
"","","","","","",""
"1021 57206271501 (i) on (i)","Sankar, M.","16","7","Defence Metallurgical Research Lab India","Hyderabad","India"
"","View last title","","","",""
"","","","","","",""
"1022 6507783583 (i) on (i)","Satish Kumar, S. R.","16","6","Indian Institute of Technology Banaras Hindu University","Varanasi","India"
"","View last title","","","",""
"","","","","","",""
"1023 57209045875 (i) on (i)","Selvam, Parasuraman  Selvam, P.","16","7","Indian Institute of Technology Madras","Chennai","India"
"","View last title","","","",""
"","","","","","",""
"1024 55789505555 (i) on (i)","Sharma, Rajesh P.  Sharma, R. P.   Sharma, Rajesh","16","7","Indian Institute of Technology Madras","Chennai","India"
"","View last title","","","",""
"","","","","","",""
"1025 6603309335 (i) on (i)","Sivaraja Iyer, S. R.","16","3","Indian Institute of Technology Madras","Chennai","India"
"","View last title","","","",""
"","","","","","",""
"1026 24588246700 (i) on (i)","Sreenidhi, Turuvekere  Turuvekere, Sreenidhi   Sreenidhi, T.","16","6","Indian Institute of Technology Madras","Chennai","India"
"","View last title","","","",""
"","","","","","",""
"1027 31067510900 (i) on (i)","Sundar, Sita  Sundar, S.","16","8","Indian Institute of Technology Madras","Chennai","India"
"","View last title","","","",""
"","","","","","",""
"1028 57221680028 (i) on (i)","Suresh, M. V.J.J.  Suresh, M.","16","10","Indian Institute of Technology Madras","",""
"","View last title","","","",""
"","","","","","",""
"1029 57195805754 (i) on (i)","Thiagarajan, Vignesh  Thiagarajan, V.","16","10","Indian Institute of Technology Madras","Chennai","India"
"","View last title","","","",""
"","","","","","",""
"1030 56337414100 (i) on (i)","Varghese, Jithin John  Varghese, Jithin J.","16","8","Indian Institute of Technology Madras","Chennai","India"
"","View last title","","","",""
"","","","","","",""
"1031 35771731800 (i) on (i)","Venkatesh, Ch R.  Venkatesh, C. R.   Venkatesh, Ch   Venkatesh, C.","16","5","Indian Institute of Technology Madras","Chennai","India"
"","View last title","","","",""
"","","","","","",""
"1032 53865925700 (i) on (i)","Yoganandan, G.","16","8","Indian Institute of Technology Madras","Chennai","India"
"","View last title","","","",""
"","","","","","",""
"1033 37107303700 (i) on (i)","Alagappan, P.  Alagappan, P.   Ponnalagu, Alagappan","15","4","Indian Institute of Technology Madras","Chennai","India"
"","View last title","","","",""
"","","","","","",""
"1034 57188548063 (i) on (i)","Alex, Varghese  Alex, V.","15","11","Indian Institute of Technology Madras","Chennai","India"
"","View last title","","","",""
"","","","","","",""
"1035 55263179100 (i) on (i)","Allu, Prasanna K.R.  Allu, Prasanna K.R.","15","9","Indian Institute of Technology Madras","Chennai","India"
"","View last title","","","",""
"","","","","","",""
"1036 57217280930 (i) on (i)","Amalanathan, A. J.  Amalanathan, Arputhasamy J.   Amalanathan, A. J.   Amalanathan, Arputhasamy Joseph","15","4","Indian Institute of Technology Madras","Chennai","India"
"","View last title","","","",""
"","","","","","",""
"1037 57199353816 (i) on (i)","Anand, Krishnasamy  Anand, K.","15","6","Indian Institute of Technology Madras","Chennai","India"
"","View last title","","","",""
"","","","","","",""
"1038 26427943300 (i) on (i)","Anoop, T. V.  Anoop, T. V.","15","5","Indian Institute of Technology Madras","Chennai","India"
"","View last title","","","",""
"","","","","","",""
"1039 56419387700 (i) on (i)","Arora, Ankit  Arora, A.","15","3","Indian Institute of Technology Madras","Chennai","India"
"","View last title","","","",""
"","","","","","",""
"1040 7003976249 (i) on (i)","Arumugam, N.","15","9","Indian Institute of Technology Madras","Chennai","India"
"","View last title","","","",""
"","","","","","",""
"1041 57194217871 (i) on (i)","Bukkarapu, Kiran Raj  Raj, B. K.","15","8","Indian Institute of Technology Madras","Chennai","India"
"","View last title","","","",""
"","","","","","",""
"1042 57205531062 (i) on (i)","Challa, Akhil","15","3","Indian Institute of Technology Madras","Chennai","India"
"","View last title","","","",""
"","","","","","",""
"1043 57217267037 (i) on (i)","Chatterjee, Subhajit N.  Chatterjee, S. N.   Chatterjee, Subhajit","15","5","Indian Institute of Technology Madras","Chennai","India"
"","View last title","","","",""
"","","","","","",""
"1044 38661234800 (i) on (i)","Edward Jero, Sam  Jero, S. Edward   Edward Jero, S.","15","7","Indian Institute of Technology Madras","Chennai","India"
"","View last title","","","",""
"","","","","","",""
"1045 36682330500 (i) on (i)","Garg, Jai Anand","15","12","Indian Institute of Technology Madras","Chennai","India"
"","View last title","","","",""
"","","","","","",""
"1046 57209029375 (i) on (i)","Gayathri, Subramanyam Shankara  Gayathri, S.   Gayathri, S. Shankara   Gayathri, Subramanyam","15","11","Indian Institute of Technology Madras","Chennai","India"
"","View last title","","","",""
"","","","","","",""
"1047 55993178300 (i) on (i)","Gopalaswamy, Arun Kumar  Kumar Gopalaswamy, Arun","15","4","Indian Institute of Technology Madras","Chennai","India"
"","View last title","","","",""
"","","","","","",""
"1048 57195589579 (i) on (i)","Guruvidyathri, K.  Guruvidyathri, K.","15","9","Indian Institute of Technology Madras","Chennai","India"
"","View last title","","","",""
"","","","","","",""
"1049 55571842100 (i) on (i)","Joy, Ashwin","15","6","Indian Institute of Technology Madras","Chennai","India"
"","View last title","","","",""
"","","","","","",""
"1050 57212012916 (i) on (i)","Krishnan, A.","15","6","Indian Institute of Technology Madras","Chennai","India"
"","View last title","","","",""
"","","","","","",""
"1051 7003919444 (i) on (i)","Kuppuswamy, G.","15","3","Indian Institute of Technology Madras","Chennai","India"
"","View last title","","","",""
"","","","","","",""
"1052 57201666586 (i) on (i)","M Nair, Nitheesh  Nair, Nitheesh M.","15","6","Indian Institute of Technology Madras","Chennai","India"
"","View last title","","","",""
"","","","","","",""
"1053 57189023875 (i) on (i)","Mittal, Ravi  Mittal, R.","15","3","Indian Institute of Technology Madras","Chennai","India"
"","View last title","","","",""
"","","","","","",""
"1054 6603035950 (i) on (i)","Narayanasamy, K.","15","6","Indian Institute of Technology Madras","Chennai","India"
"","View last title","","","",""
"","","","","","",""
"1055 57209519723 (i) on (i)","Pal, Subhajit  Pal, S.","15","7","Indian Institute of Technology Madras","Chennai","India"
"","View last title","","","",""
"","","","","","",""
"1056 7004897400 (i) on (i)","Rajeev, S.  RAJEEV, S.","15","5","Indian Institute of Technology Madras","Chennai","India"
"","View last title","","","",""
"","","","","","",""
"1057 7102586837 (i) on (i)","Raman, R.","15","8","Indian Institute of Technology Madras","Chennai","India"
"","View last title","","","",""
"","","","","","",""
"1058 6701645493 (i) on (i)","Ramjee, V.","15","8","Indian Institute of Technology Madras","Chennai","India"
"","View last title","","","",""
"","","","","","",""
"1059 7404474238 (i) on (i)","Rao, A. Ramamohana  Rao, A. R.","15","4","Indian Institute of Technology Madras","Chennai","India"
"","View last title","","","",""
"","","","","","",""
"1060 56322249500 (i) on (i)","Rao, Ch Srinivasa  Srinivasa Rao, Ch   Chidella, S. R.","15","6","Indian Institute of Technology Madras","Chennai","India"
"","View last title","","","",""
"","","","","","",""
"1061 57218772991 (i) on (i)","Rao, G. Ranga","15","4","Indian Institute of Technology Madras","Chennai","India"
"","View last title","","","",""
"","","","","","",""
"1062 56623463500 (i) on (i)","Rao, P. Venkata  Rao, P. V.","15","3","Indian Institute of Technology Madras","Chennai","India"
"","View last title","","","",""
"","","","","","",""
"1063 56451054400 (i) on (i)","Saincher, Shaswat  Saincher, S.","15","7","Indian Institute of Technology Madras","Chennai","India"
"","View last title","","","",""
"","","","","","",""
"1064 6602942366 (i) on (i)","Sankarapandi, Sornampillai  Sankarapandi, S.   Sankarapandi, Somampillai","15","9","Indian Institute of Technology Madras","Chennai","India"
"","View last title","","","",""
"","","","","","",""
"1065 55587761400 (i) on (i)","Santhosh, Poornima Budime  Santhosh, Poornima   Santhosh, P. B.","15","9","Indian Institute of Technology Madras","Chennai","India"
"","View last title","","","",""
"","","","","","",""
"1066 56256757000 (i) on (i)","Shanmugam, Sankaran  Shanmugam, S.","15","9","Indian Institute of Technology Madras","Chennai","India"
"","View last title","","","",""
"","","","","","",""
"1067 57201199394 (i) on (i)","Sivaprakasam, Balamurugan T.","15","3","Indian Institute of Technology Madras","Chennai","India"
"","View last title","","","",""
"","","","","","",""
"1068 53864013400 (i) on (i)","Soumya, Sivalingam  Sivalingam, Soumya   Soumya, S.","15","7","Indian Institute of Technology Madras","Chennai","India"
"","View last title","","","",""
"","","","","","",""
"1069 6604034435 (i) on (i)","Sreekanth, A. K.","15","4","Indian Institute of Technology, Madras","Chennai","India"
"","View last title","","","",""
"","","","","","",""
"1070 6603392492 (i) on (i)","Sudha, A. P.  Sudha, A.","15","7","Indian Institute of Technology Madras","Chennai","India"
"","View last title","","","",""
"","","","","","",""
"1071 57200273314 (i) on (i)","Swain, Atal Bihari  Swain, A. B.","15","7","Indian Institute of Technology Madras","Chennai","India"
"","View last title","","","",""
"","","","","","",""
"1072 6504748018 (i) on (i)","Thangakani, Anthony Mary  Thangakani, A. M.   Thangakani, A. Mary","15","11","Indian Institute of Technology Madras","Chennai","India"
"","View last title","","","",""
"","","","","","",""
"1073 56800931400 (i) on (i)","Tharra, Prabhakararao  Tharra, Prabhakara Rao   Tharra, Prabhakarrao   Tharra, Prabhakara R.","15","8","Indian Institute of Technology Madras","Chennai","India"
"","View last title","","","",""
"","","","","","",""
"1074 55062064800 (i) on (i)","Vasudev, Yadu  Vasudev, Y.","15","4","Indian Institute of Technology Madras","Chennai","India"
"","View last title","","","",""
"","","","","","",""
"1075 56292058300 (i) on (i)","Velusamy, Sugirtha  Velusamy, S.","15","11","Indian Institute of Technology Madras","Chennai","India"
"","View last title","","","",""
"","","","","","",""
"1076 57210973967 (i) on (i)","Venkatrayulu, N.","15","2","Indian Institute of Technology Madras","Chennai","India"
"","View last title","","","",""
"","","","","","",""
"1077 7005923900 (i) on (i)","Victor, David Johnson  Victor, D. Johnson   Victor, David J.   Victor, D. J.","15","2","Indian Institute of Technology Madras","Chennai","India"
"","View last title","","","",""
"","","","","","",""
"1078 57189221582 (i) on (i)","Wani, Shufali Ashraf  Wani, Shufali A.","15","7","Indian Institute of Technology Madras","Chennai","India"
"","View last title","","","",""
"","","","","","",""
"1079 57190001457 (i) on (i)","Adak, Dibyendu  Adak, D.","14","5","Universidad del Bio Bio","Concepcin","Chile"
"","View last title","","","",""
"","","","","","",""
"1080 57190980044 (i) on (i)","Anusha, A. S.      Anusha, A. S.","14","6","Indian Institute of Technology Madras","Chennai","India"
"","View last title","","","",""
"","","","","","",""
"1081 55929327800 (i) on (i)","Asirvatham-Jeyaraj, Ninitha  Asirvatham-Jeyaraj, N.   Ninitha, A. J.","14","7","Indian Institute of Technology Madras","Chennai","India"
"","View last title","","","",""
"","","","","","",""
"1082 6602616793 (i) on (i)","Aswathanarayana, P. A.","14","4","Indian Institute of Technology Madras","Chennai","India"
"","View last title","","","",""
"","","","","","",""
"1083 56573633300 (i) on (i)","Banerjee, Utsab  Banerjee, U.","14","9","Indian Institute of Technology Madras","Chennai","India"
"","View last title","","","",""
"","","","","","",""
"1084 57201638982 (i) on (i)","Behara, Santosh  Behara, Shruthi","14","6","Indian Institute of Technology Madras","Chennai","India"
"","View last title","","","",""
"","","","","","",""
"1085 15051524700 (i) on (i)","Bhadra, Sandeep","14","7","Indian Institute of Technology Madras","Chennai","India"
"","View last title","","","",""
"","","","","","",""
"1086 37090235600 (i) on (i)","Bhandari, Anup Kumar  Bhandari, Anup K.","14","4","Indian Institute of Technology Madras","Chennai","India"
"","View last title","","","",""
"","","","","","",""
"1087 56478439700 (i) on (i)","Bhattacharyya, Moulika","14","5","Indian Institute of Technology Madras","Chennai","India"
"","View last title","","","",""
"","","","","","",""
"1088 57059793100 (i) on (i)","Das, Koyeli","14","5","Indian Institute of Technology Madras","Chennai","India"
"","View last title","","","",""
"","","","","","",""
"1089 15126566700 (i) on (i)","Dash, Swati Sucharita  Dash, Swati S.","14","8","Indian Institute of Technology Madras","Chennai","India"
"","View last title","","","",""
"","","","","","",""
"1090 57213366787 (i) on (i)","Elangovan, R.","14","6","Indian Institute of Technology Madras","Chennai","India"
"","View last title","","","",""
"","","","","","",""
"1091 56512450800 (i) on (i)","Ganayee, Mohd Azhardin","14","8","University of Kashmir","Srinagar","India"
"","View last title","","","",""
"","","","","","",""
"1092 57224797875 (i) on (i)","Ghosh, Debasmita","14","7","Indian Institute of Technology Madras","Chennai","India"
"","View last title","","","",""
"","","","","","",""
"1093 57194571821 (i) on (i)","Govindaraju, Gayathri","14","5","Indian Institute of Technology Madras","Chennai","India"
"","View last title","","","",""
"","","","","","",""
"1094 57039158000 (i) on (i)","Hirshikesh, H.  Hirshikesh, H.   Hirshikesh, Hirshikesh   Hirshikesh","14","8","Indian Institute of Technology Madras","Chennai","India"
"","View last title","","","",""
"","","","","","",""
"1095 57194439148 (i) on (i)","Indhu, R.","14","3","Indian Institute of Technology Madras","Chennai","India"
"","View last title","","","",""
"","","","","","",""
"1096 55620503100 (i) on (i)","Jith, Jithin  Jith, J.","14","6","Indian Institute of Technology Madras","Chennai","India"
"","View last title","","","",""
"","","","","","",""
"1097 57204669135 (i) on (i)","Kamde, Deepak K.  Kamde, D.   Kamde, D. R.   Kamde, Deepak K.","14","5","Indian Institute of Technology Madras","Chennai","India"
"","View last title","","","",""
"","","","","","",""
"1098 55898585100 (i) on (i)","Karthiselva, N. S.  Karthiselva, N. S.","14","10","Indian Institute of Technology Madras","Chennai","India"
"","View last title","","","",""
"","","","","","",""
"1099 8988941300 (i) on (i)","Kingston, Jesudoss V.  Kingston, J. V.   KIngston, Jesudoss V.","14","9","Indian Institute of Technology Madras","Chennai","India"
"","View last title","","","",""
"","","","","","",""
"1100 56298659300 (i) on (i)","Majhi, S. N.","14","4","Indian Institute of Technology Madras","Chennai","India"
"","View last title","","","",""
"","","","","","",""
"1101 57188552928 (i) on (i)","Malakar, Krishna","14","5","Indian Institute of Technology Madras","Chennai","India"
"","View last title","","","",""
"","","","","","",""
"1102 55432128000 (i) on (i)","Mathur, Amit  Mathur, Aniit   Mathur, A.","14","7","University of California, Santa Barbara","Santa Barbara","United States"
"","View last title","","","",""
"","","","","","",""
"1103 57200033017 (i) on (i)","Mishra, Ankush","14","7","Indian Institute of Technology Madras","Chennai","India"
"","View last title","","","",""
"","","","","","",""
"1104 57203176181 (i) on (i)","Mishra, Shashi B.  Mishra, Shashi B.   Mishra, S. B.   Mishra, Shashi Bhusan","14","5","Indian Institute of Technology Madras","Chennai","India"
"","View last title","","","",""
"","","","","","",""
"1105 16037002700 (i) on (i)","Mohanty, R. K.","14","7","Indian Institute of Technology, Madras","Chennai","India"
"","View last title","","","",""
"","","","","","",""
"1106 57209160906 (i) on (i)","Natarajan, Satheesh","14","7","Indian Institute of Technology Madras","Chennai","India"
"","View last title","","","",""
"","","","","","",""
"1107 57194167310 (i) on (i)","Panigrahi, Suraj Kumar  Kumar Panigrahi, Suraj","14","6","Indian Institute of Technology Madras","Chennai","India"
"","View last title","","","",""
"","","","","","",""
"1108 57213019462 (i) on (i)","Pati, Anita","14","7","Indian Institute of Technology Madras","Chennai","India"
"","View last title","","","",""
"","","","","","",""
"1109 57194783253 (i) on (i)","Paul, Arinjita","14","4","Indian Institute of Technology Madras","Chennai","India"
"","View last title","","","",""
"","","","","","",""
"1110 57201280584 (i) on (i)","Peeketi, Akhil Reddy  Peeketi, Akhil R.","14","7","Indian Institute of Technology Madras","Chennai","India"
"","View last title","","","",""
"","","","","","",""
"1111 57193888060 (i) on (i)","Prabakaran, R.  Prabakaran, R.","14","5","Indian Institute of Technology Madras","Chennai","India"
"","View last title","","","",""
"","","","","","",""
"1112 57217397409 (i) on (i)","Raghavan, K. Srinivasa  Raghavan, K. S.","14","4","Indian Institute of Technology Madras","Chennai","India"
"","View last title","","","",""
"","","","","","",""
"1113 14067908800 (i) on (i)","Ramachandran, V.","14","7","Indian Institute of Technology Madras","Chennai","India"
"","View last title","","","",""
"","","","","","",""
"1114 56811606500 (i) on (i)","Ramakrishna, Isai","14","11","Indian Institute of Technology Madras","Chennai","India"
"","View last title","","","",""
"","","","","","",""
"1115 57200590856 (i) on (i)","Ramanujam, Sarathi","14","5","Indian Institute of Technology Madras","Chennai","India"
"","View last title","","","",""
"","","","","","",""
"1116 55699078400 (i) on (i)","Ramaswamy, Harish G.  Ramaswamy, Harish G.","14","10","Indian Institute of Technology Madras","Chennai","India"
"","View last title","","","",""
"","","","","","",""
"1117 12142226800 (i) on (i)","Rao, T. A.Prasada  Rao, T. A.P.","14","7","Indian Institute of Technology Madras","Chennai","India"
"","View last title","","","",""
"","","","","","",""
"1118 57193808663 (i) on (i)","Sahoo, Subhamoy  Sahoo, S.","14","2","Indian Institute of Technology Madras","Chennai","India"
"","View last title","","","",""
"","","","","","",""
"1119 55351608000 (i) on (i)","Sahoo, Swagatika","14","9","Indian Institute of Technology Madras","Chennai","India"
"","View last title","","","",""
"","","","","","",""
"1120 56269865500 (i) on (i)","Shakya, Piyush  Shakya, P.","14","8","Indian Institute of Technology Madras","Chennai","India"
"","View last title","","","",""
"","","","","","",""
"1121 16493505200 (i) on (i)","Singh, Dharmendra","14","9","Dr. RML Avadh University","Faizabad","India"
"","View last title","","","",""
"","","","","","",""
"1122 14023575600 (i) on (i)","Siva Kesava Raju, Ch  Kesava Raju, Chinthalapati Siva   Raju, Chinthalapati Siva Kesava Raju   Kesava Raju, Ch Siva   Raju, Ch Siva Kesava   Raju, Chinthalapati Siva Kesava","14","12","Indian Institute of Technology Madras","Chennai","India"
"","View last title","","","",""
"","","","","","",""
"1123 57219006526 (i) on (i)","Sricharan, V. V.S.  Vijayarangan, Sricharan   Sricharan, V.","14","5","Indian Institute of Technology Madras","Chennai","India"
"","View last title","","","",""
"","","","","","",""
"1124 55949438500 (i) on (i)","Sridharan, Srikanthan","14","6","Indian Institute of Technology Madras","Chennai","India"
"","View last title","","","",""
"","","","","","",""
"1125 56637742700 (i) on (i)","Swain, Smaranika  Swain, S.","14","4","Indian Institute of Technology Madras","Chennai","India"
"","View last title","","","",""
"","","","","","",""
"1126 55751744219 (i) on (i)","Swaminathan, Niraja","14","4","Indian Institute of Technology Madras","Chennai","India"
"","View last title","","","",""
"","","","","","",""
"1127 55257697300 (i) on (i)","Tamadapu, Ganesh","14","7","Indian Institute of Technology Madras","Chennai","India"
"","View last title","","","",""
"","","","","","",""
"1128 54895959600 (i) on (i)","Tamilarasan, P.","14","10","Indian Institute of Technology Madras","Chennai","India"
"","View last title","","","",""
"","","","","","",""
"1129 55534717900 (i) on (i)","Thomas, Sonu K.  Thomas, Sonu   Thomas, Sonu K.   Sonu, K. T.","14","2","Indian Institute of Technology Madras","Chennai","India"
"","View last title","","","",""
"","","","","","",""
"1130 55893103900 (i) on (i)","Uma, V.  Uma, Vikraman   Uma, V.","14","4","Indian Institute of Technology Madras","Chennai","India"
"","View last title","","","",""
"","","","","","",""
"1131 57188873755 (i) on (i)","Unnikrishnakurup, Sreedhar  Sreedhar, U.","14","6","Indian Institute of Technology Madras","Chennai","India"
"","View last title","","","",""
"","","","","","",""
"1132 54941174000 (i) on (i)","Vidyasekar, Prasanna","14","9","Indian Institute of Technology Madras","Chennai","India"
"","View last title","","","",""
"","","","","","",""
"1133 57215052655 (i) on (i)","Vijay Kumar, P.  Kumar, P. Vijay   Pediredla, Vijay Kumar   Vijay Kumar, P.","14","2","Indian Institute of Technology Madras","Chennai","India"
"","View last title","","","",""
"","","","","","",""
"1134 7402542071 (i) on (i)","Wagner, Klaus  Wagner, K.","14","9","Westfälische Wilhelms-Universität Münster","Munster","Germany"
"","View last title","","","",""
"","","","","","",""
"1135 57210343069 (i) on (i)","Abhidev, V. V.  Abhidev, Vv","13","2","Indian Institute of Technology Madras","Chennai","India"
"","View last title","","","",""
"","","","","","",""
"1136 55711201100 (i) on (i)","Anupam, Ameey","13","9","Swinburne University of Technology","Melbourne","Australia"
"","View last title","","","",""
"","","","","","",""
"1137 36679750800 (i) on (i)","Ashokkumar, Thirunavukkarasu  Ashokkumar, T.","13","9","Indian Institute of Technology Madras","Chennai","India"
"","View last title","","","",""
"","","","","","",""
"1138 56951331200 (i) on (i)","Awin, Eranezhuth Wasan  Awin, E. W.","13","6","Indian Institute of Technology Madras","Chennai","India"
"","View last title","","","",""
"","","","","","",""
"1139 57199419580 (i) on (i)","Bag, Ranjit","13","6","Indian Institute of Technology Madras","Chennai","India"
"","View last title","","","",""
"","","","","","",""
"1140 55737934000 (i) on (i)","Banerjee, Dilipkumar  Banerjee, D. K.   Banerjee, Dilip Kumar","13","5","Indian Institute of Technology Madras","Chennai","India"
"","View last title","","","",""
"","","","","","",""
"1141 57551235600 (i) on (i)","Banerjee, Tanima  Banerjee, T.","13","5","Indian Institute of Technology Madras","Chennai","India"
"","View last title","","","",""
"","","","","","",""
"1142 57200409045 (i) on (i)","Bose, Sandeep","13","6","Indian Institute of Technology Madras","Chennai","India"
"","View last title","","","",""
"","","","","","",""
"1143 57198378208 (i) on (i)","Chandrasekaran, Krishnaswamy D.  Chandrasekaran, K. D.   Chandrasekaran, Krishnaswamy   Chandrasekaran, K.","13","5","Indian Institute of Technology Madras","Chennai","India"
"","View last title","","","",""
"","","","","","",""
"1144 56986718500 (i) on (i)","Dar, Wakeel Ahmed","13","9","Indian Institute of Technology Madras","Chennai","India"
"","View last title","","","",""
"","","","","","",""
"1145 57204727516 (i) on (i)","Das, Tapas K.  Das, Tapas K.   Das, Tapas","13","3","Indian Institute of Technology Madras","Chennai","India"
"","View last title","","","",""
"","","","","","",""
"1146 57189757917 (i) on (i)","Dharmavarapu, Raghu  Dharmavarapu, R.   DHARMAVARAPU, RAGHU","13","7","Melbourne Centre for Nanofabrication","Clayton","Australia"
"","View last title","","","",""
"","","","","","",""
"1147 14035540400 (i) on (i)","Divya, Puthusseri S.  Divya, P. S.   Divya, P.   Divya, Puthusseri","13","5","Indian Institute of Technology Madras","Chennai","India"
"","View last title","","","",""
"","","","","","",""
"1148 57197751349 (i) on (i)","Elango, Purnanand  Elango, P.","13","2","Indian Institute of Technology Madras","Chennai","India"
"","View last title","","","",""
"","","","","","",""
"1149 57189304318 (i) on (i)","Ganesan, Muthupandian  Ganesan, M.","13","7","Indian Institute of Technology, Madras","Chennai","India"
"","View last title","","","",""
"","","","","","",""
"1150 55701595800 (i) on (i)","Goyal, Himanshu","13","7","Indian Institute of Technology Madras","Chennai","India"
"","View last title","","","",""
"","","","","","",""
"1151 57205517940 (i) on (i)","Guha, Mriganshu  Guha, M.","13","8","Indian Institute of Technology Madras","Chennai","India"
"","View last title","","","",""
"","","","","","",""
"1152 57206925474 (i) on (i)","Gupta, Manish  Gupta, M.","13","4","Indian Institute of Technology Madras","Chennai","India"
"","View last title","","","",""
"","","","","","",""
"1153 56560315000 (i) on (i)","Immanuel, R. Jose  Immanuel, R. Jose   Immanuel, R. J.","13","8","Indian Institute of Technology Bhilai","Raipur","India"
"","View last title","","","",""
"","","","","","",""
"1154 14045204800 (i) on (i)","Jain, Vikram Kumar S.  Jain, V. K.S.   Jain, Vikram Kumar S.   Jain, Vikram Kumar","13","5","Indian Institute of Technology Madras","Chennai","India"
"","View last title","","","",""
"","","","","","",""
"1155 56485293500 (i) on (i)","Jaiswal, Aashit Kumar  Jaiswal, Aashit K.   Jaiswal, A.  					    Jaiswal, A. K.","13","4","Indian Institute of Technology Madras","Chennai","India"
"","View last title","","","",""
"","","","","","",""
"1156 56541670000 (i) on (i)","Jash, Madhuri","13","5","Indian Institute of Technology Madras","Chennai","India"
"","View last title","","","",""
"","","","","","",""
"1157 6603219474 (i) on (i)","Kakati, Devdas  Kakati, D.","13","2","Indian Institute of Technology, Madras","Chennai","India"
"","View last title","","","",""
"","","","","","",""
"1158 57188804734 (i) on (i)","Kannan, Ramya","13","9","Indian Institute of Technology Madras","Chennai","India"
"","View last title","","","",""
"","","","","","",""
"1159 56647802300 (i) on (i)","Karthik, Srinivasa  Karthik, S.","13","5","Healthcare Technology Innovation Centre","Chennai","India"
"","View last title","","","",""
"","","","","","",""
"1160 57201358693 (i) on (i)","Khened, Mahendra","13","9","Indian Institute of Technology Madras","Chennai","India"
"","View last title","","","",""
"","","","","","",""
"1161 55745952700 (i) on (i)","Kotamarthi, Hema Chandra  Kotamarthi, H. C.","13","9","Indian Institute of Technology Madras","Chennai","India"
"","View last title","","","",""
"","","","","","",""
"1162 57190864272 (i) on (i)","Krishna Kumar, Ramarathnam  Krishna Kumar, R.","13","4","Indian Institute of Technology Madras","Chennai","India"
"","View last title","","","",""
"","","","","","",""
"1163 57195623081 (i) on (i)","Kumar, Prashant  Kumar, P.","13","3","Indian Institute of Technology Madras","Chennai","India"
"","View last title","","","",""
"","","","","","",""
"1164 57192315701 (i) on (i)","Manne, Bhaskar","13","6","Indian Institute of Technology Madras","Chennai","India"
"","View last title","","","",""
"","","","","","",""
"1165 56297559400 (i) on (i)","Marri, Kiran","13","6","Indian Institute of Technology Madras","Chennai","India"
"","View last title","","","",""
"","","","","","",""
"1166 56045616200 (i) on (i)","Methikkalam, Rabin Rajan J.  Methikkalam, R. R.J.   Methikkalam, Rabin Rajan J.","13","7","Indian Institute of Technology Madras","Chennai","India"
"","View last title","","","",""
"","","","","","",""
"1167 57212520055 (i) on (i)","Mishra, Jhili","13","7","Indian Institute of Technology Madras","Chennai","India"
"","View last title","","","",""
"","","","","","",""
"1168 7101778339 (i) on (i)","Murthy, G. Sreenivasa  Murthy, G. S.","13","4","Indian Institute of Technology Madras","Chennai","India"
"","View last title","","","",""
"","","","","","",""
"1169 57642946700 (i) on (i)","Narayanan, S. S.  Narayanan, S.","13","9","Indian Institute of Technology Madras","Chennai","India"
"","View last title","","","",""
"","","","","","",""
"1170 36844511600 (i) on (i)","Nathan, Abel Arul  Nathan, Abel A.","13","6","Indian Institute of Technology Madras","Chennai","India"
"","View last title","","","",""
"","","","","","",""
"1171 56634175300 (i) on (i)","Panchapakesan, N. R.","13","6","Indian Institute of Technology Madras","Chennai","India"
"","View last title","","","",""
"","","","","","",""
"1172 56155263700 (i) on (i)","Parui, Avishek","13","1","Indian Institute of Technology Madras","Chennai","India"
"","View last title","","","",""
"","","","","","",""
"1173 57199359005 (i) on (i)","Pavan Kumar, Singeetham  Pavan Kumar, S.   Singeetham, Pavan Kumar","13","3","Indian Institute of Technology Madras","Chennai","India"
"","View last title","","","",""
"","","","","","",""
"1174 57203750258 (i) on (i)","Pavithran, Induja","13","6","Indian Institute of Technology Madras","Chennai","India"
"","View last title","","","",""
"","","","","","",""
"1175 57220665527 (i) on (i)","Prakash, Anusha","13","5","Indian Institute of Technology Madras","Chennai","India"
"","View last title","","","",""
"","","","","","",""
"1176 8616018900 (i) on (i)","Priya, M. Hamsa  Priya, M. Hamsa   Hamsa Priya, M.   Sundaram, Hamsa Priya Mohana   Priya, M. H.","13","9","Indian Institute of Technology Madras","Chennai","India"
"","View last title","","","",""
"","","","","","",""
"1177 57200604259 (i) on (i)","Raghavendra, Beesam  Raghavendra, B.","13","6","Indian Institute of Technology Madras","Chennai","India"
"","View last title","","","",""
"","","","","","",""
"1178 57191202904 (i) on (i)","Raghunathan, Manikandan  Raghunathan, M.","13","4","Indian Institute of Technology Madras","Chennai","India"
"","View last title","","","",""
"","","","","","",""
"1179 57206169459 (i) on (i)","Rajendran, Govindasamy P.  Rajendran, G. P.   Rajendran, G.","13","5","Indian Institute of Technology Madras","Chennai","India"
"","View last title","","","",""
"","","","","","",""
"1180 57212060087 (i) on (i)","Rajendran, S.","13","7","Indian Institute of Technology Madras","Chennai","India"
"","View last title","","","",""
"","","","","","",""
"1181 6601941040 (i) on (i)","Ramamohana Rao, A.","13","3","Indian Institute of Technology Madras","Chennai","India"
"","View last title","","","",""
"","","","","","",""
"1182 57215478951 (i) on (i)","Ramesh Babu, N.","13","4","Indian Institute of Technology Madras","Chennai","India"
"","View last title","","","",""
"","","","","","",""
"1183 56238516000 (i) on (i)","Ranganathan, Kuppusamy  Ranganathan, K.","13","11","Central Pollution Control Board India","New Delhi","India"
"","View last title","","","",""
"","","","","","",""
"1184 56931736100 (i) on (i)","Ravi Kumar, N. V.","13","7","Indian Institute of Technology Madras","Chennai","India"
"","View last title","","","",""
"","","","","","",""
"1185 57197470326 (i) on (i)","Simha, R. Aditi  Aditi Simha, R.   Simha, R. A.","13","9","Indian Institute of Technology Madras","Chennai","India"
"","View last title","","","",""
"","","","","","",""
"1186 56908005500 (i) on (i)","Singh, Manmohan  Singh, M.","13","4","Indian Institute of Technology Madras","Chennai","India"
"","View last title","","","",""
"","","","","","",""
"1187 57200794638 (i) on (i)","Singh, Mrityunjay  Singh, M.","13","6","Indian Institute of Technology Madras","Chennai","India"
"","View last title","","","",""
"","","","","","",""
"1188 57203461732 (i) on (i)","Sivasankaran, Sathish Kumar","13","4","Indian Institute of Technology Madras","Chennai","India"
"","View last title","","","",""
"","","","","","",""
"1189 47361702900 (i) on (i)","Srimany, Amitava","13","10","Indian Institute of Technology Madras","Chennai","India"
"","View last title","","","",""
"","","","","","",""
"1190 56015325100 (i) on (i)","Srinivasan, Venkatraman  Srinivasan, Venkataraman   Srinivasan, V.","13","8","Indian Institute of Technology Madras","Chennai","India"
"","View last title","","","",""
"","","","","","",""
"1191 57190292810 (i) on (i)","Sudhakar, Chennu","13","7","Indian Institute of Technology Madras","Chennai","India"
"","View last title","","","",""
"","","","","","",""
"1192 56161983900 (i) on (i)","Sugi, Korath Shivan  Sugi, K. S.","13","7","Indian Institute of Technology Madras","Chennai","India"
"","View last title","","","",""
"","","","","","",""
"1193 6506015954 (i) on (i)","Sulatha, Muralidharan S.  Sulatha, M. S.","13","6","Indian Institute of Technology, Madras","Chennai","India"
"","View last title","","","",""
"","","","","","",""
"1194 6603034502 (i) on (i)","Venkatram, T.","13","2","Indian Institute of Technology, Madras","Chennai","India"
"","View last title","","","",""
"","","","","","",""
"1195 35796484600 (i) on (i)","Viswamohan, Aysha Iqbal  Viswamohan, Aysha","13","3","Indian Institute of Technology Madras","Chennai","India"
"","View last title","","","",""
"","","","","","",""
"1196 6602676599 (i) on (i)","Achuthan, M. K.","12","2","Indian Institute of Technology Madras","Chennai","India"
"","View last title","","","",""
"","","","","","",""
"1197 6602625024 (i) on (i)","Achyutha, H.","12","2","Indian Institute of Technology Madras","Chennai","India"
"","View last title","","","",""
"","","","","","",""
"1198 57210621338 (i) on (i)","Amalan, S.  Amalan, S.   Sebastin, Amalan","12","4","Indian Institute of Technology Madras","Chennai","India"
"","View last title","","","",""
"","","","","","",""
"1199 55548642700 (i) on (i)","Ambikasaran, Sivaram 	  Ambikasaran, S.","12","9","Indian Institute of Technology Madras","Chennai","India"
"","View last title","","","",""
"","","","","","",""
"1200 57202419355 (i) on (i)","Anantha Subramanian, V.  Subramanian, Anantha   Subramanian, Anantha V.","12","4","Indian Institute of Technology Madras","Chennai","India"
"","View last title","","","",""
"","","","","","",""