"Result Number","Author","Documents","h-index          Author metrics Scopus is adding an array of metrics for researchers. As an initial step, the h-index has been added.  The h-graph is one way of displaying and comparing the productivity and impact of published work of scholars. It should only be used together with a mix of quantitative and qualitative metrics.  More metrics will be added in the course of the year.","Affiliation","City","Country/Territory"
"1 7405638726 (i) on (i)","Singh, Bhim  Singh, B. N.   Sing, Bhim   Singh, B. P.   Singh, B.   Singh, Brij N.   Singh, Bhim S.","2335","75","Indian Institute of Technology Delhi","New Delhi","India"
"","View last title","","","",""
"","","","","","",""
"2 25637555100 (i) on (i)","Panigrahi, Bijaya Ketan  Panigrahi, Bk   Panigrahi, B. K.   Panigrahi, Bijay Ketan   Ketan Panigrahi, Bijaya   Panigrahi, bk   Panigrahi, B.   Panigrahi, Binay Ketan  					    Panigrahi, Bijaya   Panigrahi, Bijaya Kethan   Panigrahi, Bijaya K.","656","57","Indian Institute of Technology Delhi","New Delhi","India"
"","View last title","","","",""
"","","","","","",""
"3 55849312100 (i) on (i)","Koul, Shiban Kishen  Koul, Siban K.   K. Koul, Shiban   Koul, Shiban K.   Koul, Shiban Kishan   Koul, S. K.   Koul, Shiban","546","22","Indian Institute of Technology Delhi","New Delhi","India"
"","View last title","","","",""
"","","","","","",""
"4 56606361700 (i) on (i)","Mishra, Sukumar P.  Mishra, S.   Mishra, Sukumar   Mishra, Soumendra Kumar   Mishra, S. P.","424","47","Indian Institute of Technology Delhi","New Delhi","India"
"","View last title","","","",""
"","","","","","",""
"5 7402899220 (i) on (i)","Ramgopal Rao, V.  Rao, V. R.   Rao, Ramgopal Valipe   Rao, Ramgopal S.   Ramgopal, Rao V.   Rao, V. Ramgopal   Rao, Ramgopal   Rao, Ramgopal V.   Ramgopal Rao, V.   Rao, S. Ramgopal   Rao, V.   Rao, Vishweshwara   V. Ramgopal Rao, Valipe Ramgopal   Rao","415","41","Indian Institute of Technology Delhi","New Delhi","India"
"","View last title","","","",""
"","","","","","",""
"6 7005406958 (i) on (i)","Rathore, Anurag Singh  Rathore, Anurag E.   Singh Rathore, Anurag   Rathore, Anurag S.   Rathore, A. S.   Rathore, Anurog S.   Rathore, Anurag   Rathore, A.","410","39","Indian Institute of Technology Delhi","New Delhi","India"
"","View last title","","","",""
"","","","","","",""
"7 7103015030 (i) on (i)","Tripathi, Vipin Kumar  Tripathi, Vipin   Tripathi, Vipin K.   Tripathi, V. K.   Tripathi, V.","404","28","Indian Institute of Technology Delhi","New Delhi","India"
"","View last title","","","",""
"","","","","","",""
"8 7404234609 (i) on (i)","Gupta, Pradeep Kumar  Gupta, P. K.   Gupta, Pradeep K.   Gupta, Pradeep Kumarp   Gupta, Pooja   Kumar Gupta, Pradeep   Gupta, Pradeep   Gupta, P.","392","44","Indian Institute of Technology Delhi","New Delhi","India"
"","View last title","","","",""
"","","","","","",""
"9 7202949674 (i) on (i)","Kaushik, Subhash Chandra  Kaushik, Subhash Chand   Kaushik, S.   Kaushik, Subhash C.   Kaushik, Shubhash C.   Kaushik, S. C.","389","57","Indian Institute of Technology Delhi","New Delhi","India"
"","View last title","","","",""
"","","","","","",""
"10 7006203679 (i) on (i)","Ganguli, Ashok Kumar  Ganguli, Ashok   Ganguli, Ashok K.   Ganguli, A. K.   Ganguli, A.   Kumar Ganguli, Ashok","362","45","Indian Institute of Technology Delhi","New Delhi","India"
"","View last title","","","",""
"","","","","","",""
"11 36067733400 (i) on (i)","Sharma, Ram Pal  Sharma, R. P.   Sharma, R.   Sharma, Ram P.","345","23","Indian Institute of Technology Delhi","New Delhi","India"
"","View last title","","","",""
"","","","","","",""
"12 35421132000 (i) on (i)","Sharma, Vinod Prakash      Sharma, Vinod   Sharma, Vinod P.   Sharma, Vp   Sharma, V. P.   SHARMA, V. P.","311","37","Indian Institute of Technology Delhi","New Delhi","India"
"","View last title","","","",""
"","","","","","",""
"13 7102461583 (i) on (i)","Bhan, Maharaj Krishan  Bhan, Maharaj Kumar   Bhan, Maharaj   Bhan, MK   Bhan, M.   Bhan, Maharaj Kishan   Bhan, Maharaj K.   Bhan, M. K.   Bhan, K. M.   Bhan, Maharaj Kishen","303","62","Indian Institute of Technology Delhi","New Delhi","India"
"","View last title","","","",""
"","","","","","",""
"14 7403983397 (i) on (i)","Gupta, Munishwar Nath  Gupta, Munishwar N.   Gupta, M.   Gupta, MN   Gupta, Munishwer N.   Gupta, M. N.   GUPTA, MUNISHWAR N.   GUPTA, Munishwar N.   Gupta, Munishwar","291","49","Indian Institute of Technology Delhi","New Delhi","India"
"","View last title","","","",""
"","","","","","",""
"15 57210232856 (i) on (i)","Hasnain, Seyed Ehtesham  Hasnain, Seyed E.   Hasnain, Seyed   HASNAIN, S. E.   Hasnain, Seyed F.   Hasnain, S. E.","274","43","Sharda University","Greater Noida","India"
"","View last title","","","",""
"","","","","","",""
"16 7102950627 (i) on (i)","Choudhary, Veena N.  Choudhary, Veena   Choudhary, V.","271","51","Indian Institute of Technology Delhi","New Delhi","India"
"","View last title","","","",""
"","","","","","",""
"17 7102162918 (i) on (i)","Pillai, P. K.C.  Pillai, P. K.","268","21","Indian Institute of Technology Delhi","New Delhi","India"
"","View last title","","","",""
"","","","","","",""
"18 57202408401 (i) on (i)","Mehta, Bodh Raj  Mehta, Bodh R.   Mehta, B. R.   Mehta, B.   Raj Mehta, Bodh","267","34","Indian Institute of Technology Delhi","New Delhi","India"
"","View last title","","","",""
"","","","","","",""
"19 15833947700 (i) on (i)","Bhatnagar, Manav  Bhatnagar, M. R.   Bhatnagar, Manav R.","260","38","Indian Institute of Technology Delhi","New Delhi","India"
"","View last title","","","",""
"","","","","","",""
"20 7006019239 (i) on (i)","Pant, Kamal Kishore  Pant, K. K.   Pant, Kamal K.K.   Kishore Pant, Kamal   Pant, Kamal K.   Pant, Kamal Kumar   Pant, K.","257","50","Indian Institute of Technology Delhi","New Delhi","India"
"","View last title","","","",""
"","","","","","",""
"21 7005035348 (i) on (i)","Mallik, Ranjan K.  Mallik, Ranian K.   Mallik, R. K.   Mallik, Ranjan   Mallik, Ranjan K.   Mallik, R.","254","39","Indian Institute of Technology Delhi","New Delhi","India"
"","View last title","","","",""
"","","","","","",""
"22 35556104200 (i) on (i)","Gupta, Banshi Dhar  Gupta, B. D.   Gupta, Banshi D.","251","55","Indian Institute of Technology Delhi","New Delhi","India"
"","View last title","","","",""
"","","","","","",""
"23 6603852484 (i) on (i)","Veerachary, Mummadi  Veerachary, M.   Mummadi, Veerachary","251","24","Indian Institute of Technology Delhi","New Delhi","India"
"","View last title","","","",""
"","","","","","",""
"24 7005810169 (i) on (i)","Bijwe, Jayashree  Bijwe, J.   Jayashree, Bijwe","244","48","Indian Institute of Technology Delhi","New Delhi","India"
"","View last title","","","",""
"","","","","","",""
"25 55666465200 (i) on (i)","Mehta, Dalip Singh  Mehta, Delip Singh   Mehta, D.   Mehta, Dalip S.   Mehta, Dalip singh   Mehta, D. S.","242","22","Indian Institute of Technology Delhi","New Delhi","India"
"","View last title","","","",""
"","","","","","",""
"26 7005580962 (i) on (i)","Khare, Neeraj  Khare, N.","240","37","Indian Institute of Technology Delhi","New Delhi","India"
"","View last title","","","",""
"","","","","","",""
"27 35586475400 (i) on (i)","Dutta Roy, Suhash Chandra  Dutta Roy, S.   Roy, S. C.Dutta   Dutta Roy, Suhash C.   Roy, Suhash C.Dutta   Roy, S.   Roy, S. C.D.   Roy, Suhash Chandra   Roy, Suhash Chandra Dutta   Dutta Roy, S. C.   Dutta ROY, Suhash C.","238","21","Indian Institute of Technology Delhi","New Delhi","India"
"","View last title","","","",""
"","","","","","",""
"28 57210241912 (i) on (i)","Das, Apurba  Das, A.   Dasa, A.","236","28","Indian Institute of Technology Delhi","New Delhi","India"
"","View last title","","","",""
"","","","","","",""
"29 7005779441 (i) on (i)","Kothari, Vijayakumar 			       Kotharia, V. K.   Kothari, V. K.   Kothari, Vijay Kumar   Kothari, Vijay K.   Kothari, V.   Kothari, Vijay","236","31","Indian Institute of Technology Delhi","New Delhi","India"
"","View last title","","","",""
"","","","","","",""
"30 57209036941 (i) on (i)","Singh, Ajai Kumar  Singh, A.   Singh, A. K.   Kumar Singh, Ajai   K. Singh, Ajai   Singh, Ajai K.","235","44","Indian Institute of Technology Delhi","New Delhi","India"
"","View last title","","","",""
"","","","","","",""
"31 22980653700 (i) on (i)","Nigam, Krishna Deo Prasad  Nigam, Krishna   Nigam, Krishana D.P.   Nigam, K. D.P.   Nigam, Krishna D.P.","233","45","Indian Institute of Technology Delhi","New Delhi","India"
"","View last title","","","",""
"","","","","","",""
"32 7103054422 (i) on (i)","Kalra, Prem Kumar  Kalra, Prem K.   Kalra, P.   Kalra, Prem   Kalra, PK   Kalra, P. K.","232","25","Indian Institute of Technology Delhi","New Delhi","India"
"","View last title","","","",""
"","","","","","",""
"33 7102053581 (i) on (i)","Chaudhary, Sujeet  Chaudhary, S.","227","27","Indian Institute of Technology Delhi","New Delhi","India"
"","View last title","","","",""
"","","","","","",""
"34 7006726332 (i) on (i)","Behera, Bijoya Kumar  Behera, Bijoy K.   Behera, Bijoy Kumar   Behera, Bijoya   Behera, Bijoya K.   Behera, Bijoy   Behera, Bejoya Kuma   Behera, K. B.   Behera, B. K.","226","27","Indian Institute of Technology Delhi","New Delhi","India"
"","View last title","","","",""
"","","","","","",""
"35 7003946630 (i) on (i)","Lall, Brejesh  Lall, B.   lall, Brejesh   Lal, Brejesh   Lall, Brejesh Lall","225","12","Indian Institute of Technology Delhi","New Delhi","India"
"","View last title","","","",""
"","","","","","",""
"36 23000949000 (i) on (i)","Ghatak, Ajoy Kumar  Ghatak, Ajoy K.   Ghatak, Ajoy   Ghatak, A. K.   Ghatak, A.","221","30","Indian Institute of Technology Delhi","New Delhi","India"
"","View last title","","","",""
"","","","","","",""
"37 7202746341 (i) on (i)","Pandey, Pulak Mohan  Pandey, P. M.   M. Pandey, Pulak   Pandey, Pulak M.","216","40","Indian Institute of Technology Delhi","New Delhi","India"
"","View last title","","","",""
"","","","","","",""
"38 7202304369 (i) on (i)","De, Swades K.  De, S.   De, Swades","214","25","Indian Institute of Technology Delhi","New Delhi","India"
"","View last title","","","",""
"","","","","","",""
"39 35474965800 (i) on (i)","Gupta, Narinder Kumar  Gupta, Narinder K.   Gupta, Narinder   Guptac, N. K.   Gupta, N. K.","213","39","Indian Institute of Technology Delhi","New Delhi","India"
"","View last title","","","",""
"","","","","","",""
"40 7201524223 (i) on (i)","Anand, Sneh  Anand, S.","207","25","Indian Institute of Technology Delhi","New Delhi","India"
"","View last title","","","",""
"","","","","","",""
"41 22941979500 (i) on (i)","Sushil, null  Sushil, D.   Sushil, Prof   Sushil, S. K.   Agarwal, Sushil   Gupta, A.   Sushil, Sushil N.   Singh, Sushil   Sushil, Periyasami   Sushil, M.   Sushil, Professor   Sushil, S.   Sushil","207","33","Indian Institute of Technology Delhi","New Delhi","India"
"","View last title","","","",""
"","","","","","",""
"42 55662853500 (i) on (i)","Kandpal, Tara Chandra  Kandpal, Tara C.   Chandra Kandpal, Tara   Kandpal, T. C.   Kandpal, Tara Chand","206","39","Indian Institute of Technology Delhi","New Delhi","India"
"","View last title","","","",""
"","","","","","",""
"43 7006556092 (i) on (i)","Malik, Hitendra Kumar  Malik, H. K.   Malik, Hitendra K.   Malik, Hitendra","206","33","Indian Institute of Technology Delhi","New Delhi","India"
"","View last title","","","",""
"","","","","","",""
"44 7006059504 (i) on (i)","Ishtiaque, S. M.  Ishtiaque, Sayied   Ishtiaque, S. M.   Ishtiaque, Saiyed Muzffar   Ishtiaque, Saiyed Muzaffar   Ishtiaque, Sayed   Ishtiaque, Saiyed M.   Ishtiaque, Sayed Muzaffar","205","18","Indian Institute of Technology Delhi","New Delhi","India"
"","View last title","","","",""
"","","","","","",""
"45 57202259945 (i) on (i)","Singh, Bhim P.  Singh, B. P.   Singh, B.   Singh, Bhim","205","21","Indian Institute of Technology Delhi","New Delhi","India"
"","View last title","","","",""
"","","","","","",""
"46 7403281143 (i) on (i)","Saha, Subir Kumar  Saha, S. K.   SAHA, SUBIR KUMAR   Saha, Subir   Saha, Subir K.","204","23","Indian Institute of Technology Delhi","New Delhi","India"
"","View last title","","","",""
"","","","","","",""
"47 35501953800 (i) on (i)","Pandey, Siddharth  Pandey, S.   Pandey, Siddarth","202","43","Indian Institute of Technology Delhi","New Delhi","India"
"","View last title","","","",""
"","","","","","",""
"48 7403739205 (i) on (i)","Sinha, Sujeet Kumar  Sinha, S. K.  	    Sinha Phd, Sujeet K.   Sinha, Sujeet K.   Sinha, Sujeet   Kumar Sinha, Sujeet","202","32","Indian Institute of Technology Delhi","New Delhi","India"
"","View last title","","","",""
"","","","","","",""
"49 7003730142 (i) on (i)","Dutta, Viresh  Dutta, V.","201","32","Indian Institute of Technology Delhi","New Delhi","India"
"","View last title","","","",""
"","","","","","",""
"50 7006568534 (i) on (i)","Gulrajani, Mohan L.  Gulrajani, Mohan   Gulrajani, M. L.   Gulrajani, M.   GULRAJANI, M. L.","201","26","Indian Institute of Technology Delhi","New Delhi","India"
"","View last title","","","",""
"","","","","","",""
"51 7401935529 (i) on (i)","Joseph, Joby Joby  Joseph, J.   Joseph, Joby","201","28","Indian Institute of Technology Delhi","New Delhi","India"
"","View last title","","","",""
"","","","","","",""
"52 56757689600 (i) on (i)","Kar, Indra Narayan  Kar, Indra N.   Kar, I. N.","198","28","Indian Institute of Technology Delhi","New Delhi","India"
"","View last title","","","",""
"","","","","","",""
"53 35607588300 (i) on (i)","Chatterjee, Ratnamala  Chatterjee, Rantamala   Chatterjee, R.   Chattarjee, R.   Roy, Ratnamala   Chatterjee, Rmala","196","29","Indian Institute of Technology Delhi","New Delhi","India"
"","View last title","","","",""
"","","","","","",""
"54 7404420679 (i) on (i)","Singh, Jitendra Pratap  Singh, Jagpal   SINGH, J. P.   Singh, J. P.   Singh, J.   SINGH, JITENDRA P.   Singh, Jitendra P.   Singh, Jai   Singh, Jagriti   Singh, Jitendra","195","30","Indian Institute of Technology Delhi","New Delhi","India"
"","View last title","","","",""
"","","","","","",""
"55 7102730037 (i) on (i)","Ramaswamy, Ramakrishna  Ramaswamy, Ramkrishna   Ramaswamy, Ram   Ramakrishna, Ramaswamy   Ramaswamy, R.","194","34","Indian Institute of Technology Delhi","New Delhi","India"
"","View last title","","","",""
"","","","","","",""
"56 35576136800 (i) on (i)","Shakher, Chandra  Shakher, C.   Shakher, Chandera   Shakher, Chandar","193","28","Indian Institute of Technology Delhi","New Delhi","India"
"","View last title","","","",""
"","","","","","",""
"57 34770413200 (i) on (i)","Gupta, Bhuvanesh D.  Gupta, B. D.   Gupta, Bhuvanesh   Gupta, B.","192","40","Indian Institute of Technology Delhi","New Delhi","India"
"","View last title","","","",""
"","","","","","",""
"58 7103304583 (i) on (i)","Garg, Harish P.  Garg, H. P.","191","35","Indian Institute of Technology Delhi","New Delhi","India"
"","View last title","","","",""
"","","","","","",""
"59 7101890735 (i) on (i)","Khare, Sunil K.  Khare, S. K.   Khare, Sunil Kumar   Khare, Sunil   Khare, Sunil K.   khare, Sunil Kumar","190","40","Indian Institute of Technology Delhi","New Delhi","India"
"","View last title","","","",""
"","","","","","",""
"60 55519873100 (i) on (i)","Gupta, Hem Chandra  Gupta, H. C.   Gupta, Hem C.","189","20","Indian Institute of Technology Delhi","New Delhi","India"
"","View last title","","","",""
"","","","","","",""
"61 7004567458 (i) on (i)","Pandya, Dinesh K.  Pandya, D. K.","186","30","Indian Institute of Technology Delhi","New Delhi","India"
"","View last title","","","",""
"","","","","","",""
"62 6701795186 (i) on (i)","Senthilkumaran, Paramasivam  Senthilkumaran, P.   Senthilkumaran, Paramsivam","185","24","Indian Institute of Technology Delhi","New Delhi","India"
"","View last title","","","",""
"","","","","","",""
"63 57221127001 (i) on (i)","Singh, Rajendra S.  Singh, Rajendra   Singh, R.   Singh, R. S.","185","27","Indian Institute of Technology Delhi","New Delhi","India"
"","View last title","","","",""
"","","","","","",""
"64 7005774658 (i) on (i)","Vasudevan, Padma  Vasudaven, P.   Vasudevan, P.","180","29","Indian Institute of Technology Delhi","New Delhi","India"
"","View last title","","","",""
"","","","","","",""
"65 7202157363 (i) on (i)","Kar, Subrat  Kar, Sabrat   Kar, S.","178","18","Indian Institute of Technology Delhi","New Delhi","India"
"","View last title","","","",""
"","","","","","",""
"66 7401554710 (i) on (i)","Sharma, Durlubh Kumar  Sharma, Durlabh K.   Sharma, Durlubh K.   Sharma, Durlabh Kumar   Sharma, D. K.","177","31","Indian Institute of Technology Delhi","New Delhi","India"
"","View last title","","","",""
"","","","","","",""
"67 14062706500 (i) on (i)","Tiwari, Gopal Nath  Tiwari, G.   Tiwari, G. N.   G.N.Tiwari","176","32","Indian Institute of Technology Delhi","New Delhi","India"
"","View last title","","","",""
"","","","","","",""
"68 7102221659 (i) on (i)","Deshmukh, S. G.     Deshmukh, Sanjeev Govindrao   Deshmukh, S. G.","175","49","Indian Institute of Technology Delhi","New Delhi","India"
"","View last title","","","",""
"","","","","","",""
"69 56901947100 (i) on (i)","Matsagar, Vasant A.  Matsagar, Vasant Annasaheb   Matsagar, V. A.   Matsagar, Vasant   Matsagar, V.   Matsagar, Vasant A.","173","28","Indian Institute of Technology Delhi","New Delhi","India"
"","View last title","","","",""
"","","","","","",""
"70 55740390700 (i) on (i)","Singh, Sidhnath  Singh, Sidh Nath   Singh, S. N.   Singh, Sidh N.   Singh, S.","173","24","Indian Institute of Technology Delhi","New Delhi","India"
"","View last title","","","",""
"","","","","","",""
"71 55911169300 (i) on (i)","Kar, Arpan Kumar  Kar, Arpan   kar, Arpan kumar   Kumar Kar, Arpan   Kar, Arpan K.","172","34","Indian Institute of Technology Delhi","New Delhi","India"
"","View last title","","","",""
"","","","","","",""
"72 57307863500 (i) on (i)","Kumar, Arun  Kumar, A.","171","25","Indian Institute of Technology Delhi","New Delhi","India"
"","View last title","","","",""
"","","","","","",""
"73 55664268800 (i) on (i)","Murthy, Shikaripur Sreenivasa  Murthy, Srinivasa   Murthy, S. S.   Murthy, Sreenivas S.   Murthy, Sa   Murthy, S. Sreenivasa   Murthy, Shikaripur S.   Murthy, Shikaripur Srinivasa   Murthy, S.   Sreenivasa Murthy, S.","171","35","Indian Institute of Technology Delhi","New Delhi","India"
"","View last title","","","",""
"","","","","","",""
"74 7102714077 (i) on (i)","Bansal, Narendra Kumar  Bansal, Narendra   Bansal, N. K.   BANSAL, N. K.","170","26","Indian Institute of Technology Delhi","New Delhi","India"
"","View last title","","","",""
"","","","","","",""
"75 56023912300 (i) on (i)","Basu, Ananjan  Basu, A.   Basu, Anajan","170","16","Indian Institute of Technology Delhi","New Delhi","India"
"","View last title","","","",""
"","","","","","",""
"76 55550326600 (i) on (i)","Majumdar, Abhijit  Majumdar, A.","169","30","Indian Institute of Technology Delhi","New Delhi","India"
"","View last title","","","",""
"","","","","","",""
"77 7004458697 (i) on (i)","Kapuria, Santosh  Kapuria, S.","168","32","Indian Institute of Technology Delhi","New Delhi","India"
"","View last title","","","",""
"","","","","","",""
"78 55034195500 (i) on (i)","Jayaram, B.  Jayaram, B.   Bhyravabhotla, Jayaram   JAYARAM, B.   Jayaram, Bhyravabhotla","167","40","Indian Institute of Technology Delhi","New Delhi","India"
"","View last title","","","",""
"","","","","","",""
"79 7404971317 (i) on (i)","Sharma, Anurag  Sharma, Anaurag   Sharma, A.","167","26","Indian Institute of Technology Delhi","New Delhi","India"
"","View last title","","","",""
"","","","","","",""
"80 6602548377 (i) on (i)","Alagirusamy, Ramasamy  Ramasamy, A.   Alagirusamy, R.   Ramasamy, Alagirusamy","165","28","Indian Institute of Technology Delhi","New Delhi","India"
"","View last title","","","",""
"","","","","","",""
"81 7102410693 (i) on (i)","Bajaj, Pushpa  Bajaj, P.","165","28","Indian Institute of Technology Delhi","New Delhi","India"
"","View last title","","","",""
"","","","","","",""
"82 7005140620 (i) on (i)","Bhatti, Terlochan Singh  Bhatti, Ts   Bhatti, T. S.   Bhatti, Tricholen Singh   Bhatti, Tarlochan Singh   Bhatti, Terlochan S.","165","25","Indian Institute of Technology Delhi","New Delhi","India"
"","View last title","","","",""
"","","","","","",""
"83 16473707600 (i) on (i)","Puri, Balkrishna Krishan  Puri, Balkrishna   Puri, Bal Kristan   Puri, Bal K.   Puri, Bal Krishan   Puri, B. K.   Puri, Bai Krishan","164","23","Indian Institute of Technology Delhi","New Delhi","India"
"","View last title","","","",""
"","","","","","",""
"84 7402152964 (i) on (i)","Malik, Anushree Reyaz  Malik, A.   Malik, Anushree   Malik, A. Reyaz","162","41","Indian Institute of Technology Delhi","New Delhi","India"
"","View last title","","","",""
"","","","","","",""
"85 7202752946 (i) on (i)","Tripathy, Sarat C.  Tripathy, S. C.","162","19","Indian Institute of Technology Delhi","New Delhi","India"
"","View last title","","","",""
"","","","","","",""
"86 7006648161 (i) on (i)","Varshney, Ravendra Kumar  Varshney, R.   Varshney, Ravi   Varshney, R. K.   Varshney, Ravendra K.   Varshney, Ravi K.","162","25","Indian Institute of Technology Delhi","New Delhi","India"
"","View last title","","","",""
"","","","","","",""
"87 7405876067 (i) on (i)","Sharma, Satyawati  Satyawati, Sharma   Satyawati, S.   Sharma, S.","161","34","Indian Institute of Technology Delhi","New Delhi","India"
"","View last title","","","",""
"","","","","","",""
"88 7101755249 (i) on (i)","Varma, Dharmendra S.  Varma, Dharmendra   Varma, D. S.   VARMA, D. S.","157","17","Indian Institute of Technology Delhi","New Delhi","India"
"","View last title","","","",""
"","","","","","",""
"89 7401816247 (i) on (i)","Mukherjee, Sudipto  Mukherjee, S.","156","12","Indian Institute of Technology Delhi","New Delhi","India"
"","View last title","","","",""
"","","","","","",""
"90 6603859714 (i) on (i)","Sreekrishnan, Trichur Ramaswamy  Sreekishnan, T. R.   Sreekrishnan, T. R.","155","35","Indian Institute of Technology Delhi","New Delhi","India"
"","View last title","","","",""
"","","","","","",""
"91 6602534932 (i) on (i)","Abegaonkar, Mahesh Pandurang  Abegaonkar, M. P.   Abegaonkar, Mahesh   Abegaonkar, M.   Abegaonkar, Mahesh P.","153","22","Indian Institute of Technology Delhi","New Delhi","India"
"","View last title","","","",""
"","","","","","",""
"92 8720767300 (i) on (i)","Rao, Paruchuri Venkateswara M.  Rao, Paruchuri Venkateshwara   Rao, Paruchuri Venkatewara   Rao, Paruchuri Venkatswar   Rao, P. Venkateswara   Rao, P. V.   Venkateswara Rao, P.   Rao, Paruchuri Venkateswara   Rao, P. V.M.","152","36","Indian Institute of Technology Delhi","New Delhi","India"
"","View last title","","","",""
"","","","","","",""
"93 55731212800 (i) on (i)","Gupta, Vidya Bhushan  Gupta, Vidya   Gupta, Vidya Rhushan   Gupta, V. B.   Gupta, Vidya B.","151","28","Indian Institute of Technology Delhi","New Delhi","India"
"","View last title","","","",""
"","","","","","",""
"94 22940329900 (i) on (i)","Aravindan, Sivanandham  Aravindan, Sivanantham   Aravindan, Sivanandam   Aravindan, S.","149","33","Indian Institute of Technology Delhi","New Delhi","India"
"","View last title","","","",""
"","","","","","",""
"95 57202909418 (i) on (i)","Kumar, Vivek  Kumar, V.","147","23","Indian Institute of Technology Delhi","New Delhi","India"
"","View last title","","","",""
"","","","","","",""
"96 35253782600 (i) on (i)","Naik, Satyanarayan  Naik, Satya Narayan   Naik, S. N.   Naik, Satya N.   Naik, Satyanarayan N.","147","44","Indian Institute of Technology Delhi","New Delhi","India"
"","View last title","","","",""
"","","","","","",""
"97 25935471900 (i) on (i)","Tiwari, Geetam  Tiwari, G.","143","27","Indian Institute of Technology Delhi","New Delhi","India"
"","View last title","","","",""
"","","","","","",""
"98 23010108700 (i) on (i)","Senroy, Nilanjan  Senroy, Nilanian   Senroy, N.","141","23","Indian Institute of Technology Delhi","New Delhi","India"
"","View last title","","","",""
"","","","","","",""
"99 57188672005 (i) on (i)","Choudhary, A.  Choudhary, Amol   Choudhary, A.","137","22","Indian Institute of Technology Delhi","New Delhi","India"
"","View last title","","","",""
"","","","","","",""
"100 56699534600 (i) on (i)","Kashyap, Subhash Chand  Kashyap, S. C.   Kashyap, Subhash C.   Kashyap, Subash C.","137","25","Indian Institute of Technology Delhi","New Delhi","India"
"","View last title","","","",""
"","","","","","",""
"101 56248375100 (i) on (i)","Bhalla, Suresh  Bhalla, S.","136","29","Indian Institute of Technology Delhi","New Delhi","India"
"","View last title","","","",""
"","","","","","",""
"102 7103136778 (i) on (i)","Mohan, D.  Mohan, Dinesh   Mohan, D.   Mohan, DInesh","136","26","Indian Institute of Technology Delhi","New Delhi","India"
"","View last title","","","",""
"","","","","","",""
"103 57309134300 (i) on (i)","Singh, Sanjay Kumar  Singh, S. K.R.   Singh, S. K.   Singh, Sanjay K.   Singh, Sanjay   Singh, S.","136","35","Indian Institute of Technology Delhi","New Delhi","India"
"","View last title","","","",""
"","","","","","",""
"104 7006558395 (i) on (i)","Balakrishnan, Meenakshi  Balakrishnan, M.","135","17","Indian Institute of Technology Delhi","New Delhi","India"
"","View last title","","","",""
"","","","","","",""
"105 7101769163 (i) on (i)","Bose, Ranjan  Bose, R.   Base, Ranjan","135","17","Indian Institute of Technology Delhi","New Delhi","India"
"","View last title","","","",""
"","","","","","",""
"106 7402866430 (i) on (i)","Dey, Sagnik  Dey, S.","135","40","Indian Institute of Technology Delhi","New Delhi","India"
"","View last title","","","",""
"","","","","","",""
"107 41662485800 (i) on (i)","Verma, Ashu Kumar  Verma, Akhilesh K.   Verma, A.   Verma, Ashu   Verma, A. K.   Verma, Amit Kumar   Verma, Amit K.","135","20","Indian Institute of Technology Delhi","New Delhi","India"
"","View last title","","","",""
"","","","","","",""
"108 57216680388 (i) on (i)","Das, Amita 	    Das, A.","134","26","Indian Institute of Technology Delhi","New Delhi","India"
"","View last title","","","",""
"","","","","","",""
"109 9241757900 (i) on (i)","Sivaramakrishnan, Janardhanan  Janardhanan, S.   Janardhanan, Shivaramakrishnan   JanardhananS., S.   Janardhanan, Sivaramakrishnan","134","20","Indian Institute of Technology Delhi","New Delhi","India"
"","View last title","","","",""
"","","","","","",""
"110 7202432797 (i) on (i)","Tyagi, S. K.  Tyagi, Sudhir Kumar   Tyagi, S. K.   Tyagi, Sudhir K.","133","33","Indian Institute of Technology Delhi","New Delhi","India"
"","View last title","","","",""
"","","","","","",""
"111 57199380742 (i) on (i)","Ghosh, Sanatanu  Ghosh, Santanu   Ghosh, S.","132","22","Indian Institute of Technology Delhi","New Delhi","India"
"","View last title","","","",""
"","","","","","",""
"112 7202601999 (i) on (i)","Joshi, Mangala  Joshi, M.   Joshi, Mongala   Joshi, Mangla","132","31","Indian Institute of Technology Delhi","New Delhi","India"
"","View last title","","","",""
"","","","","","",""
"113 36984082800 (i) on (i)","Pandey, Lalit Mohan  Pandey, L. M.   Pandey, Lalit   Pandey, Lalit M.","132","31","Indian Institute of Technology Delhi","New Delhi","India"
"","View last title","","","",""
"","","","","","",""
"114 14825636700 (i) on (i)","Paul, Kolin  Paul, K.","132","17","Indian Institute of Technology Delhi","New Delhi","India"
"","View last title","","","",""
"","","","","","",""
"115 7101776333 (i) on (i)","Dhawan, Anuj  Dhawan, A.","131","25","Indian Institute of Technology Delhi","New Delhi","India"
"","View last title","","","",""
"","","","","","",""
"116 7404473895 (i) on (i)","Rao, Amabarukhana Devendra  Rao, A. D.   Rao, Ambarukhana D.   Rao, Amabarukhana D.   Rao, Ambarukhana Devendra","131","22","Indian Institute of Technology Delhi","New Delhi","India"
"","View last title","","","",""
"","","","","","",""
"117 7005252194 (i) on (i)","Indulkar, Chandrasen S.  Indulkar, Chandrasen   Indulkar, C. S.","130","10","Indian Institute of Technology Delhi","New Delhi","India"
"","View last title","","","",""
"","","","","","",""
"118 56491987800 (i) on (i)","Jain, Amit Kumar  Jain, A. K.   Jain, Amit Kain   Jain, Amit   Jain, A.   Jain, Amit K.","130","22","Indian Institute of Technology Delhi","New Delhi","India"
"","View last title","","","",""
"","","","","","",""
"119 6603065364 (i) on (i)","Satapathy, Bhabani Kumar  Satapathy, Bhabani K.   Satapathy, B.   Satapathy, B. K.   Satapathy, Bhabani","130","30","Indian Institute of Technology Delhi","New Delhi","India"
"","View last title","","","",""
"","","","","","",""
"120 7202771782 (i) on (i)","Agrawal, Ashwini Kumar  Agrawal, Ashwini   Agrawal, Ashwini K.   Agrawal, A. K.   Agarwal, Ashwini K.","129","27","Indian Institute of Technology Delhi","New Delhi","India"
"","View last title","","","",""
"","","","","","",""
"121 7003525819 (i) on (i)","Bisaria, Virendra Swarup  Bisaria, Virendra S.   Bisaria, V. S.   Bisaria, Virendra   BISARIA, V. S.   Bisaria, Virendra Swaroop","129","37","Indian Institute of Technology Delhi","New Delhi","India"
"","View last title","","","",""
"","","","","","",""
"122 56673018000 (i) on (i)","Kumar, Vinod  Kumar, V.","128","39","Indian Institute of Technology Delhi","New Delhi","India"
"","View last title","","","",""
"","","","","","",""
"123 7006573614 (i) on (i)","Salhotra, K. R.  SALHOTRA, K. R.","128","14","Indian Institute of Technology Delhi","New Delhi","India"
"","View last title","","","",""
"","","","","","",""
"124 7405880426 (i) on (i)","Sharma, Seema  Sharma, S.","128","21","Indian Institute of Technology Delhi","New Delhi","India"
"","View last title","","","",""
"","","","","","",""
"125 55605761991 (i) on (i)","Das, Samaresh  Das, S.","127","24","Indian Institute of Technology Delhi","New Delhi","India"
"","View last title","","","",""
"","","","","","",""
"126 24343318600 (i) on (i)","Gandhi, Tapan Kumar  Gandhi, Tapan Kr   Gandhi, Tapan   Gandhi, T. K.   Gandhi, Tapan K.   Kumar Gandhi, Tapan   Gandhi, T.","127","17","Indian Institute of Technology Delhi","New Delhi","India"
"","View last title","","","",""
"","","","","","",""
"127 56377805700 (i) on (i)","Sharma, Rajendra Kumar  Sharma, Rajendra   Sharma, Rajendra K.   Sharma, R. K.","127","15","Indian Institute of Technology Delhi","New Delhi","India"
"","View last title","","","",""
"","","","","","",""
"128 15836453700 (i) on (i)","Bhatnagar, Naresh  Bhatnagara, Naresh   Bhatnagar, N.","125","33","Indian Institute of Technology Delhi","New Delhi","India"
"","View last title","","","",""
"","","","","","",""
"129 57218964567 (i) on (i)","Singh, Harpal  Singh, H.","125","29","All India Institute of Medical Sciences, New Delhi","New Delhi","India"
"","View last title","","","",""
"","","","","","",""
"130 7005774405 (i) on (i)","Bahl, Rajendar  Bah, Rajendar   Bahl, R.","124","12","Indian Institute of Technology Delhi","New Delhi","India"
"","View last title","","","",""
"","","","","","",""
"131 7402619467 (i) on (i)","Patel, Badri Prasad  Patel, B. P.   Patel, Badri P.","124","25","Indian Institute of Technology Delhi","New Delhi","India"
"","View last title","","","",""
"","","","","","",""
"132 57199578228 (i) on (i)","Singh, Surya Prakash  Prakash Singh, Surya   Singh, S. Prakash   Singh, S. P.   Singha, Surya Prakash   Singh, Surya P.","124","29","Indian Institute of Technology Delhi","New Delhi","India"
"","View last title","","","",""
"","","","","","",""
"133 56269886400 (i) on (i)","Joshi, Shiv Dutt  Joshi, Shivdutt   Joshi, Shiv D.   Joshib, S. D.   Joshi, S. D.","123","18","Indian Institute of Technology Delhi","New Delhi","India"
"","View last title","","","",""
"","","","","","",""
"134 34768487200 (i) on (i)","Kumar, Arun V.  Kumar, A.   Kumar, Arun","123","12","Indian Institute of Technology Delhi","New Delhi","India"
"","View last title","","","",""
"","","","","","",""
"135 55431926000 (i) on (i)","Jain, Virander Kumar  Jain, V.  				                Kumar Jain, Virander   Jain, V. K.   Jain, Virander K.","122","18","Indian Institute of Technology Delhi","New Delhi","India"
"","View last title","","","",""
"","","","","","",""
"136 57223665970 (i) on (i)","Kumar, Sunil R.  Kumar, S.   KUMAR, SUNIL   Kumar, S. R.   Kumar, Sunil","122","13","Indian Institute of Technology Delhi","New Delhi","India"
"","View last title","","","",""
"","","","","","",""
"137 8512568500 (i) on (i)","Jha, Kumar Neeraj  Jha, K. N.   Neeraj Jha, Kumar   Jha, Kumar N.   Jha, Kumar","121","25","Indian Institute of Technology Delhi","New Delhi","India"
"","View last title","","","",""
"","","","","","",""
"138 13106034300 (i) on (i)","Jain, Jayant K.  Jain, J.   Jain, Jayant   Jain, J. K.","120","18","Indian Institute of Technology Delhi","New Delhi","India"
"","View last title","","","",""
"","","","","","",""
"139 7103127988 (i) on (i)","Balasubramanian, Ram  Balasubramanian, R.","119","17","Indian Institute of Technology Delhi","New Delhi","India"
"","View last title","","","",""
"","","","","","",""
"140 35468622800 (i) on (i)","Gupta, Deepti  Gupta, Deep   Gupta, D. B.   Gupta, D.   Guptaa, Deepti   Gupta, Deepti Bahl","119","25","Indian Institute of Technology Delhi","New Delhi","India"
"","View last title","","","",""
"","","","","","",""
"141 7401641480 (i) on (i)","Ray, Alok R.  Ray, Alok Ranjan   Ray, A.   Ray, Alok R.   RAY, ALOK R.   Ray, Alok   Ray, A. R.","119","34","Indian Institute of Technology Delhi","New Delhi","India"
"","View last title","","","",""
"","","","","","",""
"142 7006738133 (i) on (i)","Nanda, Janardan N.  Nanda, J.   NANDA, J.   Nanda, Janardan   Nanda, J. N.","118","28","Indian Institute of Technology Delhi","New Delhi","India"
"","View last title","","","",""
"","","","","","",""
"143 7005876250 (i) on (i)","Shenoy, Mangalpady Raj  Shenoy, M.   Shenoy, Mangalpady R.   Shenoy, M. R.   shenoy, M. R.","118","19","Indian Institute of Technology Delhi","New Delhi","India"
"","View last title","","","",""
"","","","","","",""
"144 57213127504 (i) on (i)","Chopra, K. L.","117","22","Indian Institute of Technology Delhi","New Delhi","India"
"","View last title","","","",""
"","","","","","",""
"145 6603453588 (i) on (i)","Prakriya, Shankar  Prakriya, S.","117","14","Indian Institute of Technology Delhi","New Delhi","India"
"","View last title","","","",""
"","","","","","",""
"146 57211913146 (i) on (i)","Srivastava, Pankaj K.  Srivastava, P. K.   Srivastava, P.         Srivastava, Pankaj","117","22","Indian Institute of Technology Delhi","New Delhi","India"
"","View last title","","","",""
"","","","","","",""
"147 8729884300 (i) on (i)","Butola, Bhupendra Singh  Butola, Bhupendra S.   Singh Butola, Bhupendra   Butola, B. S.","115","28","Indian Institute of Technology Delhi","New Delhi","India"
"","View last title","","","",""
"","","","","","",""
"148 7005917218 (i) on (i)","Chattopadhyay, Rabisankar S.  Chattopadhyay, R. S.   Chattopadhyay, R.   Chattopadhyay, Rabisankar   Chattopadhay, R.   Chattopadhyay, Ravi","115","15","Indian Institute of Technology Delhi","New Delhi","India"
"","View last title","","","",""
"","","","","","",""
"149 14527743200 (i) on (i)","Sahoo, Dipti Ranjan  Sahoo, Dipti R.   Sahoo, D. R.   Sahoo, Ranjan Dipti","115","24","Indian Institute of Technology Delhi","New Delhi","India"
"","View last title","","","",""
"","","","","","",""
"150 7003268685 (i) on (i)","Sapra, Sameer  Sapra, S.","115","37","Indian Institute of Technology Delhi","New Delhi","India"
"","View last title","","","",""
"","","","","","",""
"151 7005143365 (i) on (i)","Sharan, Maithili  Sharan, M.","115","24","Indian Institute of Technology Delhi","New Delhi","India"
"","View last title","","","",""
"","","","","","",""
"152 7004498459 (i) on (i)","Chakravarty, Charusita  Chakravarty, C.","114","34","Indian Institute of Technology Delhi","New Delhi","India"
"","View last title","","","",""
"","","","","","",""
"153 35589570700 (i) on (i)","Chandra, Suresh Vijaya  Chandra, Suresh   Chandra, S. Vijaya   Chandra, S.","114","28","Indian Institute of Technology Delhi","New Delhi","India"
"","View last title","","","",""
"","","","","","",""
"154 57209815051 (i) on (i)","Ghosh, Anup Kumar  Ghosh, A. K.   Ghosh, Arnup K.   Ghosh, A.   Ghosh, Anup   Ghosh, Anup K.","114","30","Indian Institute of Technology Delhi","New Delhi","India"
"","View last title","","","",""
"","","","","","",""
"155 12240630200 (i) on (i)","Subbarao, Paruchuri Mohan V.B.  Subbarao, Paruchuri Mohan V.  Subbarao, Paruchuri M.V.   Subbarao, P. M.V.B.   Subbarao, P. M.V.","114","20","Indian Institute of Technology Delhi","New Delhi","India"
"","View last title","","","",""
"","","","","","",""
"156 36789930200 (i) on (i)","Abhyankar, Abhijit R.  Abhyankar, A. R.   Abhyankar, Abhijit","113","19","Indian Institute of Technology Delhi","New Delhi","India"
"","View last title","","","",""
"","","","","","",""
"157 9240159000 (i) on (i)","Mulaveesala, Ravibabu  Mulaveesala, R.   Mulaveesala, Dr Ravibabu","113","22","Indian Institute of Technology Delhi","New Delhi","India"
"","View last title","","","",""
"","","","","","",""
"158 7005346304 (i) on (i)","Panda, Preeti Ranjan  Panda, P. R.   Ranjan Panda, Preeti   Panda, Preeti R.   Panda, Preeti","113","19","Indian Institute of Technology Delhi","New Delhi","India"
"","View last title","","","",""
"","","","","","",""
"159 7003605841 (i) on (i)","Ramanan, Arunachalam  Ramanan, A.","113","27","Indian Institute of Technology Delhi","New Delhi","India"
"","View last title","","","",""
"","","","","","",""
"160 26638245700 (i) on (i)","Ilavarasan, P. V.  Ilavarasan, Vigneswara P.   Ilavarasan, P. Vigneswara   Ilavarasan, Vignesh   Ilavarasan, P. V.   Ilavarasan, P.   Ilavarasan, Dr P.Vigneswara   Ilavarasan, Vigneswara V.   Vlgneswara Ilavarasan, P.   Ilavarasan, P. Vigneshwara   Vigneswara Ilavarasan, P.   Ilavarasan, Vigneswara","112","18","Indian Institute of Technology Delhi","New Delhi","India"
"","View last title","","","",""
"","","","","","",""
"161 7004006130 (i) on (i)","Deopura, Basanti Lal  Deopura, B.   Deopura, Basanti L.   Deopura, Bansi Lal   Deopura, B. L.   Deopura, Bl","111","22","Indian Institute of Technology Delhi","New Delhi","India"
"","View last title","","","",""
"","","","","","",""
"162 7403637440 (i) on (i)","Kumar, Mamidala Jagadesh  Jagadesh Kumar, M.   Kumar, M. Jagadesh   Kumar, M. J.   Kumar, Mamidala J.   Kumar, Jagadesh M.","111","27","Indian Institute of Technology Delhi","New Delhi","India"
"","View last title","","","",""
"","","","","","",""
"163 55427713700 (i) on (i)","Prasad, Surendra  Prasadenior, Surendra   Prasad, S.   prasad, S.","111","13","Indian Institute of Technology Delhi","New Delhi","India"
"","View last title","","","",""
"","","","","","",""
"164 6603590280 (i) on (i)","Sundar, Durai  Sundar, D.   Durai, Sundar","111","27","Indian Institute of Technology Delhi","New Delhi","India"
"","View last title","","","",""
"","","","","","",""
"165 35253658300 (i) on (i)","Chawla, Harmohinder Mohindra  Chawla, Har Mohindra   Mohindra Chawla, H.   Chawla, Harmohinder   Chawla, H. Mohindra   Chawla, H. M.","110","21","Indian Institute of Technology Delhi","New Delhi","India"
"","View last title","","","",""
"","","","","","",""
"166 55923253300 (i) on (i)","Jassal, Manjeet  Jassal, M.","110","23","Indian Institute of Technology Delhi","New Delhi","India"
"","View last title","","","",""
"","","","","","",""
"167 6602528642 (i) on (i)","Nandan, Bhanu  Nandan, B.","110","26","Indian Institute of Technology Delhi","New Delhi","India"
"","View last title","","","",""
"","","","","","",""
"168 55537988500 (i) on (i)","Srivastava, A. K.  Kumar Srivastava, Ashok  	                Srivastava, Ashok K.   Srivastava, A. K.   Srivastava, Ashok   Srivastava, A.   Srivastava, Ashok Kumar","110","29","Indian Institute of Technology Delhi","New Delhi","India"
"","View last title","","","",""
"","","","","","",""
"169 7003922098 (i) on (i)","Nath, Yogendra  Nath, Y.   Natha, Y.","109","23","Indian Institute of Technology Delhi","New Delhi","India"
"","View last title","","","",""
"","","","","","",""
"170 6701434698 (i) on (i)","Talukdar, Prabal  Talukdar, P.","109","29","Indian Institute of Technology Delhi","New Delhi","India"
"","View last title","","","",""
"","","","","","",""
"171 7005256847 (i) on (i)","Dumir, P. C.","108","23","Indian Institute of Technology Delhi","New Delhi","India"
"","View last title","","","",""
"","","","","","",""
"172 57202139931 (i) on (i)","Pandey, Raj K.  Pandey, Rajesh K.   Pandey, Raj Kumar   Pandey, Rajesh Kumar   Pandey, R. K.   Pandey, Raj K.","108","22","Indian Institute of Technology Delhi","New Delhi","India"
"","View last title","","","",""
"","","","","","",""
"173 7402673523 (i) on (i)","Bhattacharyya, Amalendu B.  Bhattacharyya, A. B.","107","10","Indian Institute of Technology Delhi","New Delhi","India"
"","View last title","","","",""
"","","","","","",""
"174 57208041428 (i) on (i)","Khare, Mukesh  Khare, M.   Khare, Mukash   Khare, Mukkesh","107","30","Indian Institute of Technology Delhi","New Delhi","India"
"","View last title","","","",""
"","","","","","",""
"175 35620460800 (i) on (i)","Maiti, Saurindra Nath  Maiti, Saurindra N.   Maiti, S. N.","107","28","Indian Institute of Technology Delhi","New Delhi","India"
"","View last title","","","",""
"","","","","","",""
"176 7103097861 (i) on (i)","Panda, Bhawani Sankar  Panda, B. S.   Panda, Bhawani S.","107","12","Indian Institute of Technology Delhi","New Delhi","India"
"","View last title","","","",""
"","","","","","",""
"177 7006002752 (i) on (i)","Bhattacharjee, B.  Bhattacharjee, Bishwa   Bhattacharjee, Bishwajit   Bhattacharjee, Biswajit   Bhattacharjee, B.   Bhattacharjee, Bishwajeet","106","22","Indian Institute of Technology Delhi","New Delhi","India"
"","View last title","","","",""
"","","","","","",""
"178 6603549509 (i) on (i)","Hirani, H.  Hirani, Harish   Hirani, H.","106","29","Indian Institute of Technology Delhi","New Delhi","India"
"","View last title","","","",""
"","","","","","",""
"179 23569510900 (i) on (i)","Bishnoi, Shashank  Bishnoi, S.","104","19","Indian Institute of Technology Delhi","New Delhi","India"
"","View last title","","","",""
"","","","","","",""
"180 7006876749 (i) on (i)","Dewan, Anupam  Dewan, A.   DEWAN, Anupam","104","20","Indian Institute of Technology Delhi","New Delhi","India"
"","View last title","","","",""
"","","","","","",""
"181 7402566475 (i) on (i)","Jacob, Josemon  Jacob, J.","104","30","Indian Institute of Technology Delhi","New Delhi","India"
"","View last title","","","",""
"","","","","","",""
"182 7404812561 (i) on (i)","Rao, K. S.  Rao, K. Sheshagiri   Rao, K. Seshagiri   Rao, K. S.   Seshagiri Rao, K.   Rao, Seshagiri K.","104","24","Indian Institute of Technology Delhi","New Delhi","India"
"","View last title","","","",""
"","","","","","",""
"183 57222545383 (i) on (i)","Babu, Prabhu V.Vijay  Babu, P. V.Vijay   Babu, Prabhu   Vijay Babu, P. V.   Babu, P.   Vijay Babu, P.","103","23","Indian Institute of Technology Delhi","New Delhi","India"
"","View last title","","","",""
"","","","","","",""
"184 7401526451 (i) on (i)","Pandey, Rama Kant  PANDEY, R. K.   Pandey, R. K.","103","14","Indian Institute of Technology Delhi","New Delhi","India"
"","View last title","","","",""
"","","","","","",""
"185 55418721800 (i) on (i)","Chakraborty, Tanusree  Chakraborty, T.   Chakraborty, Tanusreei","102","21","Indian Institute of Technology Delhi","New Delhi","India"
"","View last title","","","",""
"","","","","","",""
"186 7003992738 (i) on (i)","Dutt, Jatyanta Kumar  Dutt, Jayanta K.   Dutt, Jayanta Kumar   Dutt, J. K.","102","19","Indian Institute of Technology Delhi","New Delhi","India"
"","View last title","","","",""
"","","","","","",""
"187 55580544200 (i) on (i)","Jayadeva, Jayadeva  Jayadeva, J.   Jayadeva, A.   Jayadeva, D.   Jayadeva, Y.   Jayadeva","102","19","Indian Institute of Technology Delhi","New Delhi","India"
"","View last title","","","",""
"","","","","","",""
"188 12344573600 (i) on (i)","Sarangi, Smruti Ranjan  Sarangi, Smruti R.   Sarangi, Smruti","102","17","Indian Institute of Technology Delhi","New Delhi","India"
"","View last title","","","",""
"","","","","","",""
"189 57209276999 (i) on (i)","Gupta, Kshitij N.  Gupta, K. N.   Gupta, Kshitij   Gupta, K.","101","20","Indian Institute of Technology Delhi","New Delhi","India"
"","View last title","","","",""
"","","","","","",""
"190 57214001328 (i) on (i)","Gupta, Manmohan Prasad  Gupta, M. P.","101","22","Indian Institute of Technology Delhi","New Delhi","India"
"","View last title","","","",""
"","","","","","",""
"191 6603893593 (i) on (i)","Khare, Kedar B.  Khare, K.   Khare, Kedar","101","18","Indian Institute of Technology Delhi","New Delhi","India"
"","View last title","","","",""
"","","","","","",""
"192 57202998697 (i) on (i)","Kumar, Anshul Manoj  Kumar, A. Manoj   Kumar, A.   Kuma, Anshul   Kumar, Anshul","101","14","Indian Institute of Technology Delhi","New Delhi","India"
"","View last title","","","",""
"","","","","","",""
"193 14054957000 (i) on (i)","Rawal, Amit  Rawal, A.","101","22","Indian Institute of Technology Delhi","New Delhi","India"
"","View last title","","","",""
"","","","","","",""
"194 14824545400 (i) on (i)","Chawla, Anoop  Chawla, A.","100","12","Indian Institute of Technology Delhi","New Delhi","India"
"","View last title","","","",""
"","","","","","",""
"195 7003905328 (i) on (i)","Goyal, Ishwar C.  Goyal, I. C.   GOYAL, ISHWAR C.   Goyal, I. G.","100","19","Indian Institute of Technology Delhi","New Delhi","India"
"","View last title","","","",""
"","","","","","",""
"196 7004399002 (i) on (i)","Mahajan, Puneet  Mahajan, P.   Mahajan, Punnet","100","24","Indian Institute of Technology Delhi","New Delhi","India"
"","View last title","","","",""
"","","","","","",""
"197 16308186900 (i) on (i)","Upadhyayula, Sreedevi  Upadhyayula, S.","100","20","Indian Institute of Technology Delhi","New Delhi","India"
"","View last title","","","",""
"","","","","","",""
"198 57203805203 (i) on (i)","Das, Deepak Kumar  Das, D. K.   Das, Dipak K.   Das, Dipak   Das, D.   Das, Dipak Kumar","99","24","Indian Institute of Technology Delhi","New Delhi","India"
"","View last title","","","",""
"","","","","","",""
"199 7006845449 (i) on (i)","Das, Lalit Mohan  Das, L.   Das, L. M.   Das, Lalit","99","34","Indian Institute of Technology Delhi","New Delhi","India"
"","View last title","","","",""
"","","","","","",""
"200 6603370823 (i) on (i)","Dhaka, R. S.  Dhaka, Rajendra S.   Dhaka, Rajendra Singh   Dhaka, R. S.   Dhaka, Rajen S.","99","26","Indian Institute of Technology Delhi","New Delhi","India"
"","View last title","","","",""
"","","","","","",""