"Result Number","Author","Documents","h-index          Author metrics Scopus is adding an array of metrics for researchers. As an initial step, the h-index has been added.  The h-graph is one way of displaying and comparing the productivity and impact of published work of scholars. It should only be used together with a mix of quantitative and qualitative metrics.  More metrics will be added in the course of the year.","Affiliation","City","Country/Territory"
"1 56506326400 (i) on (i)","Desai, Shantanu  Desai, S.","516","85","Indian Institute of Technology Hyderabad","Kandi","India"
"","View last title","","","",""
"","","","","","",""
"2 16221852900 (i) on (i)","Das, Undurti Narasimha  Das, Undurti   Das, U. N.   Das., Undurti N.   Das., U. N.   Das, Undurti N.","579","69","Indian Institute of Technology Hyderabad","Kandi","India"
"","View last title","","","",""
"","","","","","",""
"3 35551753500 (i) on (i)","Murty, Budaraju Srinivasa  Murty, B. S.   Murthy, B. S.","454","60","Indian Institute of Technology Madras","Chennai","India"
"","View last title","","","",""
"","","","","","",""
"4 7003438301 (i) on (i)","Hassanizadeh, S. Majid  Hassanizadeh, S. M.   Hassanizadeh, S. Majid   Hassanizadeh, Majid   Hassanizadeh, Seyed M.   Hassanizadeh, M.   Majid Hassanizadeh, S.","225","54","Universität Stuttgart","Stuttgart","Germany"
"","View last title","","","",""
"","","","","","",""
"5 26768331200 (i) on (i)","Somala, Surendra Nadh  Somala, Surendra N.   Somala, S.   Somala, S. N.   Somala, Surrendra Nadh","141","46","Indian Institute of Technology Hyderabad","Kandi","India"
"","View last title","","","",""
"","","","","","",""
"6 7004282124 (i) on (i)","Bhanu Sankara Rao, Kota Bhanu Sankara  Rao, K. B.S.   Rao, K. Bhanusankara   Rao, K. B.Sankara   Rao, Kota Bhanu Sankara   Bhanu Sankara Rao, Kota   Rao, K. Bhanu Sankaro   Bhanu Sankara Rao, K.   Rao, K. Bhanu Sankara   Rao, K. Bhanu sankara   Rao, Kota B.S.","220","44","University of Hyderabad","Hyderabad","India"
"","View last title","","","",""
"","","","","","",""
"7 6701776259 (i) on (i)","Deepa, Melepurath  Deepa, M.   Melepurath, Deepa","208","41","Indian Institute of Technology Hyderabad","Kandi","India"
"","View last title","","","",""
"","","","","","",""
"8 56985930800 (i) on (i)","Sandilya, Saurabh  Sandilya, S.","251","41","Indian Institute of Technology Hyderabad","Kandi","India"
"","View last title","","","",""
"","","","","","",""
"9 7003783046 (i) on (i)","Eswaran, Vinayak  Eswaran, V.","142","37","Indian Institute of Technology Hyderabad","Kandi","India"
"","View last title","","","",""
"","","","","","",""
"10 35501897900 (i) on (i)","Vidyasagar, Mathuicumalli  Mathukumalli, Vidyasagar   Vidyasagar, Mathukunxlli   Vidyasagar, M.   Vidmsagar, M.   VIDYASAGAR M, Mathukumalli   Vidyasagar","287","37","Indian Institute of Technology Hyderabad","Kandi","India"
"","View last title","","","",""
"","","","","","",""
"11 57197411118 (i) on (i)","Subrahmanyam, Challapalli  Ch., Subrahmanyam   Subrahmanyam, C.   Subrahmanyam, C. H.   Subrahmanyam, C. Siva   Challapalli, Subrahmanyam   Subrahmanyam, Ch   Subramanyam, Ch   Subrahmanyam, Challapally","184","36","Indian Institute of Technology Hyderabad","Kandi","India"
"","View last title","","","",""
"","","","","","",""
"12 36242259000 (i) on (i)","Sudarsanam, Putla  Sudarsanam, P.   Putla, Sudarsanam","77","35","Indian Institute of Technology Hyderabad","Kandi","India"
"","View last title","","","",""
"","","","","","",""
"13 37028044200 (i) on (i)","Badhulika, Sushmee","180","33","Indian Institute of Technology Hyderabad","Kandi","India"
"","View last title","","","",""
"","","","","","",""
"14 36016810700 (i) on (i)","Kandimalla, Ramesh  Ramesh, Kandimalla   Kandimalla, R.   Kandimalla, Ramesh J.L.   Kandimalla, R. J.L.   Kandimalla, R. J.   Kandimalla, Ramesh J.   kandimalla, Ramesh","84","33","Kakatiya Medical College","Warangal","India"
"","View last title","","","",""
"","","","","","",""
"15 7102961266 (i) on (i)","Giri, Anjan Kumar  Giri, A.   Giri, Anjan   Giri, Anjan K.   Giri, A. K.  							    Giri, Anajn K.","226","32","Indian Institute of Technology Hyderabad","Kandi","India"
"","View last title","","","",""
"","","","","","",""
"16 35758727100 (i) on (i)","Kurra, Narendra  Kurra, N.","54","32","Indian Institute of Technology Hyderabad","Kandi","India"
"","View last title","","","",""
"","","","","","",""
"17 6602687276 (i) on (i)","Kanchana, Venkatakrishanan  Kanchana, Venkatakrishnan   Kanchana, V.   Venkatakrishnan, Kanchana","129","30","Indian Institute of Technology Hyderabad","Kandi","India"
"","View last title","","","",""
"","","","","","",""
"18 57203218300 (i) on (i)","Bhattacharjee, Pinaki Prasad  Bhattacharjeea, P. P.   Bhattacharjee, P. P.   Bhattacharjee, Pinaki P.","105","29","Indian Institute of Technology Hyderabad","Kandi","India"
"","View last title","","","",""
"","","","","","",""
"19 57205705447 (i) on (i)","Kumar, Rahul  Kumar, Ravi   Kumar, R.","51","27","Indian Institute of Technology Hyderabad","Kandi","India"
"","View last title","","","",""
"","","","","","",""
"20 7006104344 (i) on (i)","Panda, Tarun K.  Panda, Tarun K.   Panda, Tanin K.   Panda, T. K.   Panda, Tarun   Panda, Tarun Kanti","140","27","Indian Institute of Technology Hyderabad","Kandi","India"
"","View last title","","","",""
"","","","","","",""
"21 7404812655 (i) on (i)","Rao, Kotagiri Venkata  Venkata Rao, Kotagiri   Rao, K. Venkata   Venkata Rao, K.","42","27","Indian Institute of Technology Hyderabad","Kandi","India"
"","View last title","","","",""
"","","","","","",""
"22 23390090300 (i) on (i)","Sahu, Kirti Chandra  Sahu, K. C.   Sahu, Kirti C.","120","27","Indian Institute of Technology Hyderabad","Kandi","India"
"","View last title","","","",""
"","","","","","",""
"23 35185722200 (i) on (i)","Singh, Shiv Govind  Singh, Shivani   Singh, Shiv Gobind   Singh, Shiv G.   Singh, Shivgovind   Singh, S. G.   Singh, S. Govind   Govind Singh, Shiv   Singh, Shiv   Singh, S.","255","27","Indian Institute of Technology Hyderabad","Kandi","India"
"","View last title","","","",""
"","","","","","",""
"24 6701745987 (i) on (i)","Maji, Somnath  Maji, S.","56","26","Indian Institute of Technology Hyderabad","Kandi","India"
"","View last title","","","",""
"","","","","","",""
"25 6507803859 (i) on (i)","Martha, Surendra Kumar  Martha, S.   Martha, Surendra K.   Martha, S. K.","97","26","Indian Institute of Technology Hyderabad","Kandi","India"
"","View last title","","","",""
"","","","","","",""
"26 7006820783 (i) on (i)","Asthana, Saket  Asthana, S.","109","25","Indian Institute of Technology Hyderabad","Kandi","India"
"","View last title","","","",""
"","","","","","",""
"27 7007039078 (i) on (i)","Mitra, Kishalay  Mitra, K.","132","25","Indian Institute of Technology Hyderabad","Kandi","India"
"","View last title","","","",""
"","","","","","",""
"28 7006765828 (i) on (i)","Sahu, Narendra  Sahuc, Narendra   Sahu, N.","80","25","Indian Institute of Technology Hyderabad","Kandi","India"
"","View last title","","","",""
"","","","","","",""
"29 55890374500 (i) on (i)","Sharma, Chandra Shekhar  Sharma, Chandra Shekar   Sharma, Chandra S.   Sharma, C. S.   Sharma, Chandra Sekhar","138","25","Indian Institute of Technology Hyderabad","Kandi","India"
"","View last title","","","",""
"","","","","","",""
"30 55568512260 (i) on (i)","Sivakumar, Keerthipati  Siva Kumar, K.   K, Sivakumar   Kumar, K. Siva   Sivakumar, K.   Kumar K, Siva   Keerthipati, Sivakumar","94","25","Indian Institute of Technology Hyderabad","Kandi","India"
"","View last title","","","",""
"","","","","","",""
"31 35587692000 (i) on (i)","Desai, Uday B.  Desai, U. B.   Dasai, Uday B.   Desai, U.   Desai, Uday","321","24","Indian Institute of Technology Hyderabad","Kandi","India"
"","View last title","","","",""
"","","","","","",""
"32 37661982500 (i) on (i)","Natte, Kishore","55","24","Indian Institute of Technology Hyderabad","Kandi","India"
"","View last title","","","",""
"","","","","","",""
"33 57205336583 (i) on (i)","Reddy, N. V.  Venkata Reddy, N.   Reddy, N. Venkata   Reddy, N. V.","63","24","Indian Institute of Technology Hyderabad","Kandi","India"
"","View last title","","","",""
"","","","","","",""
"34 9940250900 (i) on (i)","Satyanarayana, Gedu  Satyanarayana, G.   Satyanarayana, Gedo   Gedu, Satyanarayana","124","24","Indian Institute of Technology Hyderabad","Kandi","India"
"","View last title","","","",""
"","","","","","",""
"35 55677088480 (i) on (i)","Singh, Saurabh Kumar  Singh, Saurabh   Kumar Singh, Saurabh","45","24","Indian Institute of Technology Hyderabad","Kandi","India"
"","View last title","","","",""
"","","","","","",""
"36 7102063163 (i) on (i)","Pal, Prem  Pal, P.   Pal, Preto","105","23","Indian Institute of Technology Hyderabad","Kandi","India"
"","View last title","","","",""
"","","","","","",""
"37 6602604052 (i) on (i)","Sharada, Duddu S.","49","23","Indian Institute of Technology Hyderabad","Kandi","India"
"","View last title","","","",""
"","","","","","",""
"38 16402196900 (i) on (i)","Jayaram, Balasubramaniam  Balasubramaniam, Jayaram   Balasubramaniam, J.","79","22","Indian Institute of Technology Hyderabad","Kandi","India"
"","View last title","","","",""
"","","","","","",""
"39 7402008295 (i) on (i)","Khan, Faizahmed  Khan, Faiz A.   Khan, Faiz Ahmed","107","22","Indian Institute of Technology Hyderabad","Kandi","India"
"","View last title","","","",""
"","","","","","",""
"40 56224120000 (i) on (i)","Rath, Subha Narayan  Rath, Subha N.   Rath, Sn   Rath, S.   Rath, Subha   Rath, S. N.","55","22","Indian Institute of Technology Hyderabad","Kandi","India"
"","View last title","","","",""
"","","","","","",""
"41 20436548600 (i) on (i)","Saride, Sireesh  Saride, S.   Sireesh, S.","97","22","Indian Institute of Technology Hyderabad","Kandi","India"
"","View last title","","","",""
"","","","","","",""
"42 7202168312 (i) on (i)","Deshpande, Atul Suresh  Deshpande, A.   Deshpande, Atul S. 						        Deshpande, A. S.","39","21","Indian Institute of Technology Hyderabad","Kandi","India"
"","View last title","","","",""
"","","","","","",""
"43 8419931200 (i) on (i)","Janardhanan, Vinod M.  Janardhanan, Vinod   Janardhanan, V. M.","52","21","Indian Institute of Technology Hyderabad","Kandi","India"
"","View last title","","","",""
"","","","","","",""
"44 57201703336 (i) on (i)","John, Renu  John, R.","82","21","Indian Institute of Technology Hyderabad","Kandi","India"
"","View last title","","","",""
"","","","","","",""
"45 55325461200 (i) on (i)","Krishna Mohan, Chalavadi  Mohan, C.   Krishna Mohan, Chinni   Krishna Mohan, Chinnala   Krishna Mohan, C.   Chinnala, Krishna Mohan   Krishnamohan, Chinnala   C, Krishna Mohan   C., Krishna Mohan   Chinnala, Krishna   Chinnala, Krishna M.   Chalavadi, Krishna Mohan   Mohan, Chalavadi Krishna   Mohan, C. Krishna","105","21","Indian Institute of Technology Hyderabad","Kandi","India"
"","View last title","","","",""
"","","","","","",""
"46 35975419900 (i) on (i)","Ray, Sandipan  Ray, S.","52","21","Indian Institute of Technology Hyderabad","Kandi","India"
"","View last title","","","",""
"","","","","","",""
"47 26326176500 (i) on (i)","Acharyya, Amit  Acharya, Amit   Acharyya, A.","165","20","Indian Institute of Technology Hyderabad","Kandi","India"
"","View last title","","","",""
"","","","","","",""
"48 7003348261 (i) on (i)","Niranjan, Manish Kumar  Niranjan, M. K.   Niranjan, Manish K.","73","20","Indian Institute of Technology Hyderabad","Kandi","India"
"","View last title","","","",""
"","","","","","",""
"49 57214464253 (i) on (i)","Raavi, Sai Santosh Kumar  Kumar, Raavi Sai Santosh   Kumar, R. S.S.   Raavi, Sai S.K.   Kumar Raavi, Sai Santhosh   Kumar, R. Sai Santosh   Raavi, Sai Santhosh Kumar   Kumar, Rajesh   Santosh Kumar Raavi, Sai   Santosh Kumar, R. Sai   Raavi, Santosh Kumar   Kumar Raavi, Sai Santosh   Sai Santosh Kumar, R.","97","20","Indian Institute of Technology Hyderabad","Kandi","India"
"","View last title","","","",""
"","","","","","",""
"50 36620479700 (i) on (i)","Raju, Gangadharan  Gangadharan, R.   Raiu, Gangadharan   Raju, G.","56","20","Indian Institute of Technology Hyderabad","Kandi","India"
"","View last title","","","",""
"","","","","","",""
"51 14027111300 (i) on (i)","Ramji, Manoharan  M., Ramji   M, Ramji   Ramji, M.","48","20","Indian Institute of Technology Hyderabad","Kandi","India"
"","View last title","","","",""
"","","","","","",""
"52 57194206548 (i) on (i)","Rathinasamy, Maheswaran  Maheswaran, Rathinasamy   Maheswaran, R.","53","20","Indian Institute of Technology Hyderabad","Kandi","India"
"","View last title","","","",""
"","","","","","",""
"53 17344969900 (i) on (i)","Balasubramanian, Vineeth  Balasubramanian, Vineeth N.   Balasubramanian, V.   Balasubramanian, Vineeth Nallure   N Balasubramanian, Vineeth   Vineeth, N. B.   Balasubramanian, V. N.   Nallure Balasubramanian, Vineeth","123","19","Indian Institute of Technology Hyderabad","Kandi","India"
"","View last title","","","",""
"","","","","","",""
"54 7005125286 (i) on (i)","Giri, Jyotsnendu  Giri, J.","35","19","Indian Institute of Technology Hyderabad","Kandi","India"
"","View last title","","","",""
"","","","","","",""
"55 7005524587 (i) on (i)","Madhav, Madhira R.B.  Madhira, Madhav   Madhav, M. R.B.   MADHAV, M. R.   Madhav, Madhira R.   Madhira, Madhav Rama   Madhav, M. R.   Madhira, Madhav R.","194","19","Indian Institute of Technology Hyderabad","Kandi","India"
"","View last title","","","",""
"","","","","","",""
"56 57217999865 (i) on (i)","Bhattacharyya, Saswata  Bhattacharya, S.   Bhattacharya, Shatabda   Bhattacharya, Saswata   Bhattacharyya, S.","43","18","Indian Institute of Technology Hyderabad","Kandi","India"
"","View last title","","","",""
"","","","","","",""
"57 8352504300 (i) on (i)","Dey, Suhash Ranjan  Dey, Suhash R.   Dey, S. R.","72","18","Indian Institute of Technology Hyderabad","Kandi","India"
"","View last title","","","",""
"","","","","","",""
"58 15751307700 (i) on (i)","Mallik, Bhabani S.  Mallik, Bhabani S.   Mallik, B. S.","103","18","Indian Institute of Technology Hyderabad","Kandi","India"
"","View last title","","","",""
"","","","","","",""
"59 57216969059 (i) on (i)","Mangadoddy, Narasimha  Narasimha, M.   Mangadoddy, N.   Narasimha, Mangadoddy  						    Narashima, M.","62","18","Indian Institute of Technology Hyderabad","Kandi","India"
"","View last title","","","",""
"","","","","","",""
"60 36087859700 (i) on (i)","Pati, Falguni  Pati, F.","51","18","Indian Institute of Technology Hyderabad","Kandi","India"
"","View last title","","","",""
"","","","","","",""
"61 37111793800 (i) on (i)","Saravanan, B.  Saravanan, B.   Balusamy, S.   Balusamy, Saravanan","57","18","Indian Institute of Technology Hyderabad","Kandi","India"
"","View last title","","","",""
"","","","","","",""
"62 57199856450 (i) on (i)","Kumar, Manish  Kumar, M.","139","17","Indian Institute of Technology Hyderabad","Kandi","India"
"","View last title","","","",""
"","","","","","",""
"63 7402094209 (i) on (i)","Majumdar, Saptarshi  Majumder, Saptarshi   Majumdar, S.","55","17","Indian Institute of Technology Hyderabad","Kandi","India"
"","View last title","","","",""
"","","","","","",""
"64 45261362300 (i) on (i)","Mallesham, Baithy  Baithy, Mallesham","23","17","Indian Institute of Technology Hyderabad","Kandi","India"
"","View last title","","","",""
"","","","","","",""
"65 25928669900 (i) on (i)","Meduri, Praveen  Meduri, P.","34","17","Indian Institute of Technology Hyderabad","Kandi","India"
"","View last title","","","",""
"","","","","","",""
"66 8964131700 (i) on (i)","Mohanty, Jyoti Ranjan  Mohanty, J. R.   Mohanty, J.   Mohanty, Jyoti","80","17","Indian Institute of Technology Hyderabad","Kandi","India"
"","View last title","","","",""
"","","","","","",""
"67 55625429400 (i) on (i)","Panigrahi, Bharat Bhooshan  Panigrahi, Bharat B.   Panigrahi, B. B.","71","17","Indian Institute of Technology Hyderabad","Kandi","India"
"","View last title","","","",""
"","","","","","",""
"68 56555866600 (i) on (i)","Prakash, S. Suriya  Prakash, S. Suriya   Suriya Prakash, S.   Prakash, Shanmugam Suriya   Prakash, Suriya   Prakash, S. S.   Prakash, Suriya S.","62","17","Indian Institute of Technology Hyderabad","Kandi","India"
"","View last title","","","",""
"","","","","","",""
"69 55218424600 (i) on (i)","Vanjari, Siva Rama Krishna  Vanjari, Sivaramakrishna   Vanjari, Siva R.   Vanjari, Siva Ramakrishna   Vanjari, Siva R.K.   Krishna Vanjari, Siva Rama   Vanjari, Siva","90","17","Indian Institute of Technology Hyderabad","Kandi","India"
"","View last title","","","",""
"","","","","","",""
"70 13608604900 (i) on (i)","Channappayya, Sumohana S.  Channappayya, Sumohana   Channappayya, Sumohana S.   Channappayya, S. S.   Channappayya, Sunohana S.   Channappayya, Samohana S.","87","16","Indian Institute of Technology Hyderabad","Kandi","India"
"","View last title","","","",""
"","","","","","",""
"71 7102102174 (i) on (i)","Jana, Soumya  Jana, S.","107","16","Indian Institute of Technology Hyderabad","Kandi","India"
"","View last title","","","",""
"","","","","","",""
"72 24398678500 (i) on (i)","Khaderi, Syed Nizamuddin  Khaderi, Syed   Khaderi, Syed N.   Khaderi, S. N.","40","16","Indian Institute of Technology Hyderabad","Kandi","India"
"","View last title","","","",""
"","","","","","",""
"73 8580807000 (i) on (i)","Madhavan, Mahendrakumar  Madhavan, M.","58","16","Indian Institute of Technology Hyderabad","Kandi","India"
"","View last title","","","",""
"","","","","","",""
"74 57220731518 (i) on (i)","Maity, Surajit  Maity, S.","42","16","Indian Institute of Technology Hyderabad","Kandi","India"
"","View last title","","","",""
"","","","","","",""
"75 55352043700 (i) on (i)","Manoj Kumar Reddy, Pathpireddy  Reddy, P. Manoj Kumar   Reddy, Pathpi Reddy Manoj Kumar   Reddy, Pappireddy Manoj Kumar   Manoj Kumar Reddy, P.   Reddy, Pathpireddy Manoj Kumar","27","16","Indian Institute of Technology Hyderabad","Hyderabad","India"
"","View last title","","","",""
"","","","","","",""
"76 56260098600 (i) on (i)","Pandey, Ashok Kumar  Pandey, Ashok K.   Pandey, A. K.","66","16","Indian Institute of Technology Hyderabad","Kandi","India"
"","View last title","","","",""
"","","","","","",""
"77 57206228614 (i) on (i)","Ramadurai, Ranjith  Ranjith, Ramadurai   Ranjith, Ramdurai   Ranjith, R.","69","16","Indian Institute of Technology Hyderabad","Kandi","India"
"","View last title","","","",""
"","","","","","",""
"78 54889077400 (i) on (i)","Azam, Sarwar  Azam, S.","20","15","University of Hyderabad","Hyderabad","India"
"","View last title","","","",""
"","","","","","",""
"79 49960904100 (i) on (i)","Babu, Deepu J.  Babu, Deepu J.   Babu, Deepu Joseph   Babu, Deepu   Babu, D. J.","29","15","Indian Institute of Technology Hyderabad","Kandi","India"
"","View last title","","","",""
"","","","","","",""
"80 24482955100 (i) on (i)","Bandyopadhyay, Priyotosh  Bandyopadhyay, P.","52","15","Indian Institute of Technology Hyderabad","Kandi","India"
"","View last title","","","",""
"","","","","","",""
"81 21739197400 (i) on (i)","Basha, B. Munwar  Basha, B. Munwar   Munwar Basha, B.   Basha, Munwar B.   Basha, B. M.","77","15","Indian Institute of Technology Hyderabad","Kandi","India"
"","View last title","","","",""
"","","","","","",""
"82 56704747300 (i) on (i)","Gopalakrishnan, Arthi  Gopalakrishnan, A.","39","15","Indian Institute of Technology Hyderabad","Kandi","India"
"","View last title","","","",""
"","","","","","",""
"83 7410320052 (i) on (i)","Khan, Mohammed Zafar Ali  Khan, M. Z.A.   Khan, Mohammad Z.A.   Khan, M. Zafar Ali   Khan, Mohammad Zafar Ali   Ali Khan, Md Zafar   Zafar Ali Khan, Mohammed   Khan, Mohammed Z.A.   Ali Khan, Mohammed Zafar   Khan, Zafar Ali   Zafar, Mohammed   Mohammed, Zafar Ali Khan   Khan, Md Zafar Ali   Khan, Zafar   Zafar Ali Khan, Md   Md. Zafar, Ali Khan   Khan, M. Zainul A.","94","15","Indian Institute of Technology Hyderabad","Kandi","India"
"","View last title","","","",""
"","","","","","",""
"84 9248884100 (i) on (i)","Maity, Sunil K.  Maity, Sunil   Maity, Sunil Kumar   Maity, S. K.   Maity, Sunil K.","45","15","Indian Institute of Technology Hyderabad","Kandi","India"
"","View last title","","","",""
"","","","","","",""
"85 55763790516 (i) on (i)","Prakash, Jai  Prakash, J.","83","15","Indian Institute of Technology Hyderabad","Kandi","India"
"","View last title","","","",""
"","","","","","",""
"86 14830664600 (i) on (i)","Shee, Debaprasad  Shee, D.","55","15","Indian Institute of Technology Hyderabad","Kandi","India"
"","View last title","","","",""
"","","","","","",""
"87 24722180500 (i) on (i)","Tamma, Bheemarjuna Reddy  Tamma, Bheemarjuna   Reddy, T. Bheemarjuna   Bheemarjuna Reddy, T.   Tamma, Bheemarjuna R.   Reddy Tamma, Bheemarjuna","143","15","Indian Institute of Technology Hyderabad","Kandi","India"
"","View last title","","","",""
"","","","","","",""
"88 56426329700 (i) on (i)","Thout, Sudhir Raj  Raj, Thout S.   Raj, Thout Sudhir","34","15","George Institute for Global Health","Sydney","Australia"
"","View last title","","","",""
"","","","","","",""
"89 56266798600 (i) on (i)","Unni, Vishnu R.  Unni, V. R.   Unni, Vishnu   Unni, Vishnu R.","47","15","Indian Institute of Technology Hyderabad","Kandi","India"
"","View last title","","","",""
"","","","","","",""
"90 55872758900 (i) on (i)","Vishnu, Nandimalla","29","15","Indian Institute of Technology Hyderabad","Kandi","India"
"","View last title","","","",""
"","","","","","",""
"91 55537762800 (i) on (i)","Bhargava, Anamika","23","14","Indian Institute of Technology Hyderabad","Kandi","India"
"","View last title","","","",""
"","","","","","",""
"92 56097234400 (i) on (i)","Bhattacharjee, Jayeeta","35","14","Indian Institute of Technology Hyderabad","Kandi","India"
"","View last title","","","",""
"","","","","","",""
"93 55587212100 (i) on (i)","Chameettachal, Shibu  Chameettachal, S.","32","14","Indian Institute of Technology Hyderabad","Kandi","India"
"","View last title","","","",""
"","","","","","",""
"94 35326310300 (i) on (i)","Chauhan, Meenakshi Kanwar  Chauhan, M.   Chauhan, Meenakshi K.   Chauhan, M. K.   Chauhan, Meenakshi","60","14","Indian Institute of Technology Hyderabad","Kandi","India"
"","View last title","","","",""
"","","","","","",""
"95 36618666900 (i) on (i)","Emani, Naresh Kumar  Kumar, E. Naresh   Emani K., Naresh K.   Emani, Naresh   Emani, Naresh K.   Emani, N.   Kumar, E. N.","54","14","Indian Institute of Technology Hyderabad","Kandi","India"
"","View last title","","","",""
"","","","","","",""
"96 25633944300 (i) on (i)","Haldar, Arabinda  Haldar, A.","47","14","Indian Institute of Technology Hyderabad","Kandi","India"
"","View last title","","","",""
"","","","","","",""
"97 56453241600 (i) on (i)","Harinath, A.  Harinath, Adimulam   Harinath, A.","24","14","Indian Institute of Technology Hyderabad","Kandi","India"
"","View last title","","","",""
"","","","","","",""
"98 57192835586 (i) on (i)","Karnan, Manickavasakam  Karnan, M.","24","14","Indian Institute of Technology Hyderabad","Kandi","India"
"","View last title","","","",""
"","","","","","",""
"99 55774308000 (i) on (i)","Khandelwal, Mudrika  Khandelwal, M.","42","14","Indian Institute of Technology Hyderabad","Kandi","India"
"","View last title","","","",""
"","","","","","",""
"100 54912351000 (i) on (i)","Krishna, Jonnada  Krishna, J.","17","14","Indian Institute of Technology Hyderabad","Hyderabad","India"
"","View last title","","","",""
"","","","","","",""
"101 57225123129 (i) on (i)","Kumar, Pendyala Naresh  Kumar, P. Naresh   Kumar, P.   Naresh Kumar, P.","26","14","Indian Institute of Technology Hyderabad","Kandi","India"
"","View last title","","","",""
"","","","","","",""
"102 57190873817 (i) on (i)","Muvvala, Gopinath  Gopinath, Muvvala","32","14","Indian Institute of Technology Hyderabad","Kandi","India"
"","View last title","","","",""
"","","","","","",""
"103 57210744189 (i) on (i)","Pachamuthu, Rajalakshmi  Rajalakshmi, Pachamuthu   Rajalakshmi, P.","149","14","Indian Institute of Technology Hyderabad","Kandi","India"
"","View last title","","","",""
"","","","","","",""
"104 36983234500 (i) on (i)","Rath, Badri Narayan  Narayan Rath, Badri","65","14","Indian Institute of Technology Hyderabad","Kandi","India"
"","View last title","","","",""
"","","","","","",""
"105 55485470900 (i) on (i)","Rengan, Aravind Kumar  Rengan, A. K.   Rengan, Aravind K.   Kumar Rengan, Aravind","69","14","Indian Institute of Technology Hyderabad","Kandi","India"
"","View last title","","","",""
"","","","","","",""
"106 56390989200 (i) on (i)","Sharma, Vandana  Sharma, V.   Sharma, V. U.M.","39","14","Indian Institute of Technology Hyderabad","Kandi","India"
"","View last title","","","",""
"","","","","","",""
"107 26428546300 (i) on (i)","Simhambhatla, Suryakumar  Kumar, S. Surya   Suryakumar, S.   Suryakumar, Simhambhatla   Simhambhatla, S.   Kumar, S. S.","36","14","Indian Institute of Technology Hyderabad","Kandi","India"
"","View last title","","","",""
"","","","","","",""
"108 56494505100 (i) on (i)","Vaidya, Mayur  Vaidya, M.","21","14","Westfälische Wilhelms-Universität Münster","Munster","Germany"
"","View last title","","","",""
"","","","","","",""
"109 57209733147 (i) on (i)","Veeralingam, Sushmitha","40","14","Indian Institute of Technology Hyderabad","Kandi","India"
"","View last title","","","",""
"","","","","","",""
"110 22953034800 (i) on (i)","Anindya, R.  Anindya, Roy   Anindya, R.   Roy, A.   Roy, Anindya","59","13","Indian Institute of Technology Hyderabad","Kandi","India"
"","View last title","","","",""
"","","","","","",""
"111 23967774300 (i) on (i)","Antony Franklin, A.  Antony Franklin, A.   Franklin, A. Antony   Franklin A, Antony   Franklin, Antony A.   Antony, Franklin A.   Franklin, Antony   Franklin, A. A.   Franklin, A.","79","13","Indian Institute of Technology Hyderabad","Kandi","India"
"","View last title","","","",""
"","","","","","",""
"112 55980785000 (i) on (i)","Dutta-Gupta, Shourya  Dutta Gupta, Shourya   Gupta, Shourya Dutta   Dutta-Gupta, S.","36","13","Indian Institute of Technology Hyderabad","Kandi","India"
"","View last title","","","",""
"","","","","","",""
"113 57219969976 (i) on (i)","Gavvala, Krishna","36","13","Indian Institute of Technology Hyderabad","Kandi","India"
"","View last title","","","",""
"","","","","","",""
"114 56898350400 (i) on (i)","Gupta, Anupam  Gupta, A.","33","13","Indian Institute of Technology Hyderabad","Kandi","India"
"","View last title","","","",""
"","","","","","",""
"115 24468413800 (i) on (i)","Jammalamadaka, S. Narayana  Jammalamadaka, Surya Narayana   Jammalamadaka, S. Narayana   Narayana Jammalamadaka, S.   Jammalamadaka, Suryanarayana   Jammalamadaka, N. S.","54","13","Indian Institute of Technology Hyderabad","Kandi","India"
"","View last title","","","",""
"","","","","","",""
"116 57191913761 (i) on (i)","Kumar, Devarai Santhosh  Kumar, D. S.   Devarai, Santhosh Kumar   Devarai, Santhosh","27","13","Indian Institute of Technology Hyderabad","Kandi","India"
"","View last title","","","",""
"","","","","","",""
"117 55608842900 (i) on (i)","Malladi, Sai Rama Krishna  Malladi, S. R.K.   Malladi, Sairam K.   Malladi, S. K.M.   Malladi, Sairam","35","13","Indian Institute of Technology Hyderabad","Kandi","India"
"","View last title","","","",""
"","","","","","",""
"118 36008913900 (i) on (i)","Pahari, Mayukh  Pahari, M.","44","13","Indian Institute of Technology Hyderabad","Kandi","India"
"","View last title","","","",""
"","","","","","",""
"119 7005890082 (i) on (i)","Rajagopal, Amirtham  Rajagopal, A.   Amirtham, Rajagopal   Rajagopal, Amritham","74","13","Indian Institute of Technology Hyderabad","Kandi","India"
"","View last title","","","",""
"","","","","","",""
"120 57196595840 (i) on (i)","Reddy, S. R.  Reddy, Seelam Rajasekhar   Reddy, S. R.","18","13","Indian Institute of Technology Hyderabad","Kandi","India"
"","View last title","","","",""
"","","","","","",""
"121 57209880917 (i) on (i)","Sri Rama Murty, K.  Murty Kodukula, Sri Rama   Murty, K. Sri Rama   Kodukula, Sri Rama Murty   Rama Murty, K. Sri   Murty, Kodukula Sri Rama   Sri Rama Murty, K.","51","13","Indian Institute of Technology Hyderabad","Kandi","India"
"","View last title","","","",""
"","","","","","",""
"122 14012586500 (i) on (i)","Venkatasubbaiah, K.  Venkatasubbaiah, Kondapalli   Subbaiah, K. Venkata   Venkatasubbaiah, K.","45","13","Indian Institute of Technology Hyderabad","Kandi","India"
"","View last title","","","",""
"","","","","","",""
"123 26655109100 (i) on (i)","Vyasarayani, C. P.  Vyasarayani, Chandrika P.   Vyasarayani, C. P.","64","13","Indian Institute of Technology Hyderabad","Kandi","India"
"","View last title","","","",""
"","","","","","",""
"124 36705278700 (i) on (i)","Wandhare, Rupesh  Wandhare, R.   Wandhare, Rupesh G.   Wandhere, Rupesh Ganpatrao   Wandhare, Rupesh Ganpatrao","30","13","Indian Institute of Technology Hyderabad","Kandi","India"
"","View last title","","","",""
"","","","","","",""
"125 9042183900 (i) on (i)","Anand, Mohan  Anand, B. M.   Anand, M.","30","12","Indian Institute of Technology Hyderabad","Kandi","India"
"","View last title","","","",""
"","","","","","",""
"126 56405059600 (i) on (i)","Banerjee, Raja  Banerjee, R.","54","12","Indian Institute of Technology Hyderabad","Kandi","India"
"","View last title","","","",""
"","","","","","",""
"127 55091125600 (i) on (i)","Bhimasingu, Ravikumar  RaviKumar, B.   Ravikumar, B. V.   Ravikumar, Bhimasingu   Ravikumar, B.","64","12","Indian Institute of Technology Hyderabad","Kandi","India"
"","View last title","","","",""
"","","","","","",""
"128 7202034291 (i) on (i)","Chatterjee, Pritha","32","12","Indian Institute of Technology Hyderabad","Kandi","India"
"","View last title","","","",""
"","","","","","",""
"129 55867812900 (i) on (i)","Girdhar, Amandeep  Girdhar, A.","14","12","Indian Institute of Technology Hyderabad","Kandi","India"
"","View last title","","","",""
"","","","","","",""
"130 56404877900 (i) on (i)","Gupta, Shelaka","20","12","Indian Institute of Technology Hyderabad","Kandi","India"
"","View last title","","","",""
"","","","","","",""
"131 6506687943 (i) on (i)","Kuchi, Kiran Kumar  Kuchi, Kiran   Kiran, Kuchi   Kuchi, K.","70","12","Indian Institute of Technology Hyderabad","Kandi","India"
"","View last title","","","",""
"","","","","","",""
"132 55512106400 (i) on (i)","Mahammadunnisa, Shaik K.  Mahammadunnisa, Sk   Mahammadunnisa, S. K.   Mahammadunnisa, Shaik   Mahammadunnisa, S.","14","12","Indian Institute of Technology Hyderabad","Kandi","India"
"","View last title","","","",""
"","","","","","",""
"133 13405614400 (i) on (i)","Nath, Jagarlapudi Saketha  Nath, J. Saketha   Saketha Nath, J.   Jagarlapudi, Saketha Nath   Nath, Saketha   Nath, Saketh","20","12","Indian Institute of Technology Hyderabad","Kandi","India"
"","View last title","","","",""
"","","","","","",""
"134 56998136300 (i) on (i)","Patel, Basant K.  Patel, Basant K.   Patel, Basant   Patel, Basant Kumar","20","12","Indian Institute of Technology Hyderabad","Kandi","India"
"","View last title","","","",""
"","","","","","",""
"135 56490310200 (i) on (i)","Pawar, D. S.  Pawar, Digvijay   Pawar, D. S.   Pawar, Digvijay S.","32","12","Indian Institute of Technology Hyderabad","Kandi","India"
"","View last title","","","",""
"","","","","","",""
"136 14122332500 (i) on (i)","Qureshi, Asif  Qureshi, A.","32","12","Indian Institute of Technology Hyderabad","Kandi","India"
"","View last title","","","",""
"","","","","","",""
"137 56670782200 (i) on (i)","Ray, Debjyoti  Ray, Debjothi","21","12","Indian Institute of Technology Hyderabad","Kandi","India"
"","View last title","","","",""
"","","","","","",""
"138 35619817600 (i) on (i)","Sastry, Challa S.  Challa, S. Sastry   Sastry, C. S.   Sastry, Challa S.   Challa, Sastry S.   Sastry, Ch S.","42","12","Indian Institute of Technology Hyderabad","Kandi","India"
"","View last title","","","",""
"","","","","","",""
"139 13002622500 (i) on (i)","Shashidhar, Shashidhar  Thatikonda, S.   Thatikonda, Shashidhar   T, Shashidhar   Shashidhar, T.   Shashidhar, Thhatikkonda   Shashidhar","43","12","Indian Institute of Technology Hyderabad","Kandi","India"
"","View last title","","","",""
"","","","","","",""
"140 55606466400 (i) on (i)","Amuru, Saidhiraj  Amuru, Sai Dhiraj","44","11","Indian Institute of Technology Hyderabad","Kandi","India"
"","View last title","","","",""
"","","","","","",""
"141 55315329600 (i) on (i)","Anga, Srinivas  Srinivas, Anga","32","11","Indian Institute of Technology Hyderabad","Kandi","India"
"","View last title","","","",""
"","","","","","",""
"142 7402749620 (i) on (i)","Chatterjee, Subhradeep  Chatterjee, S.","16","11","Indian Institute of Technology Hyderabad","Kandi","India"
"","View last title","","","",""
"","","","","","",""
"143 24766015300 (i) on (i)","Dongari, Nishanth  Dongari, N.","36","11","Indian Institute of Technology Hyderabad","Hyderabad","India"
"","View last title","","","",""
"","","","","","",""
"144 36548178000 (i) on (i)","Gogulapati, Abhijit  Gogulapati, A.","28","11","Indian Institute of Technology Hyderabad","Kandi","India"
"","View last title","","","",""
"","","","","","",""
"145 14420291500 (i) on (i)","Iyer, Balaji  Iyer, Balaji V.S.   Iyer, B. V.S.","22","11","Indian Institute of Technology Hyderabad","Kandi","India"
"","View last title","","","",""
"","","","","","",""
"146 25928367900 (i) on (i)","Karri, Badarinath  Karri, B.","17","11","Indian Institute of Technology Hyderabad","Kandi","India"
"","View last title","","","",""
"","","","","","",""
"147 16645833200 (i) on (i)","Kolhe, Pankaj S.  Kolhe, Pankaj   Kolhe, Pankaj S.   Kolhe, P. S.   Kolhe, Pankaj Sharadchandra","43","11","Indian Institute of Technology Hyderabad","Kandi","India"
"","View last title","","","",""
"","","","","","",""
"148 55630449400 (i) on (i)","Kundu, Joyjit","19","11","Indian Institute of Technology Hyderabad","Kandi","India"
"","View last title","","","",""
"","","","","","",""
"149 54911927500 (i) on (i)","Mahendar, Lodi  Mahendar, L.","15","11","Indian Institute of Technology Hyderabad","Hyderabad","India"
"","View last title","","","",""
"","","","","","",""
"150 14025682800 (i) on (i)","Mastanaiah, Potta  Mastanaiah, P.","26","11","Defence Research and Development Organisation India","Dehradun","India"
"","View last title","","","",""
"","","","","","",""
"151 36706096900 (i) on (i)","Murapaka, Chandrasekhar  Murapaka, C.   Chandra Sekhar, M.   Murapaka, C. S.   Sekhar, M. C.   Sekhar, Murapaka Chandra   Sekhar, M. Chandra","50","11","Indian Institute of Technology Hyderabad","Kandi","India"
"","View last title","","","",""
"","","","","","",""
"152 55893594000 (i) on (i)","Naga Babu, Chatla  Babu, Chatla Naga","16","11","Indian Institute of Technology Hyderabad","Hyderabad","India"
"","View last title","","","",""
"","","","","","",""
"153 56692364700 (i) on (i)","Narayana, Puranam Anantha Lakshmi  Lakshmi-Narayana, P. A.   Narayana, Puranam A.L.   Narayana, P. A.Lakshmi   Narayana, P. A.L.   Lakshmi Narayana, P. A.","27","11","Indian Institute of Technology Hyderabad","Kandi","India"
"","View last title","","","",""
"","","","","","",""
"154 55646938600 (i) on (i)","Nepak, Devadutta","13","11","Indian Institute of Technology Hyderabad","Kandi","India"
"","View last title","","","",""
"","","","","","",""
"155 55270333100 (i) on (i)","Panolan, Fahad","107","11","Indian Institute of Technology Hyderabad","Kandi","India"
"","View last title","","","",""
"","","","","","",""
"156 37112832500 (i) on (i)","Rajakumara, Eerappa  Earappa, Rajakumara   Rajakumar, E.","28","11","Indian Institute of Technology Hyderabad","Kandi","India"
"","View last title","","","",""
"","","","","","",""
"157 24721862300 (i) on (i)","Roy, Shubho R.  Roy, Shubho R.   Roy, Shubho","17","11","Indian Institute of Technology Hyderabad","Kandi","India"
"","View last title","","","",""
"","","","","","",""
"158 24177351400 (i) on (i)","Samavedi, Satyavrata","24","11","Indian Institute of Technology Hyderabad","Kandi","India"
"","View last title","","","",""
"","","","","","",""
"159 57218693593 (i) on (i)","Sarkar, Vaskar  Sarkar, V.","46","11","Indian Institute of Technology Hyderabad","Kandi","India"
"","View last title","","","",""
"","","","","","",""
"160 26422689600 (i) on (i)","Yemula, Pradeep Kumar  Pradeep, Yemula   Yemula, Pradeep   Kumar, Yemula Pradeep","30","11","Indian Institute of Technology Hyderabad","Kandi","India"
"","View last title","","","",""
"","","","","","",""
"161 57221679951 (i) on (i)","Agarwal, Anil  Agarwal, A.","30","10","Indian Institute of Technology Hyderabad","Kandi","India"
"","View last title","","","",""
"","","","","","",""
"162 36666123600 (i) on (i)","Desarkar, Maunendra Sankar  Desarkar, Maunendra S.   Sankar Desarkar, Maunendra","50","10","Indian Institute of Technology Hyderabad","Kandi","India"
"","View last title","","","",""
"","","","","","",""
"163 57209886589 (i) on (i)","Durai, Lignesh  Durai, L.","31","10","Indian Institute of Technology Hyderabad","Kandi","India"
"","View last title","","","",""
"","","","","","",""
"164 55385430200 (i) on (i)","Dutta, Ashudeb  Dutta, A.   Dutta, Asudeb","89","10","Indian Institute of Technology Hyderabad","Kandi","India"
"","View last title","","","",""
"","","","","","",""
"165 6506371566 (i) on (i)","Ghaisas, Niranjan S.  Ghaisas, Niranjan S.   Ghaisas, Niranjan   Ghaisas, Niranjan N.","20","10","Indian Institute of Technology Hyderabad","Kandi","India"
"","View last title","","","",""
"","","","","","",""
"166 56714928800 (i) on (i)","Jacob, Alan Ranjit  Jacob, Alan R.   Jacob, A. R.","15","10","Indian Institute of Technology Hyderabad","Kandi","India"
"","View last title","","","",""
"","","","","","",""
"167 55568300900 (i) on (i)","Kaul, Manohar","18","10","Indian Institute of Technology Hyderabad","Kandi","India"
"","View last title","","","",""
"","","","","","",""
"168 56824700400 (i) on (i)","Kumar, Abhinav  Kumar, A.","86","10","Indian Institute of Technology Hyderabad","Kandi","India"
"","View last title","","","",""
"","","","","","",""
"169 7406018664 (i) on (i)","Kumar, R. P.  Kumar, R. P.   Kumar, R. Prasanth   Prasanth Kumar, R.","28","10","Indian Institute of Technology Hyderabad","Kandi","India"
"","View last title","","","",""
"","","","","","",""
"170 36987651500 (i) on (i)","Makwana, K. D.  Makwana, Kirit   Makwana, K.   Makwana, K. D.   Makwana, Kirit D.","16","10","Indian Institute of Technology Hyderabad","Kandi","India"
"","View last title","","","",""
"","","","","","",""
"171 56919518400 (i) on (i)","Miriyala, Srinivas Soumitri  Miriyala, Srinivas S.","36","10","Indian Institute of Technology Hyderabad","Kandi","India"
"","View last title","","","",""
"","","","","","",""
"172 55315329700 (i) on (i)","Naktode, Kishor","23","10","Indian Institute of Technology Hyderabad","Hyderabad","India"
"","View last title","","","",""
"","","","","","",""
"173 21743391200 (i) on (i)","Nayak, Kaushik","26","10","Indian Institute of Technology Hyderabad","Kandi","India"
"","View last title","","","",""
"","","","","","",""
"174 54396012900 (i) on (i)","Potphode, Darshna D.  Potphode, D. D.   Potphode, Darshna","16","10","Indian Institute of Technology Hyderabad","Kandi","India"
"","View last title","","","",""
"","","","","","",""
"175 7005141768 (i) on (i)","Ramakrishna, B.  Ramakrishna, B.   Ramakrishna, Bhuvanesh","38","10","Indian Institute of Technology Hyderabad","Kandi","India"
"","View last title","","","",""
"","","","","","",""
"176 6505577334 (i) on (i)","Regonda, Satish Kumar  Regonda, S. K.   Regonda, Satish   Regonda, Satish K.","16","10","Indian Institute of Technology Hyderabad","Kandi","India"
"","View last title","","","",""
"","","","","","",""
"177 56226617000 (i) on (i)","Singh, Surya Prakash  Singh, Surya P.","15","10","Indian Institute of Technology Hyderabad","Kandi","India"
"","View last title","","","",""
"","","","","","",""
"178 57215433567 (i) on (i)","Banerjee, Indrani  Banerjee, Indranil   Banerjee, I.","23","9","Indian Institute of Technology Hyderabad","Kandi","India"
"","View last title","","","",""
"","","","","","",""
"179 57210542670 (i) on (i)","Bhattacharjee, Snehasish  Bhattacharjee, S.","27","9","Indian Institute of Technology Hyderabad","Kandi","India"
"","View last title","","","",""
"","","","","","",""
"180 14043101200 (i) on (i)","Bhattacharyya, Debraj  Debraj, B.   Bhattacharyya, D.","49","9","Indian Institute of Technology Hyderabad","Kandi","India"
"","View last title","","","",""
"","","","","","",""
"181 57208552484 (i) on (i)","Biswas, Chinmoy","32","9","Indian Institute of Technology Hyderabad","Kandi","India"
"","View last title","","","",""
"","","","","","",""
"182 36994500100 (i) on (i)","Chinthapenta, Viswanath  Chintapenta, Viswanath   Chinthapenta, V.   Viswanath, Chinthapenta   Viswanath, C.   Chinthapenta, Viswanath R.","27","9","Indian Institute of Technology Hyderabad","Kandi","India"
"","View last title","","","",""
"","","","","","",""
"183 11239907500 (i) on (i)","Detroja, Ketan P.  Detroja, K. P.   Detroja, Ketan   Detroja, Ketan P.","43","9","Indian Institute of Technology Hyderabad","Hyderabad","India"
"","View last title","","","",""
"","","","","","",""
"184 57194098853 (i) on (i)","Dhyani, Vaibhav  Dhyani, V.","19","9","Indian Institute of Technology Hyderabad","Kandi","India"
"","View last title","","","",""
"","","","","","",""
"185 26767701000 (i) on (i)","Duraiswamy, Suhanya  Suhanya, D.","18","9","Indian Institute of Technology Hyderabad","Kandi","India"
"","View last title","","","",""
"","","","","","",""
"186 57213865022 (i) on (i)","Ghosh, Sourav","28","9","Indian Institute of Technology Hyderabad","Kandi","India"
"","View last title","","","",""
"","","","","","",""
"187 8294358000 (i) on (i)","Giri, Lopamudra","54","9","Indian Institute of Technology Hyderabad","Kandi","India"
"","View last title","","","",""
"","","","","","",""
"188 57118238800 (i) on (i)","Kanaparthi, Srinivasulu","15","9","Indian Institute of Technology Hyderabad","Kandi","India"
"","View last title","","","",""
"","","","","","",""
"189 56393786300 (i) on (i)","Kataoka, Kotaro  Kataoka, K.","50","9","Indian Institute of Technology Hyderabad","Kandi","India"
"","View last title","","","",""
"","","","","","",""
"190 56091854000 (i) on (i)","Krushnamurty, Killi  Krushnamurty, K.","13","9","Indian Institute of Technology Hyderabad","Kandi","India"
"","View last title","","","",""
"","","","","","",""
"191 56946456500 (i) on (i)","Lakshminarayana, Bhairi  Lakshminarayana, B.","14","9","Indian Institute of Technology Hyderabad","Kandi","India"
"","View last title","","","",""
"","","","","","",""
"192 57195376763 (i) on (i)","Panwar, Madhuri","13","9","Indian Institute of Technology Hyderabad","Kandi","India"
"","View last title","","","",""
"","","","","","",""
"193 57192410275 (i) on (i)","Parameswar, Nakul","19","9","Indian Institute of Technology Hyderabad","Kandi","India"
"","View last title","","","",""
"","","","","","",""
"194 16022945300 (i) on (i)","Raghavendra, Nidhanapati K.  Raghavendra, Nidhanapathi K.","12","9","Indian Institute of Technology Hyderabad","Kandi","India"
"","View last title","","","",""
"","","","","","",""
"195 57200418546 (i) on (i)","Sinha, Lichchhavi","12","9","Indian Institute of Technology Hyderabad","Kandi","India"
"","View last title","","","",""
"","","","","","",""
"196 57205663647 (i) on (i)","Sunkari, Upender  Sunkari, U.   Upender, S.   Sunkari, Upendar","11","9","Indian Institute of Technology Hyderabad","Kandi","India"
"","View last title","","","",""
"","","","","","",""
"197 57216759883 (i) on (i)","Suriya Prakash, Shanmugam  Suriya Prakash, S.","33","9","Indian Institute of Technology Hyderabad","Kandi","India"
"","View last title","","","",""
"","","","","","",""
"198 57189990944 (i) on (i)","Wani, Irfan Samad  Wani, I.   Wani, I. S.","9","9","Indian Institute of Technology Hyderabad","Hyderabad","India"
"","View last title","","","",""
"","","","","","",""
"199 57073622100 (i) on (i)","Ambika, Selvaraj  Selvaraj, Ambika   Ambika, S.","17","8","Indian Institute of Technology Hyderabad","Kandi","India"
"","View last title","","","",""
"","","","","","",""
"200 56947000900 (i) on (i)","Banerjee, Sayak  Banerjee, S.","15","8","Indian Institute of Technology Hyderabad","Kandi","India"
"","View last title","","","",""
"","","","","","",""