"Result Number","Author","Documents","h-index          Author metrics Scopus is adding an array of metrics for researchers. As an initial step, the h-index has been added.  The h-graph is one way of displaying and comparing the productivity and impact of published work of scholars. It should only be used together with a mix of quantitative and qualitative metrics.  More metrics will be added in the course of the year.","Affiliation","City","Country/Territory"
"1 35226929900 (i) on (i)","Bahinipati, Seema  Bahinipati, S.","1058","96","Indian Institute of Technology Bhubaneswar","Bhubaneswar","India"
"","View last title","","","",""
"","","","","","",""
"2 7006069664 (i) on (i)","Mohanty, Uma Charan  Mohanty, Uma C.   Mohanty, U. C.","273","38","Indian Institute of Technology Bhubaneswar","Bhubaneswar","India"
"","View last title","","","",""
"","","","","","",""
"3 7006740732 (i) on (i)","Samantaray, S. R.  Samantray, S.   Samantaray, Subhransu R.   Samantray, S. R.   Samantaray, Subhransu Rajan   Samantaray, S. R.   Samantaray, Subhransu Ranjan","191","40","Indian Institute of Technology Bhubaneswar","Bhubaneswar","India"
"","View last title","","","",""
"","","","","","",""
"4 7005489395 (i) on (i)","Nando, Golok Bihari  Nando, Golok Behari   Nando, Golok B.   Nando, Golo K.B.   Nando, G. B.","183","32","Indian Institute of Technology Bhubaneswar","Bhubaneswar","India"
"","View last title","","","",""
"","","","","","",""
"5 15044890300 (i) on (i)","Mahapatra, Manas Mohan  Mahapatra, M. M.   Mahapatra, M.   Mahapatra, Manas M.   Mahapatra, Manas","168","37","Indian Institute of Technology Bhubaneswar","Bhubaneswar","India"
"","View last title","","","",""
"","","","","","",""
"6 7003499569 (i) on (i)","Satyam, Parlapalli Venkata  Satyam, P.   Satyam, P. V.   Satyam, Parlapali V.   Parlapalli, Venkata Satyam   Satyam, Parlapalli V.","163","30","Indian Institute of Technology Bhubaneswar","Bhubaneswar","India"
"","View last title","","","",""
"","","","","","",""
"7 7202853024 (i) on (i)","Nayak, Saroj Kumar  Nayak, Saroj K.   Nayak, S. K.   Nayak, S.   Nayak, Saroj","158","47","Indian Institute of Technology Bhubaneswar","Bhubaneswar","India"
"","View last title","","","",""
"","","","","","",""
"8 25822547900 (i) on (i)","Jha, Rajan  Jha, Rajana   Rajan, R. D.   Jha, R.   Jha","151","37","Indian Institute of Technology Bhubaneswar","Bhubaneswar","India"
"","View last title","","","",""
"","","","","","",""
"9 7004244705 (i) on (i)","Dhindaw, Brij Kumar  Dhindaw, Brij K.   Dhindaw, B. K.   Dhindaw, B.   Dhindaw, Briji Kumar   DHINDAW, B. K.","137","26","Indian Institute of Technology Bhubaneswar","Bhubaneswar","India"
"","View last title","","","",""
"","","","","","",""
"10 35408975400 (i) on (i)","Dogra, Debi Prosad  Prosad Dogra, Debi   Dogra, D. P.   Dogra, D.   Dogra, Debi P.","111","24","Indian Institute of Technology Bhubaneswar","Bhubaneswar","India"
"","View last title","","","",""
"","","","","","",""
"11 7006815673 (i) on (i)","Behera, Surjyo N.  Behera, S.   Behera, S. N.","104","17","National Institute of Science & Technology","Berhampur","India"
"","View last title","","","",""
"","","","","","",""
"12 6506728977 (i) on (i)","Puhan, Niladri Bihari  Puhan, Niladri B.   Puhan, N. B.   Puhan, Niladri   N.B., Puhan","101","15","Indian Institute of Technology Bhubaneswar","Bhubaneswar","India"
"","View last title","","","",""
"","","","","","",""
"13 7004444015 (i) on (i)","Sahoo, Nirod Chandra  Sahoo, N. C.   Sahoo, Nirod C.","101","21","Indian Institute of Technology Bhubaneswar","Bhubaneswar","India"
"","View last title","","","",""
"","","","","","",""
"14 23483309100 (i) on (i)","Vundavilli, Pandu Ranga  Vundavilli, Pandu R.   Vundavilli, Panduranga   Vundavilli, P. R.   Vundavalli, Pandu Ranga   Vundavalli, Pandu R.","99","15","Indian Institute of Technology Bhubaneswar","Bhubaneswar","India"
"","View last title","","","",""
"","","","","","",""
"15 56223101000 (i) on (i)","Panda, Rabindra Kumar  Panda, Rabindra K.   Panda, Rabindra   Panda, R. K.","93","23","Indian Institute of Technology Bhubaneswar","Bhubaneswar","India"
"","View last title","","","",""
"","","","","","",""
"16 39961232300 (i) on (i)","Dandela, Rambabu  Rambabu, Dandela   Dandela, R.   Rambabu, D.   Dandela, Ramababu","86","23","Indian Institute of Technology Bhubaneswar","Bhubaneswar","India"
"","View last title","","","",""
"","","","","","",""
"17 36651423400 (i) on (i)","Roy, Sujit  Roy, S.   Roy, Sujit Kumar   Roy, Sujit K.","85","34","Indian Institute of Technology Bhubaneswar","Bhubaneswar","India"
"","View last title","","","",""
"","","","","","",""
"18 6701567360 (i) on (i)","Pedireddi, Venkateswara Rao  Pedireddi, V. R.   Pedireddi, Venkateswara R.   Pedireddi, V. Rao   Pedireddi, Venkatesvara R.","78","31","Indian Institute of Technology Bhubaneswar","Bhubaneswar","India"
"","View last title","","","",""
"","","","","","",""
"19 23667484800 (i) on (i)","Haldar, Sumanta  Haldar, S.","73","14","Indian Institute of Technology Bhubaneswar","Bhubaneswar","India"
"","View last title","","","",""
"","","","","","",""
"20 6505548609 (i) on (i)","Vijayakrishna, Kari  Kari, Vijayakrishna","73","18","Indian Institute of Technology Bhubaneswar","Bhubaneswar","India"
"","View last title","","","",""
"","","","","","",""
"21 22937208700 (i) on (i)","Bhunia, Puspendu  Bhunia, P.","72","22","Indian Institute of Technology Bhubaneswar","Bhubaneswar","India"
"","View last title","","","",""
"","","","","","",""
"22 56257387100 (i) on (i)","Sahu, Prasant Kumar  Sahu, P. K.   Sahu, Prasant K.","69","11","Indian Institute of Technology Bhubaneswar","Bhubaneswar","India"
"","View last title","","","",""
"","","","","","",""
"23 34573277100 (i) on (i)","Sahu, Kamala Kanta  Sahu, K. K.   Sahu, Kamala K.   Sahu, Kamla Kanta","68","27","Indian Institute of Technology Bhubaneswar","Bhubaneswar","India"
"","View last title","","","",""
"","","","","","",""
"24 35488669000 (i) on (i)","Sahu, Pravas Ranjan  Sahu, P. R.","67","12","Indian Institute of Technology Bhubaneswar","Bhubaneswar","India"
"","View last title","","","",""
"","","","","","",""
"25 57208572318 (i) on (i)","Raja Kumar, Ratnam V.  Raja KUMAR, Ratnam V.   Kumar, Raja   Kumar, R. V.R.   Kumar, R.   Kumar, Ratnam V.Raja   Raja Kumar, R. V.","64","10","Indian Institute of Technology Bhubaneswar","Bhubaneswar","India"
"","View last title","","","",""
"","","","","","",""
"26 27170498100 (i) on (i)","Mandal, Animesh  Mandal, A.   MANDAL, Animesh","62","12","Indian Institute of Technology Bhubaneswar","Bhubaneswar","India"
"","View last title","","","",""
"","","","","","",""
"27 54790815400 (i) on (i)","Bathula, Sivaiah","61","22","Indian Institute of Technology Bhubaneswar","Bhubaneswar","India"
"","View last title","","","",""
"","","","","","",""
"28 57197683936 (i) on (i)","Bera, Padmalochan  Bera, P.","60","11","Indian Institute of Technology Bhubaneswar","Bhubaneswar","India"
"","View last title","","","",""
"","","","","","",""
"29 14028042000 (i) on (i)","Bhende, Chandrashekhar Narayan   Bhende, Chandrashekhar N.   Bhende, Chandrasekhar Narayan   Narayan Bhende, Chandrasekhar   Bhende, Chandrashekhar   Bhende, C. N.","60","16","Indian Institute of Technology Bhubaneswar","Bhubaneswar","India"
"","View last title","","","",""
"","","","","","",""
"30 15064135900 (i) on (i)","Ghosh, Debalina  Ghosh, D.","60","11","Indian Institute of Technology Bhubaneswar","Bhubaneswar","India"
"","View last title","","","",""
"","","","","","",""
"31 23977649200 (i) on (i)","Dash, Rajesh Roshan  Dash, Rajesh R.","59","20","Indian Institute of Technology Bhubaneswar","Bhubaneswar","India"
"","View last title","","","",""
"","","","","","",""
"32 25724708600 (i) on (i)","Hanumantha Rao, Bendadi Hanumantha  Rao, Bendadi Hanumantha   Hanumantha Rao, Bendadi   Rao, B. Hanumantha   Rao, B. H.   Hanumantha Rao, B.","59","18","Indian Institute of Technology Bhubaneswar","Bhubaneswar","India"
"","View last title","","","",""
"","","","","","",""
"33 36806782500 (i) on (i)","Chandra Sahoo, Umesh  Sahoo, Umesh C.   Sahoo, Umesh Chandra   Sahoo, Umesh   Sahoo, U. C.","58","14","Indian Institute of Technology Bhubaneswar","Bhubaneswar","India"
"","View last title","","","",""
"","","","","","",""
"34 7102526268 (i) on (i)","Mahapatra, Swarup Kumar  Mahapatra, Swarup K.   Mahapatra, S. K.   Mahapatra, S.","58","11","Indian Institute of Technology Bhubaneswar","Bhubaneswar","India"
"","View last title","","","",""
"","","","","","",""
"35 6603886837 (i) on (i)","Satpathy, Manoranjan  Satpathy, M.","57","10","Indian Institute of Technology Bhubaneswar","Bhubaneswar","India"
"","View last title","","","",""
"","","","","","",""
"36 23099055900 (i) on (i)","Bandyopadhyay, Malay Kumar  Bandyopadhyay, M.   Bandyopadhyay, Malay   Bandyopadhyay, Malay K.","56","14","Indian Institute of Technology Bhubaneswar","Bhubaneswar","India"
"","View last title","","","",""
"","","","","","",""
"37 7202059636 (i) on (i)","Biswas, Ashis  Biswas, A.","56","24","Indian Institute of Technology Bhubaneswar","Bhubaneswar","India"
"","View last title","","","",""
"","","","","","",""
"38 7004184841 (i) on (i)","Mohapatra, N.  Mohapatra, N.   Mohapatra, Niharika","56","15","Indian Institute of Technology Bhubaneswar","Bhubaneswar","India"
"","View last title","","","",""
"","","","","","",""
"39 7006422317 (i) on (i)","Pattnaik, Sandeep  Pattnaik, S.","56","16","Indian Institute of Technology Bhubaneswar","Bhubaneswar","India"
"","View last title","","","",""
"","","","","","",""
"40 57197642958 (i) on (i)","Sarangi, Sunil Kumar  Sarangi, Sougat Kumar   Sarangi, Sunil Ku   Sarangi, Sunil   Sarangi, S. K.   Sarangi, S.   Sarangi, Sunil K.","56","17","Indian Institute of Technology Bhubaneswar","Bhubaneswar","India"
"","View last title","","","",""
"","","","","","",""
"41 26428502600 (i) on (i)","Ramkumar, Barathram  Barathram, Ramkumar   Ramkumar, Baratram","55","15","Indian Institute of Technology Bhubaneswar","Bhubaneswar","India"
"","View last title","","","",""
"","","","","","",""
"42 13608135000 (i) on (i)","Pal, Jayanta  Pal, Jayenta   Pal, J.","54","17","Indian Institute of Technology Bhubaneswar","Bhubaneswar","India"
"","View last title","","","",""
"","","","","","",""
"43 55928825600 (i) on (i)","Ratha, Satyajit","52","16","Indian Institute of Technology Bhubaneswar","Bhubaneswar","India"
"","View last title","","","",""
"","","","","","",""
"44 6508063123 (i) on (i)","Vinoj, V.  Vinoj, Velu   Vinoj, V.","51","23","Indian Institute of Technology Bhubaneswar","Bhubaneswar","India"
"","View last title","","","",""
"","","","","","",""
"45 57213698107 (i) on (i)","Rath, Satchidananda  Rath, S.   Rath, Satchinanda","50","14","Indian Institute of Technology Bhubaneswar","Bhubaneswar","India"
"","View last title","","","",""
"","","","","","",""
"46 57218315262 (i) on (i)","Swain, Debadatta  Swain, D.","49","15","Indian Institute of Technology Bhubaneswar","Bhubaneswar","India"
"","View last title","","","",""
"","","","","","",""
"47 56041243500 (i) on (i)","Banik, Abhijit Datta  Banik, A. D.   Banik, Abhijit D.   Banik, A. Datta   Banik, Abhijit Dutta   Datta Banik, Abhijit","47","13","Indian Institute of Technology Bhubaneswar","Bhubaneswar","India"
"","View last title","","","",""
"","","","","","",""
"48 7007045198 (i) on (i)","Patra, Srikanta","47","22","Indian Institute of Technology Bhubaneswar","Bhubaneswar","India"
"","View last title","","","",""
"","","","","","",""
"49 54783693500 (i) on (i)","Vasudevarao, Allu  Allu, Vasudevarao   Vasudevarao, A.","47","10","Indian Institute of Technology Bhubaneswar","Bhubaneswar","India"
"","View last title","","","",""
"","","","","","",""
"50 55329810200 (i) on (i)","De, Dipankar  De, DIpankar   De, D.","46","11","Indian Institute of Technology Bhubaneswar","Bhubaneswar","India"
"","View last title","","","",""
"","","","","","",""
"51 36882811100 (i) on (i)","Deo, Brahma  Deo, B.","46","14","Indian Institute of Technology Bhubaneswar","Bhubaneswar","India"
"","View last title","","","",""
"","","","","","",""
"52 15761041600 (i) on (i)","Pati, Soobhankar  Pati, S.   PATI, S.","46","10","Indian Institute of Technology Bhubaneswar","Bhubaneswar","India"
"","View last title","","","",""
"","","","","","",""
"53 7006729411 (i) on (i)","Rath, Prasenjit  Rath, P.   Rath, Prasenjith","46","12","Indian Institute of Technology Bhubaneswar","Bhubaneswar","India"
"","View last title","","","",""
"","","","","","",""
"54 55658385700 (i) on (i)","Sabat, Ramakrushna  Sabat, R. K.   Sabat, Rama Krushna   Sabat, Rama K.","46","19","Indian Institute of Technology Bhubaneswar","Bhubaneswar","India"
"","View last title","","","",""
"","","","","","",""
"55 26435535400 (i) on (i)","Sahu, Kisor Kumar  Sahu, K. K.   Sahu, Kisor K.   Sahu, Kisor","45","14","Indian Institute of Technology Bhubaneswar","Bhubaneswar","India"
"","View last title","","","",""
"","","","","","",""
"56 56939953400 (i) on (i)","Sahoo, Surjit","44","24","Indian Institute of Technology Bhubaneswar","Bhubaneswar","India"
"","View last title","","","",""
"","","","","","",""
"57 26645964200 (i) on (i)","Behera, Manaswini  Behera, M.","43","12","Indian Institute of Technology Bhubaneswar","Bhubaneswar","India"
"","View last title","","","",""
"","","","","","",""
"58 55635368200 (i) on (i)","Pasupureddi, Vijaya Sankara Rao  Rao, Pasupureddi V.S.   Pasupureddi, Vijaya   Rao, P. Vijaya Sankara","43","6","Indian Institute of Technology Bhubaneswar","Bhubaneswar","India"
"","View last title","","","",""
"","","","","","",""
"59 36622838900 (i) on (i)","Remya, Neelancherry  Neelancherry, Remya   Remya, N.","43","11","Indian Institute of Technology Bhubaneswar","Bhubaneswar","India"
"","View last title","","","",""
"","","","","","",""
"60 6603957130 (i) on (i)","Chowdhuri, Snehasis  Chowdhuri, S.","42","20","Indian Institute of Technology Bhubaneswar","Bhubaneswar","India"
"","View last title","","","",""
"","","","","","",""
"61 19933525800 (i) on (i)","Dinakar, Pasala  Dinakar, Pasla   Pasla, Dinakar   Dinakar, P.","42","16","Indian Institute of Technology Bhubaneswar","Bhubaneswar","India"
"","View last title","","","",""
"","","","","","",""
"62 36499267700 (i) on (i)","Karanki, Srinivas Bhaskar  Karanki, Srinivas B.   Bhaskar, K. Srinivas","42","10","Indian Institute of Technology Bhubaneswar","Bhubaneswar","India"
"","View last title","","","",""
"","","","","","",""
"63 57698193600 (i) on (i)","Manikandan, M. Sabarimalai  Manikandan, M. S.","42","11","Indian Institute of Technology Bhubaneswar","Bhubaneswar","India"
"","View last title","","","",""
"","","","","","",""
"64 55938567600 (i) on (i)","Budarapu, Pattabhi Ramaiah  Budarapu, P. R.   Budarapu, Pattabhi R.","40","18","Indian Institute of Technology Bhubaneswar","Bhubaneswar","India"
"","View last title","","","",""
"","","","","","",""
"65 56108523900 (i) on (i)","Chatterjee, Shyamal  Chatterjee, S.","40","12","Indian Institute of Technology Bhubaneswar","Bhubaneswar","India"
"","View last title","","","",""
"","","","","","",""
"66 24460248500 (i) on (i)","Gollapudi, Srikant  Gollapudi, S.","40","11","Indian Institute of Technology Bhubaneswar","Bhubaneswar","India"
"","View last title","","","",""
"","","","","","",""
"67 6602390192 (i) on (i)","Sekhar, Tatavarthy Venkata Satya  Sekhar, T. V.S.   T.V.S., Sekhar   Sekhar, T.","40","10","Indian Institute of Technology Bhubaneswar","Bhubaneswar","India"
"","View last title","","","",""
"","","","","","",""
"68 55465959600 (i) on (i)","Roy, Amritendu  Roy, A.","39","10","Indian Institute of Technology Bhubaneswar","Bhubaneswar","India"
"","View last title","","","",""
"","","","","","",""
"69 57205128650 (i) on (i)","Venugopal, Arumuru  Arumuru, V.   Venugopal, A.   Arumuru, Venugopal","38","11","Indian Institute of Technology Bhubaneswar","Bhubaneswar","India"
"","View last title","","","",""
"","","","","","",""
"70 25935829200 (i) on (i)","Bhumkar, Yogesh G.  Bhumkar Yogesh, G.   Bhumkar, Y. G.   Bhumkar, Y.","37","11","Indian Institute of Technology Bhubaneswar","Bhubaneswar","India"
"","View last title","","","",""
"","","","","","",""
"71 57193028085 (i) on (i)","Chatterjee, Rana","37","8","Indian Institute of Technology Bhubaneswar","Bhubaneswar","India"
"","View last title","","","",""
"","","","","","",""
"72 23567743500 (i) on (i)","Dash, Suresh Ranjan  Dash, Suresh R.   Dash, S. R.   Dash, Suresh","37","11","Indian Institute of Technology Bhubaneswar","Bhubaneswar","India"
"","View last title","","","",""
"","","","","","",""
"73 49864106500 (i) on (i)","Panda, Nihar Ranjan  Panda, Nihar R.   Panda, N. R.   Panda, N.","37","13","Indian Institute of Technology Bhubaneswar","Bhubaneswar","India"
"","View last title","","","",""
"","","","","","",""
"74 24166880700 (i) on (i)","Pandit, Mihir Kumar  Pandit, Mihir K.   Pandit, M. K.","37","13","Indian Institute of Technology Bhubaneswar","Bhubaneswar","India"
"","View last title","","","",""
"","","","","","",""
"75 35750631600 (i) on (i)","Sil, Sourav  Sourav, Sil  				    Sil, S.","37","10","Indian Institute of Technology Bhubaneswar","Bhubaneswar","India"
"","View last title","","","",""
"","","","","","",""
"76 57205562662 (i) on (i)","Bhattacharya, Anirban  Bhattacharya, A.","36","8","Indian Institute of Technology Bhubaneswar","Bhubaneswar","India"
"","View last title","","","",""
"","","","","","",""
"77 16643059600 (i) on (i)","Kondaraju, Sasidhar  Kondaraju, S.","36","11","Indian Institute of Technology Bhubaneswar","Bhubaneswar","India"
"","View last title","","","",""
"","","","","","",""
"78 8444151200 (i) on (i)","Sastry, Rambhatla G.S.  Sastry, R. G.S.   Sastry, Rambhatala G.   Sastry, Rambhatla G.   Sastry, R. G.","36","5","Indian Institute of Technology Bhubaneswar","Bhubaneswar","India"
"","View last title","","","",""
"","","","","","",""
"79 57214067083 (i) on (i)","Sekhar, Perumalla Chandra  Sekhar, P. C.   Perumalla, C. S.   Sekhar, P. Chandra","36","12","Indian Institute of Technology Bhubaneswar","Bhubaneswar","India"
"","View last title","","","",""
"","","","","","",""
"80 56069758500 (i) on (i)","Bhamidipati, Chandrasekhar  Chandrasekhar, B.   Bhamidipati, C.   Chandrasekhar, Bhamidipati","35","11","Indian Institute of Technology Bhubaneswar","Bhubaneswar","India"
"","View last title","","","",""
"","","","","","",""
"81 55427868300 (i) on (i)","Ray, Olive","35","10","Indian Institute of Technology Bhubaneswar","Bhubaneswar","India"
"","View last title","","","",""
"","","","","","",""
"82 7402050720 (i) on (i)","Das, Mihir Kumar  Das, Mihir K.   Das, M. K.","33","11","Indian Institute of Technology Bhubaneswar","Bhubaneswar","India"
"","View last title","","","",""
"","","","","","",""
"83 56937831400 (i) on (i)","Dash, Soumya Prakash  Dash, Soumya P.","33","7","Indian Institute of Technology Bhubaneswar","Bhubaneswar","India"
"","View last title","","","",""
"","","","","","",""
"84 56740544600 (i) on (i)","Saravanan, T. Jothi  Thiyagarajan, J. S.   Thiyagarajan, Jothi S.   Thiyagarajan, Jothi Saravanan   Jothi Saravanan, T.   Saravanan, T. Jothi","33","9","Indian Institute of Technology Bhubaneswar","Bhubaneswar","India"
"","View last title","","","",""
"","","","","","",""
"85 55630332400 (i) on (i)","Singh, Raj K.  Singh, R. K.   Singh, Raj K.   Singh, Raj Kumar","33","12","Indian Institute of Technology Bhubaneswar","Bhubaneswar","India"
"","View last title","","","",""
"","","","","","",""
"86 25643147700 (i) on (i)","Mohapatro, Sankarsan  Mohapatro, S.","32","8","Indian Institute of Technology Bhubaneswar","Bhubaneswar","India"
"","View last title","","","",""
"","","","","","",""
"87 54895705300 (i) on (i)","Pradhan, Arun Kumar  Pradhan, A. K.   Pradhan, Arun K.","32","9","Indian Institute of Technology Bhubaneswar","Bhubaneswar","India"
"","View last title","","","",""
"","","","","","",""
"88 57126312700 (i) on (i)","Chandrappa, Anush Konayakanahalli  Chandrappa, Anush K.   Chandrappa, A. K.","31","12","Indian Institute of Technology Bhubaneswar","Bhubaneswar","India"
"","View last title","","","",""
"","","","","","",""
"89 55568660700 (i) on (i)","Pinisetty, Srinivas","31","8","Indian Institute of Technology Bhubaneswar","Bhubaneswar","India"
"","View last title","","","",""
"","","","","","",""
"90 57188803760 (i) on (i)","Mukherjee, Subhajyoti  Mukherjee, Subho","30","6","Indian Institute of Technology Bhubaneswar","Bhubaneswar","India"
"","View last title","","","",""
"","","","","","",""
"91 7003822584 (i) on (i)","Ojha, Akshay Kumar  Ojha, Akshay   Ojha, A. K.","29","7","Indian Institute of Technology Bhubaneswar","Bhubaneswar","India"
"","View last title","","","",""
"","","","","","",""
"92 57212845905 (i) on (i)","Singh, Akhilesh Kumar  Singh, Akhilesh K.","29","13","Indian Institute of Technology Bhubaneswar","Bhubaneswar","India"
"","View last title","","","",""
"","","","","","",""
"93 54796591600 (i) on (i)","Farooq, Syed Hilal  Farooq, S. H.","28","8","Indian Institute of Technology Bhubaneswar","Bhubaneswar","India"
"","View last title","","","",""
"","","","","","",""
"94 57697274100 (i) on (i)","Manikandan, M. Sabarimalai  Manikandan, M. S.","27","13","Indian Institute of Technology Bhubaneswar","Bhubaneswar","India"
"","View last title","","","",""
"","","","","","",""
"95 57650997000 (i) on (i)","Sarkar, Arindam  Sarkar, A.","27","10","Indian Institute of Technology Bhubaneswar","Bhubaneswar","India"
"","View last title","","","",""
"","","","","","",""
"96 35350641800 (i) on (i)","Sinha, Palash   Sinha, P.","27","13","Indian Institute of Technology Bhubaneswar","Bhubaneswar","India"
"","View last title","","","",""
"","","","","","",""
"97 56219544400 (i) on (i)","Dey, Partha Pratim  Pratim Dey, Partha   Dey, Pratim Partha   Dey, P. P.","26","9","Indian Institute of Technology Bhubaneswar","Bhubaneswar","India"
"","View last title","","","",""
"","","","","","",""
"98 15120042500 (i) on (i)","Mondal, Goutam","26","10","Indian Institute of Technology Bhubaneswar","Bhubaneswar","India"
"","View last title","","","",""
"","","","","","",""
"99 56564727500 (i) on (i)","Chakraborty, Ayon","25","11","Indian Institute of Technology Bhubaneswar","Bhubaneswar","India"
"","View last title","","","",""
"","","","","","",""
"100 57053165400 (i) on (i)","Nadimpalli, Raghu  Nadimpalli, R.","25","10","Indian Institute of Technology Bhubaneswar","Bhubaneswar","India"
"","View last title","","","",""
"","","","","","",""
"101 57196588251 (i) on (i)","Padmanabhan, Pramod","25","7","Indian Institute of Technology Bhubaneswar","Bhubaneswar","India"
"","View last title","","","",""
"","","","","","",""
"102 7006867460 (i) on (i)","Pani, Sabyasachi  Pani, S.","25","6","Indian Institute of Technology Bhubaneswar","Bhubaneswar","India"
"","View last title","","","",""
"","","","","","",""
"103 57204362766 (i) on (i)","Samal, Priyaranjan  Samal, Priya Ranjan","25","10","Indian Institute of Technology Bhubaneswar","Bhubaneswar","India"
"","View last title","","","",""
"","","","","","",""
"104 56533463500 (i) on (i)","Dass, Sumit","23","9","Indian Institute of Technology Bhubaneswar","Bhubaneswar","India"
"","View last title","","","",""
"","","","","","",""
"105 26023046000 (i) on (i)","De, P. S.  De, P. S.   DE, P. S.   De, Partha S.   De, Partha Sarathi","23","11","Indian Institute of Technology Bhubaneswar","Bhubaneswar","India"
"","View last title","","","",""
"","","","","","",""
"106 57220731521 (i) on (i)","Maity, Sarmistha  Maity, S.","23","8","Indian Institute of Technology Bhubaneswar","Bhubaneswar","India"
"","View last title","","","",""
"","","","","","",""
"107 39262169000 (i) on (i)","Mishra, Mayank  Mishra, M.","23","12","Indian Institute of Technology Bhubaneswar","Bhubaneswar","India"
"","View last title","","","",""
"","","","","","",""
"108 56102187400 (i) on (i)","Borkotoky, Siddhartha S.  Borkotoky, Siddhartha  						    Borkotok, Siddhartha S.","22","4","Indian Institute of Technology Bhubaneswar","Bhubaneswar","India"
"","View last title","","","",""
"","","","","","",""
"109 55991072300 (i) on (i)","Nayak, Priyambada  Nayak, P.","22","10","Indian Institute of Technology Bhubaneswar","Bhubaneswar","India"
"","View last title","","","",""
"","","","","","",""
"110 16634575600 (i) on (i)","Barik, Sasmita  Barik, S.","21","9","Indian Institute of Technology Bhubaneswar","Bhubaneswar","India"
"","View last title","","","",""
"","","","","","",""
"111 25652783600 (i) on (i)","Mangipudi, Kodanda Ram  Mangipudi, K. R.","21","10","Indian Institute of Technology Bhubaneswar","Bhubaneswar","India"
"","View last title","","","",""
"","","","","","",""
"112 57193095413 (i) on (i)","Sahoo, Mihir Ranjan  Sahoo, M. R.   Sahoo, Mihir   Sahoo, M.   Sahoo, Mihir R.","21","7","Indian Institute of Technology Bhubaneswar","Bhubaneswar","India"
"","View last title","","","",""
"","","","","","",""
"113 57114035500 (i) on (i)","Thomas, Anoop","21","4","Indian Institute of Technology Bhubaneswar","Bhubaneswar","India"
"","View last title","","","",""
"","","","","","",""
"114 36656861800 (i) on (i)","Acharyya, Nirmalendu  Acharyya, N.","20","6","Indian Institute of Technology Bhubaneswar","Bhubaneswar","India"
"","View last title","","","",""
"","","","","","",""
"115 56937614000 (i) on (i)","Das, Pritam","20","8","Indian Institute of Technology Bhubaneswar","Bhubaneswar","India"
"","View last title","","","",""
"","","","","","",""
"116 57201757298 (i) on (i)","Kar, Pratik Kumar  Karanki, Srinivas Bhaskar","20","5","Indian Institute of Technology Bhubaneswar","Bhubaneswar","India"
"","View last title","","","",""
"","","","","","",""
"117 7102269476 (i) on (i)","Rana, Soumendra","20","9","Indian Institute of Technology Bhubaneswar","Bhubaneswar","India"
"","View last title","","","",""
"","","","","","",""
"118 15759354800 (i) on (i)","Basu, Debasis","19","6","Indian Institute of Technology Bhubaneswar","Bhubaneswar","India"
"","View last title","","","",""
"","","","","","",""
"119 6506072380 (i) on (i)","Rangarao, Kaluri Venkata  Rangarao, K. V.   Rangarao, Kaluri V.","19","6","Dr Kaluri Research House","Hyderabad","India"
"","View last title","","","",""
"","","","","","",""
"120 39962581300 (i) on (i)","Sahu, Naresh Chandra","19","7","Indian Institute of Technology Bhubaneswar","Bhubaneswar","India"
"","View last title","","","",""
"","","","","","",""
"121 15318866000 (i) on (i)","de Sarkar, Sanjib Chandra  De Sarkar, Sanjib Chandra   de Sarkar, S. C.   De Sarkar, S. C.   De Sarkar, Sanjib C.","18","8","Indian Institute of Technology Bhubaneswar","Bhubaneswar","India"
"","View last title","","","",""
"","","","","","",""
"122 56121418700 (i) on (i)","Dinara, Syed Mukulika  Dinara, S. M.   DInara, Syed Mukulika   Dinara, Syed M.","18","5","Indian Institute of Technology Bhubaneswar","Bhubaneswar","India"
"","View last title","","","",""
"","","","","","",""
"123 57214462070 (i) on (i)","Kumar, Rajiv  Kumar, R.","18","5","Indian Institute of Technology Bhubaneswar","Bhubaneswar","India"
"","View last title","","","",""
"","","","","","",""
"124 57216607770 (i) on (i)","Mahato, Bikash","18","5","Indian Institute of Technology Bhubaneswar","Bhubaneswar","India"
"","View last title","","","",""
"","","","","","",""
"125 22035334000 (i) on (i)","Nayak, Tarakanta  NAYAK, Tarakanta","18","6","Indian Institute of Technology Bhubaneswar","Bhubaneswar","India"
"","View last title","","","",""
"","","","","","",""
"126 55534560800 (i) on (i)","Patra, Shantanu  Patra, S.","18","4","Indian Institute of Technology Bhubaneswar","Bhubaneswar","India"
"","View last title","","","",""
"","","","","","",""
"127 57190064956 (i) on (i)","Pradhan, Rabindra Nath  Pradhan, R.   Pradhan, Rabindra N.   Pradhan, Rabindranath","18","9","Indian Institute of Technology Bhubaneswar","Bhubaneswar","India"
"","View last title","","","",""
"","","","","","",""
"128 55913788300 (i) on (i)","Rajakumar, Ratnam Varada  Rajakumar, Ratnam V.   Rajakumar, R. V.   RajaKumar, Ratnam Varada","18","4","Indian Institute of Technology Bhubaneswar","Bhubaneswar","India"
"","View last title","","","",""
"","","","","","",""
"129 55806899100 (i) on (i)","Ramadas, Meenu  Meenu, R.   Ramadas, M.","18","7","Indian Institute of Technology Bhubaneswar","Bhubaneswar","India"
"","View last title","","","",""
"","","","","","",""
"130 56386936900 (i) on (i)","Sahoo, Dukhabandhu","18","6","Indian Institute of Technology Bhubaneswar","Bhubaneswar","India"
"","View last title","","","",""
"","","","","","",""
"131 57200147011 (i) on (i)","Sethi, Kamalakanta","18","6","Indian Institute of Technology Bhubaneswar","Bhubaneswar","India"
"","View last title","","","",""
"","","","","","",""
"132 55263473400 (i) on (i)","Ghosh, Debapratim  Ghosh, D.","17","4","Indian Institute of Technology Bhubaneswar","Bhubaneswar","India"
"","View last title","","","",""
"","","","","","",""
"133 42661692800 (i) on (i)","Landu, Kiranmayi  Landu, K.   Kiranmayi, L.","17","7","Indian Institute of Technology Bhubaneswar","Bhubaneswar","India"
"","View last title","","","",""
"","","","","","",""
"134 56647715600 (i) on (i)","Pradhan, Biswaranjan  Pradhan, Biswa Ranjan","17","8","Indian Institute of Technology Bhubaneswar","Bhubaneswar","India"
"","View last title","","","",""
"","","","","","",""
"135 57205906385 (i) on (i)","Sinha, Palash  Sinha, P.","17","6","Indian Institute of Technology Bhubaneswar","Bhubaneswar","India"
"","View last title","","","",""
"","","","","","",""
"136 54973848500 (i) on (i)","Boppu, Srinivas  Boppu, S.","16","5","Indian Institute of Technology Bhubaneswar","Bhubaneswar","India"
"","View last title","","","",""
"","","","","","",""
"137 56243389300 (i) on (i)","Khan, Tabrez Babu  Khan, Tabrez","16","8","Indian Institute of Technology Bhubaneswar","Bhubaneswar","India"
"","View last title","","","",""
"","","","","","",""
"138 56915435100 (i) on (i)","Maurya, Rajesh Kumar Singh  Maurya, R. K.S.","16","6","Indian Institute of Technology Bhubaneswar","Bhubaneswar","India"
"","View last title","","","",""
"","","","","","",""
"139 15848713700 (i) on (i)","Sabarimalai Manikandan, M.","16","9","Indian Institute of Technology Bhubaneswar","Bhubaneswar","India"
"","View last title","","","",""
"","","","","","",""
"140 57192557064 (i) on (i)","Senapati, Rajendra Narayan","16","5","Indian Institute of Technology Bhubaneswar","Bhubaneswar","India"
"","View last title","","","",""
"","","","","","",""
"141 57199212160 (i) on (i)","Singh, Ankita P.  Singh, Ankita   Singh, A.   Singh, A. P.","16","10","Indian Institute of Technology Bhubaneswar","Bhubaneswar","India"
"","View last title","","","",""
"","","","","","",""
"142 57217399165 (i) on (i)","Vasudeva, Rao Y.  Yerikalapudy, Vasudeva Rao   Vasudeva, R. Y.","16","6","Indian Institute of Technology Bhubaneswar","Bhubaneswar","India"
"","View last title","","","",""
"","","","","","",""
"143 56376097200 (i) on (i)","Acharya, Truptimayee","15","7","Indian Institute of Technology Bhubaneswar","Bhubaneswar","India"
"","View last title","","","",""
"","","","","","",""
"144 57216399518 (i) on (i)","Kumar, Pushp","15","6","Indian Institute of Technology Bhubaneswar","Bhubaneswar","India"
"","View last title","","","",""
"","","","","","",""
"145 57200443616 (i) on (i)","Mishra, Amrit Kumar  Mishra, Amrit K.   Mishra, A. K.","15","5","Indian Institute of Technology Bhubaneswar","Bhubaneswar","India"
"","View last title","","","",""
"","","","","","",""
"146 54794309100 (i) on (i)","Mullick, Suvradip  Mullick, S.","15","10","Indian Institute of Technology Bhubaneswar","Bhubaneswar","India"
"","View last title","","","",""
"","","","","","",""
"147 57193220096 (i) on (i)","Samanta, Kousik","15","8","Indian Institute of Technology Bhubaneswar","Bhubaneswar","India"
"","View last title","","","",""
"","","","","","",""
"148 57209243526 (i) on (i)","Bagchi, Somdipta  Bagchi, S.","14","6","Indian Institute of Technology Bhubaneswar","Bhubaneswar","India"
"","View last title","","","",""
"","","","","","",""
"149 57192876439 (i) on (i)","Meher, Arabinda","14","7","Chandigarh University","Mohali","India"
"","View last title","","","",""
"","","","","","",""
"150 57196718266 (i) on (i)","Mohanty, Manorama R.  Mohanty, M.   Mohanty, Manorama   Mohanty, M. R.","14","5","Indian Institute of Technology Bhubaneswar","Bhubaneswar","India"
"","View last title","","","",""
"","","","","","",""
"151 8709864100 (i) on (i)","Mukherjee, Joy Chandra","14","6","Indian Institute of Technology Bhubaneswar","Bhubaneswar","India"
"","View last title","","","",""
"","","","","","",""
"152 57190817677 (i) on (i)","Saha, Sudipta","14","2","Indian Institute of Technology Bhubaneswar","Bhubaneswar","India"
"","View last title","","","",""
"","","","","","",""
"153 57204369409 (i) on (i)","Tripathy, Bata Krishna  Tripathy, Bata K.   Tripathy, Bata Krishan","14","7","Indian Institute of Technology Bhubaneswar","Bhubaneswar","India"
"","View last title","","","",""
"","","","","","",""
"154 56156029400 (i) on (i)","Wary, Nijwm","14","4","Indian Institute of Technology Bhubaneswar","Bhubaneswar","India"
"","View last title","","","",""
"","","","","","",""
"155 57189382740 (i) on (i)","Chand, Apramita","13","5","Indian Institute of Technology Bhubaneswar","Bhubaneswar","India"
"","View last title","","","",""
"","","","","","",""
"156 56576303000 (i) on (i)","Chetan","13","11","Indian Institute of Technology Bhubaneswar","Bhubaneswar","India"
"","View last title","","","",""
"","","","","","",""
"157 57205404529 (i) on (i)","Ghosh, Rajesh","13","8","Indian Institute of Technology Bhubaneswar","Bhubaneswar","India"
"","View last title","","","",""
"","","","","","",""
"158 57212812451 (i) on (i)","Kushwaha, Anoop Kumar  Kushwaha, A. K.   Kushwaha, Anoop K.","13","4","Indian Institute of Technology Bhubaneswar","Bhubaneswar","India"
"","View last title","","","",""
"","","","","","",""
"159 57216781861 (i) on (i)","Taraphdar, Pradeeptta Kumar  Taraphdar, P.   Taraphdar, P. K.","13","7","Indian Institute of Technology Bhubaneswar","Bhubaneswar","India"
"","View last title","","","",""
"","","","","","",""
"160 6504373129 (i) on (i)","Bartarya, Gaurav  Bartarya, G.","12","5","Indian Institute of Technology Bhubaneswar","Bhubaneswar","India"
"","View last title","","","",""
"","","","","","",""
"161 55451787400 (i) on (i)","Bhattacharya, Sourabh  Bhattacharya, S.","12","6","Indian Institute of Technology Bhubaneswar","Bhubaneswar","India"
"","View last title","","","",""
"","","","","","",""
"162 56380619000 (i) on (i)","Dehury, Niranjan","12","9","Indian Institute of Technology Bhubaneswar","Bhubaneswar","India"
"","View last title","","","",""
"","","","","","",""
"163 57203928673 (i) on (i)","Ganta, Naveen","12","4","Indian Institute of Technology Bhubaneswar","Bhubaneswar","India"
"","View last title","","","",""
"","","","","","",""
"164 57207030853 (i) on (i)","Ghosh, Aritra","12","3","Indian Institute of Technology Bhubaneswar","Bhubaneswar","India"
"","View last title","","","",""
"","","","","","",""
"165 15065664700 (i) on (i)","Kothari, Abhishek K.  Kothari, A.   Kothari, Abhishek   Kothari, A. K.","12","8","Indian Institute of Technology Bhubaneswar","Bhubaneswar","India"
"","View last title","","","",""
"","","","","","",""
"166 57226074514 (i) on (i)","Kumar, Ashish","12","5","Indian Institute of Technology Bhubaneswar","Bhubaneswar","India"
"","View last title","","","",""
"","","","","","",""
"167 57212731674 (i) on (i)","Kumar, Hemant","12","5","Indian Institute of Technology Bhubaneswar","Bhubaneswar","India"
"","View last title","","","",""
"","","","","","",""
"168 56779671800 (i) on (i)","Mohanty, Rajiva Lochan  Lochan Mohanty, Rajiva","12","5","Indian Institute of Technology Bhubaneswar","Bhubaneswar","India"
"","View last title","","","",""
"","","","","","",""
"169 56816506600 (i) on (i)","Panda, Rashmi","12","7","Indian Institute of Technology Bhubaneswar","Bhubaneswar","India"
"","View last title","","","",""
"","","","","","",""
"170 57190687421 (i) on (i)","Pandey, Satyendra Kumar  Pandey, Satyendra K.   Pandey, S. K.","12","7","Indian Institute of Technology Bhubaneswar","Bhubaneswar","India"
"","View last title","","","",""
"","","","","","",""
"171 8713965200 (i) on (i)","Panigrahi, S. N.","12","9","Indian Institute of Technology Bhubaneswar","Bubhaneswar","India"
"","View last title","","","",""
"","","","","","",""
"172 56681824100 (i) on (i)","Rahaman, Md Masiur  Rahaman, MD Masiur   Rahaman, Mohammad Masiur   Rahaman, Md M.","12","4","Indian Institute of Technology Bhubaneswar","Bhubaneswar","India"
"","View last title","","","",""
"","","","","","",""
"173 57207646826 (i) on (i)","Rajbhar, Manoj Kumar  Rajbhar, Manoj K.","12","6","Indian Institute of Technology Bhubaneswar","Bhubaneswar","India"
"","View last title","","","",""
"","","","","","",""
"174 57188993269 (i) on (i)","Sahoo, Debiprasanna","12","3","Indian Institute of Technology Bhubaneswar","Bhubaneswar","India"
"","View last title","","","",""
"","","","","","",""
"175 57193886077 (i) on (i)","Baisya, Himadri  Baisya, H.","11","5","Indian Institute of Technology Bhubaneswar","Bhubaneswar","India"
"","View last title","","","",""
"","","","","","",""
"176 57220715678 (i) on (i)","Behera, Santosh Kumar  Behera, S. K.   Behera, Santosh K.","11","6","Indian Institute of Technology Bhubaneswar","Bhubaneswar","India"
"","View last title","","","",""
"","","","","","",""
"177 57193887784 (i) on (i)","Jakhar, Amman  Jakhar, A.","11","2","Indian Institute of Technology Bhubaneswar","Bhubaneswar","India"
"","View last title","","","",""
"","","","","","",""
"178 56257801600 (i) on (i)","Nayak, Hara Prasad  Nayak, H. P.","11","4","University of California, Los Angeles","Los Angeles","United States"
"","View last title","","","",""
"","","","","","",""
"179 57209738035 (i) on (i)","Neha, Shukla  Shukla, Neha","11","3","Indian Institute of Technology Bhubaneswar","Bhubaneswar","India"
"","View last title","","","",""
"","","","","","",""
"180 55917044500 (i) on (i)","Prajapati, Sunil Kumar  Prajapati, S. K.","11","3","Indian Institute of Technology Bhubaneswar","Bhubaneswar","India"
"","View last title","","","",""
"","","","","","",""
"181 57195278548 (i) on (i)","Punera, Devesh","11","6","Indian Institute of Technology Bhubaneswar","Bhubaneswar","India"
"","View last title","","","",""
"","","","","","",""
"182 56399085300 (i) on (i)","Sahoo, Anupam","11","8","Indian Institute of Technology Bhubaneswar","Bhubaneswar","India"
"","View last title","","","",""
"","","","","","",""
"183 57190488172 (i) on (i)","Sil, Karunava","11","6","Indian Institute of Technology Bhubaneswar","Bhubaneswar","India"
"","View last title","","","",""
"","","","","","",""
"184 57215202701 (i) on (i)","Behera, Shreetam  Behera, S.","10","3","Indian Institute of Technology Bhubaneswar","Bhubaneswar","India"
"","View last title","","","",""
"","","","","","",""
"185 57221394762 (i) on (i)","Bhattacharya, Gaurab","10","2","Indian Institute of Technology Bhubaneswar","Bhubaneswar","India"
"","View last title","","","",""
"","","","","","",""
"186 56166727700 (i) on (i)","Chettiyankandy, Pragin","10","3","Indian Institute of Technology Bhubaneswar","Bhubaneswar","India"
"","View last title","","","",""
"","","","","","",""
"187 55477013100 (i) on (i)","Das, Satyabati","10","8","Indian Institute of Technology Bhubaneswar","Bhubaneswar","India"
"","View last title","","","",""
"","","","","","",""
"188 56426859300 (i) on (i)","Dash, Kalyan S.  Dash, Kalyanourav S.","10","7","Indian Institute of Technology Bhubaneswar","Bhubaneswar","India"
"","View last title","","","",""
"","","","","","",""
"189 57189440089 (i) on (i)","Kumar, Hemant","10","3","Indian Institute of Technology Bhubaneswar","Bhubaneswar","India"
"","View last title","","","",""
"","","","","","",""
"190 15720733500 (i) on (i)","Kutumba Rao, Vinnakota V.P.  Kutumba Rao, V.   Kutumba Rao, Vinnakota  		    Kutumba Rao, V. V.   Kutumba Rao, V. V.P.","10","5","Indian Institute of Technology Bhubaneswar","Bhubaneswar","India"
"","View last title","","","",""
"","","","","","",""
"191 56417225100 (i) on (i)","Mandal, Bankim C.","10","5","Indian Institute of Technology Bhubaneswar","Bhubaneswar","India"
"","View last title","","","",""
"","","","","","",""
"192 57194658572 (i) on (i)","Nadesan, Manu S.  Nadesan, Manu S.   Manu, S. N.","10","6","Indian Institute of Technology Bhubaneswar","Bhubaneswar","India"
"","View last title","","","",""
"","","","","","",""
"193 57197713885 (i) on (i)","Pramanik, Saikat  Pramanik, S.","10","5","Indian Institute of Technology Bhubaneswar","Bhubaneswar","India"
"","View last title","","","",""
"","","","","","",""
"194 57195489162 (i) on (i)","Prusty, Pintu  Prusty, P.","10","6","Indian Institute of Technology Bhubaneswar","Bhubaneswar","India"
"","View last title","","","",""
"","","","","","",""
"195 37066577500 (i) on (i)","Samui, Ankita  Samui, A.","10","8","Indian Institute of Technology Bhubaneswar","Bubhaneswar","India"
"","View last title","","","",""
"","","","","","",""
"196 57208305271 (i) on (i)","Sreenivasulu, Gumpu  Sreenivasulu, G.   Srinivasulu, G.","10","2","Indian Institute of Technology Bhubaneswar","Bhubaneswar","India"
"","View last title","","","",""
"","","","","","",""
"197 56127168900 (i) on (i)","Babu, K. Ajay  Kambhampati, Ajay Babu","9","4","Indian Institute of Technology Bhubaneswar","Bhubaneswar","India"
"","View last title","","","",""
"","","","","","",""
"198 55868963300 (i) on (i)","Chowki, S.","9","5","Indian Institute of Technology Bhubaneswar","Bhubaneswar","India"
"","View last title","","","",""
"","","","","","",""
"199 57190683205 (i) on (i)","Kannan, Srinivasa Ramanujam  Kannan, S. R.","9","2","Indian Institute of Technology Bhubaneswar","Bhubaneswar","India"
"","View last title","","","",""
"","","","","","",""
"200 56747973100 (i) on (i)","Lakma, Avinash","9","6","Indian Institute of Technology Bhubaneswar","Bhubaneswar","India"
"","View last title","","","",""
"","","","","","",""