"Result Number","Author","Documents","h-index          Author metrics Scopus is adding an array of metrics for researchers. As an initial step, the h-index has been added.  The h-graph is one way of displaying and comparing the productivity and impact of published work of scholars. It should only be used together with a mix of quantitative and qualitative metrics.  More metrics will be added in the course of the year.","Affiliation","City","Country/Territory"
"601 7004345435 (i) on (i)","Venkatachalam, Chittoor Sivaramakrishnan  Venkatachalam, Chittoor S.   Venkatachalam, C. S.","35","7","Indian Institute of Technology Madras","Chennai","India"
"","View last title","","","",""
"","","","","","",""
"602 56549384800 (i) on (i)","Ilesh Shah, Malay  Shah, Malay I.Iesh   Shah, Malay   Shah, Malay Ilesh   Shah, Malaykumar","34","10","Indian Institute of Technology Madras","Chennai","India"
"","View last title","","","",""
"","","","","","",""
"603 8520001700 (i) on (i)","Krishnamurthy, Konda Ramasamy  Krishnamurthy, Konda R.   Krishnamurthy, K. R.   Krishnamurthy, Konda Ramaswamy   Krishnamurthy, Kandasamy Konda R.","34","16","Indian Institute of Technology Madras","Chennai","India"
"","View last title","","","",""
"","","","","","",""
"604 57208685081 (i) on (i)","Kumar, Ramarathnam Krishna  Kumar, R. Krishna   Kumar, R. K.","34","9","Indian Institute of Technology Madras","Chennai","India"
"","View last title","","","",""
"","","","","","",""
"605 6602478530 (i) on (i)","Manivasakan, R.  Manivasakan, R.   Rathinam, Manivasakan","34","4","Indian Institute of Technology Madras","Chennai","India"
"","View last title","","","",""
"","","","","","",""
"606 57198143654 (i) on (i)","Mukherjee, Rinku  Rinku, Mukherjee   Mukherjeey, Rinku   Mukherjee, R.","34","4","Indian Institute of Technology Madras","Chennai","India"
"","View last title","","","",""
"","","","","","",""
"607 7102097035 (i) on (i)","Parthasarathy, Ramaswami  Parthasarathy, R.","34","9","Indian Institute of Technology Madras","Chennai","India"
"","View last title","","","",""
"","","","","","",""
"608 57194221840 (i) on (i)","Ramasastry, C.","34","9","Indian Institute of Technology Madras","Chennai","India"
"","View last title","","","",""
"","","","","","",""
"609 7004548925 (i) on (i)","Ramaswami, Bellamkonda  Ramaswami, B.","34","9","Indian Institute of Technology Madras","Chennai","India"
"","View last title","","","",""
"","","","","","",""
"610 36572467600 (i) on (i)","Shivananju, Bannur Nanjunda  Shivananju, Bannur N.   Shivananju, B. Nanjunda   Shivananju, B. N.","34","16","Indian Institute of Technology Madras","Chennai","India"
"","View last title","","","",""
"","","","","","",""
"611 56157475400 (i) on (i)","Yamijala, Sharma S.R.K.C.  Yamijala, Srkc Sharma   Yamijala, Sharma Srkc   Yamijala, S. R.K.C.Sharma   Yamijala, Sharma   Sharma, S. R.K.C.Yamijala","34","15","Indian Institute of Technology Madras","Chennai","India"
"","View last title","","","",""
"","","","","","",""
"612 6603860178 (i) on (i)","Ananthakrishnan, Palaniswamy  Ananthakrishanan, P.   Anathakrishnan, P.   Ananthakrishnan, P.","33","8","Indian Institute of Technology Madras","Chennai","India"
"","View last title","","","",""
"","","","","","",""
"613 24075467500 (i) on (i)","Appa Rao, Gangolu  Appa Rao, G.","33","4","Indian Institute of Technology Madras","Chennai","India"
"","View last title","","","",""
"","","","","","",""
"614 57213949626 (i) on (i)","Balasubramanian, Kalpattu Kuppusamy  Balasubramanian, K. K.   Balasubramanian, Kalpattu Kuppuswami   Balasubramanian, Kalpattu K.   Balasubramanian, K.","33","14","Indian Institute of Technology Madras","Chennai","India"
"","View last title","","","",""
"","","","","","",""
"615 6701757909 (i) on (i)","Baradarajan, Anantharanganathan  Baradarajan, Anantharenganathan   Baradarajan, A.","33","8","Indian Institute of Technology Madras","Chennai","India"
"","View last title","","","",""
"","","","","","",""
"616 6603641531 (i) on (i)","Lakshmeesha, V. K.","33","5","Indian Institute of Technology Madras","Chennai","India"
"","View last title","","","",""
"","","","","","",""
"617 6603588737 (i) on (i)","Mayuram, M. M.","33","8","Indian Institute of Technology Madras","Chennai","India"
"","View last title","","","",""
"","","","","","",""
"618 6602995622 (i) on (i)","Pattabiraman, M.  Pattabiraman, Murari   Pattabiraman, M.","33","12","Indian Institute of Technology Madras","Chennai","India"
"","View last title","","","",""
"","","","","","",""
"619 8298709400 (i) on (i)","Rajan, Sudhir Chella  Rajan, Sudhir C.   Rajan, S.   Sudhir Chella, R.   Rajan, Chella","33","8","Indian Institute of Technology Madras","Chennai","India"
"","View last title","","","",""
"","","","","","",""
"620 56577968100 (i) on (i)","Ramanan, Vikram  Ramanan, V.","33","6","Indian Institute of Technology Madras","Chennai","India"
"","View last title","","","",""
"","","","","","",""
"621 56646112800 (i) on (i)","Rawat, Prashant  Rawat, P.","33","10","Indian Institute of Technology Madras","Chennai","India"
"","View last title","","","",""
"","","","","","",""
"622 56081787700 (i) on (i)","Saha, Koushik","33","12","Indian Institute of Technology Madras","Chennai","India"
"","View last title","","","",""
"","","","","","",""
"623 56106080800 (i) on (i)","Senthilnathan, Jaganathan  Senthilnathan, J.","33","19","Hanyang University","Seoul","South Korea"
"","View last title","","","",""
"","","","","","",""
"624 8951647200 (i) on (i)","Singh, Arindama  Singh, A.   Singh, A. K.","33","7","Indian Institute of Technology Madras","Chennai","India"
"","View last title","","","",""
"","","","","","",""
"625 57209528590 (i) on (i)","Sinha, Abhishek","33","9","Indian Institute of Technology Madras","Chennai","India"
"","View last title","","","",""
"","","","","","",""
"626 6603067943 (i) on (i)","Bhuvaneshwar, G. S.  Bhuvaneshwar, G. S.","32","11","Indian Institute of Technology Madras","Chennai","India"
"","View last title","","","",""
"","","","","","",""
"627 55080306100 (i) on (i)","Chatterjee, Avhishek","32","7","Indian Institute of Technology Madras","Chennai","India"
"","View last title","","","",""
"","","","","","",""
"628 7006605669 (i) on (i)","Kannan, Aravamudan  Aravamudan, Kannan   Kannan, A.   Aravamudan, K.","32","14","Indian Institute of Technology Madras","Chennai","India"
"","View last title","","","",""
"","","","","","",""
"629 35790350100 (i) on (i)","Khan, Qadeer Ahmad  Khan, Q. A.   Khan, Qadeer A.   Khan, Qadeer","32","10","Indian Institute of Technology Madras","Chennai","India"
"","View last title","","","",""
"","","","","","",""
"630 6602559252 (i) on (i)","Kunukkasseril, Vincent X.  KUNUKKASSERIL, V. X.   Kunukkasseril, V. X.   Kunukkasseril, Vlncent X.","32","10","Indian Institute of Technology, Madras","Chennai","India"
"","View last title","","","",""
"","","","","","",""
"631 6603962975 (i) on (i)","Kuppurajulu, Atteri  Kuppurajulu, A.","32","5","Indian Institute of Technology Madras","Chennai","India"
"","View last title","","","",""
"","","","","","",""
"632 56103894000 (i) on (i)","Mandal, Srimanta","32","7","Indian Institute of Technology Madras","Chennai","India"
"","View last title","","","",""
"","","","","","",""
"633 6602101597 (i) on (i)","Palaninathan, R.  PALANINATHAN, R.","32","12","Indian Institute of Technology Madras","Chennai","India"
"","View last title","","","",""
"","","","","","",""
"634 57200153173 (i) on (i)","Raghavan, Vasudevan  Raghavan, V.","32","6","Indian Institute of Technology Madras","Chennai","India"
"","View last title","","","",""
"","","","","","",""
"635 12345166600 (i) on (i)","Ramkumar, P.  Penchaliah, Ramkumar   Penchaliah, R.   Ramkumar, Penchaliah   Ramkumar, P.","32","8","Indian Institute of Technology Madras","Chennai","India"
"","View last title","","","",""
"","","","","","",""
"636 7102356024 (i) on (i)","Ravi, R.  Ravi, R.   Ravi, Ramamurthy","32","10","Indian Institute of Technology Madras","Chennai","India"
"","View last title","","","",""
"","","","","","",""
"637 37013955800 (i) on (i)","Reddy, Puduru V.  Reddy, Puduru Viswanada   Reddy, Puduru V.   Reddy, P. Viswanadha   REDDY, PUDURU VISWANADHA   Reddy, Puduru Viswanadha   Reddy, P. V.","32","11","Indian Institute of Technology Madras","Chennai","India"
"","View last title","","","",""
"","","","","","",""
"638 57298483400 (i) on (i)","Shaikh Mohammed, J.  Shaikh-Mohammed, Javeed   Shaikh Mohammed, J.   Mohammed, Javeed Shaikh   Shaikh Mohammed, J. S.   Mohammed, Javeed   Shaikh Mohammed, Javeed   Mohammed, J. Shaikh","32","10","Indian Institute of Technology Madras","Chennai","India"
"","View last title","","","",""
"","","","","","",""
"639 36136249100 (i) on (i)","Srinivasan, G.  Srinivasan, G.","32","11","Indian Institute of Technology Madras","Chennai","India"
"","View last title","","","",""
"","","","","","",""
"640 7403307187 (i) on (i)","Srivastava, Smita  Srivastava, S.","32","14","Indian Institute of Technology Madras","Chennai","India"
"","View last title","","","",""
"","","","","","",""
"641 26636019100 (i) on (i)","Vetrivel, V.  Vetrivel, V.   Vetrivel, Vellaichamy","32","7","Indian Institute of Technology Madras","Chennai","India"
"","View last title","","","",""
"","","","","","",""
"642 56350599800 (i) on (i)","Babu, S.  BABU, S.   Babu, S.","31","19","Indian Institute of Technology Madras","Chennai","India"
"","View last title","","","",""
"","","","","","",""
"643 55253265600 (i) on (i)","Bhattacharya, Madhuchhanda  Bhattacharya, M.","31","14","Indian Institute of Technology Madras","Chennai","India"
"","View last title","","","",""
"","","","","","",""
"644 6603612353 (i) on (i)","Gopalam, B. S.V.  Gopalam, B. S.","31","6","Indian Institute of Technology Madras","Chennai","India"
"","View last title","","","",""
"","","","","","",""
"645 45561334900 (i) on (i)","Iqbal, Yasir  Iqbal, Y.","31","17","Indian Institute of Technology Madras","Chennai","India"
"","View last title","","","",""
"","","","","","",""
"646 55663000400 (i) on (i)","Janaki Ram, D.  Ram, D. U.   Ram, D. Janaki   Ram, D. J.","31","9","Indian Institute of Technology Madras","Chennai","India"
"","View last title","","","",""
"","","","","","",""
"647 6603500510 (i) on (i)","Joyce Nirmala, M.  Nirmala, M. J.   Nirmala, M. Joyce","31","10","Indian Institute of Technology Madras","Chennai","India"
"","View last title","","","",""
"","","","","","",""
"648 57194570176 (i) on (i)","Karati, Anirudha","31","10","Indian Institute of Technology Madras","Chennai","India"
"","View last title","","","",""
"","","","","","",""
"649 7006230457 (i) on (i)","Mani, Jay S.  Mani, J. S.","31","7","Indian Institute of Technology Madras","Chennai","India"
"","View last title","","","",""
"","","","","","",""
"650 7202022229 (i) on (i)","Misra, Prabhu Shankar M.  Misra, P. S.   Mishra, Pragyandipta   Misra, P. S.M.   Misra, Prabhu Shankar   Mishra, P. S.   Misra, Prabhu Shanker","31","9","Indian Institute of Technology Madras","Chennai","India"
"","View last title","","","",""
"","","","","","",""
"651 55632392400 (i) on (i)","Muthukumar, Harshiny  Harshiny, Muthukumar   Harshiny, M.","31","18","Indian Institute of Technology Madras","Chennai","India"
"","View last title","","","",""
"","","","","","",""
"652 6506274228 (i) on (i)","Parashuraman, Seetharaman  Parashuraman, Setharaman   Parashuraman, S.","31","16","Indian Institute of Technology Madras","Chennai","India"
"","View last title","","","",""
"","","","","","",""
"653 7005636463 (i) on (i)","Radhakrishnan, Pezhinkattil  Radhakrishnan, P.","31","8","Indian Institute of Technology Madras","Chennai","India"
"","View last title","","","",""
"","","","","","",""
"654 57194718631 (i) on (i)","Sharma, Mansi","31","5","Indian Institute of Technology Madras","Chennai","India"
"","View last title","","","",""
"","","","","","",""
"655 6603628792 (i) on (i)","Sivaram, B. M.","31","9","Indian Institute of Technology Madras","Chennai","India"
"","View last title","","","",""
"","","","","","",""
"656 57200152018 (i) on (i)","Sobhanan, Aneesh  Sobhanan, A.   Aneesh, S.","31","4","Indian Institute of Technology Madras","Chennai","India"
"","View last title","","","",""
"","","","","","",""
"657 55814808900 (i) on (i)","Vellandi, Vikraman  Vikraman, V.","31","4","Indian Institute of Technology Madras","Chennai","India"
"","View last title","","","",""
"","","","","","",""
"658 36464833800 (i) on (i)","Bardhan, Soumik","30","9","Indian Institute of Technology Madras","Chennai","India"
"","View last title","","","",""
"","","","","","",""
"659 55817780700 (i) on (i)","Biswal, Pratibha","30","11","Indian Institute of Technology Madras","Chennai","India"
"","View last title","","","",""
"","","","","","",""
"660 7003365987 (i) on (i)","Ganapathy, C.","30","10","Indian Institute of Technology Madras","Chennai","India"
"","View last title","","","",""
"","","","","","",""
"661 8696600900 (i) on (i)","Goswami, Rupen  Goswami, R.","30","5","Indian Institute of Technology Madras","Chennai","India"
"","View last title","","","",""
"","","","","","",""
"662 36344767000 (i) on (i)","Kalpathy, Sreeram K.  Kalpathy, Sreeram K.","30","9","Indian Institute of Technology Madras","Chennai","India"
"","View last title","","","",""
"","","","","","",""
"663 56872770800 (i) on (i)","Kesavan, Thangaian  Kesavan, T.","30","14","Indian Institute of Technology Madras","Chennai","India"
"","View last title","","","",""
"","","","","","",""
"664 8666063900 (i) on (i)","Krishnan, Mangala S.  Krishnan, M. S.   Krishnan, Mangala S.   Krishnan, Mangala Sunder","30","11","Indian Institute of Technology Madras","Chennai","India"
"","View last title","","","",""
"","","","","","",""
"665 23469637300 (i) on (i)","Kuiry, Soumendra Nath  Kuiry, S. N.   Kuiry, Soumendra N.","30","7","Indian Institute of Technology Madras","Chennai","India"
"","View last title","","","",""
"","","","","","",""
"666 22951211600 (i) on (i)","Narayanan, Narayanan  Narayanan, Niranjhana   Narayanan, N.","30","8","Indian Institute of Technology Madras","Chennai","India"
"","View last title","","","",""
"","","","","","",""
"667 57213829029 (i) on (i)","Nayak, Sanjib  Nayak, S.","30","10","Indian Institute of Technology Madras","Chennai","India"
"","View last title","","","",""
"","","","","","",""
"668 35598241600 (i) on (i)","Ramakrishnan, V.","30","9","Indian Institute of Technology Madras","Chennai","India"
"","View last title","","","",""
"","","","","","",""
"669 16146848300 (i) on (i)","Rao, V. Ramachandra Satyanarayana  Rao, V. Ramachandra   Rao, V. R.S.   Rao, V. R.Satyanarayana","30","5","Indian Institute of Technology Madras","Chennai","India"
"","View last title","","","",""
"","","","","","",""
"670 7006855651 (i) on (i)","Ravindran, Parag  Parag, R.   Ravindran, P.","30","7","Indian Institute of Technology Madras","Chennai","India"
"","View last title","","","",""
"","","","","","",""
"671 57218493487 (i) on (i)","Santhakumar, Sundarm  Santhakumar, S.","30","11","Indian Institute of Technology Madras","Chennai","India"
"","View last title","","","",""
"","","","","","",""
"672 23569830100 (i) on (i)","Shaiju, A. J.  Shaiju, A. J.","30","7","Indian Institute of Technology Madras","Chennai","India"
"","View last title","","","",""
"","","","","","",""
"673 55354185800 (i) on (i)","Shivanna, Ravichandran","30","16","Indian Institute of Technology Madras","Chennai","India"
"","View last title","","","",""
"","","","","","",""
"674 57194233849 (i) on (i)","Singh, Surender  Singh, S.","30","16","Indian Institute of Technology Madras","Chennai","India"
"","View last title","","","",""
"","","","","","",""
"675 6701372824 (i) on (i)","Sivaramakrishnan, V.","30","8","Indian Institute of Technology Madras","Chennai","India"
"","View last title","","","",""
"","","","","","",""
"676 57221056156 (i) on (i)","Subramanian, N. Bala  Subramanian, N.   Subramanian, N. B.","30","11","Indian Institute of Technology Madras","Chennai","India"
"","View last title","","","",""
"","","","","","",""
"677 56304989700 (i) on (i)","Usha, Sruthi Prasood  Usha, Sruthi P.","30","15","Indian Institute of Technology Madras","Chennai","India"
"","View last title","","","",""
"","","","","","",""
"678 57193831401 (i) on (i)","Vijay, K. G.","30","7","Indian Institute of Technology Madras","Chennai","India"
"","View last title","","","",""
"","","","","","",""
"679 6504007618 (i) on (i)","Anantha Subramanian, V.  Subramanian, V. Anantha   Ananthasubramanian, V.   Subramanian, V. A.   Anantha, Subramanian   Anantha Subramanian, V.   Subramanian, V. Ananatha","29","7","Indian Institute of Technology Madras","Chennai","India"
"","View last title","","","",""
"","","","","","",""
"680 57195644350 (i) on (i)","Basith, A. K.","29","4","Indian Institute of Technology Madras","Chennai","India"
"","View last title","","","",""
"","","","","","",""
"681 6602510944 (i) on (i)","Chandramohan, Sujatha  Chandramohan, S.","29","6","Indian Institute of Technology Madras","Chennai","India"
"","View last title","","","",""
"","","","","","",""
"682 55476996300 (i) on (i)","Das, Shyama Prasad  Das, S. P.","29","7","Indian Institute of Technology Madras","Chennai","India"
"","View last title","","","",""
"","","","","","",""
"683 57198308206 (i) on (i)","Dua, Arti  Dua, A.","29","12","Indian Institute of Technology Madras","Chennai","India"
"","View last title","","","",""
"","","","","","",""
"684 57202546611 (i) on (i)","K. B., Devika  Devika, K. B.   Devika, Koonthalakadu B.","29","7","Indian Institute of Technology Madras","Chennai","India"
"","View last title","","","",""
"","","","","","",""
"685 22634852200 (i) on (i)","Kundu, Shankhamala  Kundu, S.","29","21","Indian Institute of Technology Madras","Chennai","India"
"","View last title","","","",""
"","","","","","",""
"686 36642480000 (i) on (i)","Kushwaha, Omkar Singh  Singh, Omkar   Kushwaha, Omkar S.","29","14","Indian Institute of Technology Madras","Chennai","India"
"","View last title","","","",""
"","","","","","",""
"687 6603116536 (i) on (i)","Muthuveerappan, G.","29","13","Indian Institute of Technology Madras","Chennai","India"
"","View last title","","","",""
"","","","","","",""
"688 25522226600 (i) on (i)","Nasre, Meghana","29","8","Indian Institute of Technology Madras","Chennai","India"
"","View last title","","","",""
"","","","","","",""
"689 6603692953 (i) on (i)","Neelakantan, N. R.","29","17","Indian Institute of Technology Madras","Chennai","India"
"","View last title","","","",""
"","","","","","",""
"690 57192539878 (i) on (i)","Purohit, Kuldeep  Purpohit, Kuldeep","29","15","Indian Institute of Technology Madras","Chennai","India"
"","View last title","","","",""
"","","","","","",""
"691 6603473182 (i) on (i)","Rajappa, Nanguneri R.  RAJAPPA, N. R.   rajappa, N. R.   Rajappa, N. R.","29","6","Indian Institute of Technology Madras","Chennai","India"
"","View last title","","","",""
"","","","","","",""
"692 7202665699 (i) on (i)","Roy, Kallol  Roy, K.","29","9","Indian Institute of Technology Madras","Chennai","India"
"","View last title","","","",""
"","","","","","",""
"693 55316171300 (i) on (i)","Som, Anirban","29","13","Indian Institute of Technology Madras","Chennai","India"
"","View last title","","","",""
"","","","","","",""
"694 57208159077 (i) on (i)","Srinivasan, Kasthrirengan  Srinivasan, K.","29","15","Indian Institute of Technology Madras","Chennai","India"
"","View last title","","","",""
"","","","","","",""
"695 22959097500 (i) on (i)","Vinod Selvaganesh, Sivasuriyanarayanan  Selvaganesh, Sivasuriyanarayanan Vinod   Vinod Selvaganesh, S.   Selvaganesh, S. Vinod","29","12","Indian Institute of Technology Madras","Chennai","India"
"","View last title","","","",""
"","","","","","",""
"696 7004645439 (i) on (i)","Bhaskaran, K. A.","28","10","Indian Institute of Technology Madras","Chennai","India"
"","View last title","","","",""
"","","","","","",""
"697 7003386985 (i) on (i)","Coulter, Norman A.  Coulter, N. A.   Coulter, Norman A.   COULTER, N. A.","28","8","Indian Institute of Technology Madras","Chennai","India"
"","View last title","","","",""
"","","","","","",""
"698 7003610105 (i) on (i)","Lakshminarayana, K.","28","6","Indian Institute of Technology Madras","Chennai","India"
"","View last title","","","",""
"","","","","","",""
"699 8519236300 (i) on (i)","Marathe, Rahul Ratnakar  Marathe, Rahul   Marathe, R. R.   Marathe, Rahul R.","28","10","Indian Institute of Technology Madras","Chennai","India"
"","View last title","","","",""
"","","","","","",""
"700 57203129740 (i) on (i)","Narayan, S. P.Atul  Narayan, S. P.A.   Narayan, S. P.Atul   Atul Narayan, S. P.   Narayan, Atul","28","7","Indian Institute of Technology Madras","Chennai","India"
"","View last title","","","",""
"","","","","","",""
"701 7102577812 (i) on (i)","Philip, P. K.","28","14","Indian Institute of Technology Madras","Chennai","India"
"","View last title","","","",""
"","","","","","",""
"702 23980918500 (i) on (i)","Ponrasu, Thangavel  Ponrasu, T.   Thangavel, Ponrasu","28","16","Indian Institute of Technology Madras","Chennai","India"
"","View last title","","","",""
"","","","","","",""
"703 56686086700 (i) on (i)","Rajesh, G.  Rajesh, G.   Gopalapillai, Rajesh","28","9","Indian Institute of Technology Madras","Chennai","India"
"","View last title","","","",""
"","","","","","",""
"704 55967895900 (i) on (i)","Sahu, Santosh Kumar  Sahu, Santosh K.   Kumar Sahu, Santosh","28","5","Indian Institute of Technology Madras","Chennai","India"
"","View last title","","","",""
"","","","","","",""
"705 55417648400 (i) on (i)","Shukla, Ajay Kumar  Shukla, A. K.   Shukla, A.   Shukla, Ajay K.","28","8","Indian Institute of Technology Madras","Chennai","India"
"","View last title","","","",""
"","","","","","",""
"706 57014891800 (i) on (i)","Sivaramakrishnan, K. C.  Sivaramakrishnan, K. C.","28","10","Tarides","Chennai","India"
"","View last title","","","",""
"","","","","","",""
"707 57209046999 (i) on (i)","Sundara, Ramaprabhu","28","9","Indian Institute of Technology Madras","Chennai","India"
"","View last title","","","",""
"","","","","","",""
"708 7003946238 (i) on (i)","Tripathy, Prasanta K.  Tripathy, Prasanta K.","28","9","Indian Institute of Technology Madras","Chennai","India"
"","View last title","","","",""
"","","","","","",""
"709 57212696909 (i) on (i)","Ghosh, Prasanjit","27","12","Indian Institute of Technology Madras","Chennai","India"
"","View last title","","","",""
"","","","","","",""
"710 55939223900 (i) on (i)","Jana, Sourav Kanti  Jana, S.   Jana, S. K.","27","11","Indian Institute of Technology Madras","Chennai","India"
"","View last title","","","",""
"","","","","","",""
"711 8682127400 (i) on (i)","Jayanthan, A. V.       Jayanthan, A. V.   JAYANTHAN, A. V.","27","9","Indian Institute of Technology Madras","Chennai","India"
"","View last title","","","",""
"","","","","","",""
"712 57060277600 (i) on (i)","Khatun, Nasima","27","7","Indian Institute of Technology Madras","Chennai","India"
"","View last title","","","",""
"","","","","","",""
"713 7201644953 (i) on (i)","Krishnan, Subramaniam  Krishnan, S.","27","8","Indian Institute of Technology Madras","Chennai","India"
"","View last title","","","",""
"","","","","","",""
"714 7004599938 (i) on (i)","Krishnaswamy, N. R.","27","13","Indian Institute of Technology Madras","Chennai","India"
"","View last title","","","",""
"","","","","","",""
"715 57224333734 (i) on (i)","Mondal, Biswajit  Mondal, Biswajt","27","10","Indian Institute of Technology Madras","Chennai","India"
"","View last title","","","",""
"","","","","","",""
"716 57194552705 (i) on (i)","Nag, Abhijit","27","13","Indian Institute of Technology Madras","Chennai","India"
"","View last title","","","",""
"","","","","","",""
"717 36886652300 (i) on (i)","Ramanujam, T. K.","27","13","Indian Institute of Technology Madras","Chennai","India"
"","View last title","","","",""
"","","","","","",""
"718 6701718898 (i) on (i)","Ramji Rao, R.","27","6","Indian Institute of Technology Madras","Chennai","India"
"","View last title","","","",""
"","","","","","",""
"719 57190866250 (i) on (i)","Roshan, H. Md  Roshan, H. M.","27","6","Defence Metallurgical Research Lab India","Hyderabad","India"
"","View last title","","","",""
"","","","","","",""
"720 55850870600 (i) on (i)","Shu, Guanghua  Shu, G.","27","11","Indian Institute of Technology Madras","Chennai","India"
"","View last title","","","",""
"","","","","","",""
"721 57204369664 (i) on (i)","Sreenivasa Kumar, P.  Puligundla, Sreenivasa Kumar","27","8","Indian Institute of Technology Madras","Chennai","India"
"","View last title","","","",""
"","","","","","",""
"722 6505979605 (i) on (i)","Sudhadevi Antharjanam, P. K.  Antharjanam, P. K.S.   Antharjanam, P. K.Sudhadevi","27","12","Indian Institute of Technology Madras","Chennai","India"
"","View last title","","","",""
"","","","","","",""
"723 56324641100 (i) on (i)","Umeshbabu, Ediga","27","18","Helmholtz-Institut Ulm","Ulm","Germany"
"","View last title","","","",""
"","","","","","",""
"724 6602181539 (i) on (i)","Veluswami, M. A.","27","10","Indian Institute of Technology Madras","Chennai","India"
"","View last title","","","",""
"","","","","","",""
"725 7005644013 (i) on (i)","Babu, Myneni Sukesh  Babu, M. Sukesh   Babu, M.","26","4","Indian Institute of Technology Madras","Chennai","India"
"","View last title","","","",""
"","","","","","",""
"726 36069116200 (i) on (i)","Boby, Riby Abraham  Boby, R. A.","26","7","Indian Institute of Technology Madras","Chennai","India"
"","View last title","","","",""
"","","","","","",""
"727 57014867400 (i) on (i)","Dana, Suman","26","14","Indian Institute of Technology Madras","Chennai","India"
"","View last title","","","",""
"","","","","","",""
"728 6603710867 (i) on (i)","Kalpakam, S.","26","11","Indian Institute of Technology Madras","Chennai","India"
"","View last title","","","",""
"","","","","","",""
"729 55342406300 (i) on (i)","Kumar, Satendra Anand  Kumar, S.   Kumar, Satendra   Kumar, S. Anand   Kumar, S. A.","26","15","Indian Institute of Technology Madras","Chennai","India"
"","View last title","","","",""
"","","","","","",""
"730 36175062800 (i) on (i)","Mandayam, Prabha  Mandayam, P.","26","7","Indian Institute of Technology Madras","Chennai","India"
"","View last title","","","",""
"","","","","","",""
"731 6507372869 (i) on (i)","Mokkapati, Ramakrishna  Mokkapati, R.   Ramakrishna, M.","26","6","Indian Institute of Technology Madras","Chennai","India"
"","View last title","","","",""
"","","","","","",""
"732 15124402700 (i) on (i)","Natrajan, Vinay Kumar  Natrajan, V.   Natrajan, Vinay   Natrajan, V. K.   Natrajan, Vinay K.","26","9","Indian Institute of Technology Madras","Chennai","India"
"","View last title","","","",""
"","","","","","",""
"733 55393469300 (i) on (i)","Patra, Tarak K.  Patra, T. K.   Patra, Tarak","26","11","Indian Institute of Technology Madras","Chennai","India"
"","View last title","","","",""
"","","","","","",""
"734 55996167800 (i) on (i)","Roy, Anubhab  Roy, A.","26","6","Indian Institute of Technology Madras","Chennai","India"
"","View last title","","","",""
"","","","","","",""
"735 55584107500 (i) on (i)","Sadhukhan, Deboleena  Sadhukhan, D.   sadhukhan, Deboleena","26","7","Indian Institute of Technology Madras","Chennai","India"
"","View last title","","","",""
"","","","","","",""
"736 7403239647 (i) on (i)","Sarkar, Sabita  Sarkar, S.","26","10","Indian Institute of Technology Madras","Chennai","India"
"","View last title","","","",""
"","","","","","",""
"737 7005184205 (i) on (i)","Subramaniam, K.  Subramaniam, Kuppuswamy   Subramaniam, K.","26","13","Indian Institute of Technology Madras","Chennai","India"
"","View last title","","","",""
"","","","","","",""
"738 6602102645 (i) on (i)","Venkataseshaiah, C.","26","6","Indian Institute of Technology Madras","Chennai","India"
"","View last title","","","",""
"","","","","","",""
"739 16426384300 (i) on (i)","Vijayaraghavalu, Sivakumar  SivaKumar, V.   Vijayraghavalu, Sivakumar   Sivakumar, V.","26","12","Indian Institute of Technology Madras","Chennai","India"
"","View last title","","","",""
"","","","","","",""
"740 55656572400 (i) on (i)","Adlakha, Ilaksh  Adlakha, I.","25","12","Indian Institute of Technology Madras","Chennai","India"
"","View last title","","","",""
"","","","","","",""
"741 57200417567 (i) on (i)","Ahuja, Tripti","25","11","Indian Institute of Technology Madras","Chennai","India"
"","View last title","","","",""
"","","","","","",""
"742 8868581700 (i) on (i)","Banerjee, Satarupa  Bannerjee, Satarupa   Banerjee, S.","25","6","Indian Institute of Technology Madras","Chennai","India"
"","View last title","","","",""
"","","","","","",""
"743 36697637100 (i) on (i)","Chaudhari, Kamalesh  Chaudhari, K.","25","13","International Centre for Clean Water","Chennai","India"
"","View last title","","","",""
"","","","","","",""
"744 6507907392 (i) on (i)","Chilukuri, Bhargava Rama  Chilukuri, B. R.   Chilukuni, Bhargava Rama   Chilukuri, Bhargava R.   Chilukuri, Bargavarama   Chilukuri, Bhargava","25","7","Indian Institute of Technology Madras","Chennai","India"
"","View last title","","","",""
"","","","","","",""
"745 56278665100 (i) on (i)","Chowdhuri, Angshuman Ray  Chowdhuri, A. R.","25","19","Indian Institute of Technology Madras","Chennai","India"
"","View last title","","","",""
"","","","","","",""
"746 57191885734 (i) on (i)","Divyapriya, Govindaraj  Divyapriya, G.","25","15","Indian Institute of Technology Madras","Chennai","India"
"","View last title","","","",""
"","","","","","",""
"747 56282561500 (i) on (i)","Jagannatham, M.","25","12","Indian Institute of Technology Madras","Chennai","India"
"","View last title","","","",""
"","","","","","",""
"748 54402963800 (i) on (i)","Jaiswal, Nandini","25","13","Indian Institute of Technology Madras","Chennai","India"
"","View last title","","","",""
"","","","","","",""
"749 57217795173 (i) on (i)","Jayachandran, S. Arul  Jayachandran, Arul S.   Jayachandran, Arul","25","3","Indian Institute of Technology Madras","Chennai","India"
"","View last title","","","",""
"","","","","","",""
"750 55694099300 (i) on (i)","Kalaimani, Rachel Kalpana  Kalaimani, Rachel   K Kalpana, Rachel   Kalaimani, Rachel K.","25","4","Indian Institute of Technology Madras","Chennai","India"
"","View last title","","","",""
"","","","","","",""
"751 36907472200 (i) on (i)","Kurian, Nainan P.  Kurian, N. P.","25","5","Karunya Institute of Technology and Sciences","Coimbatore","India"
"","View last title","","","",""
"","","","","","",""
"752 57194272106 (i) on (i)","Kurien, Caneon  Kurein, Caneon","25","10","Indian Institute of Technology Madras","Chennai","India"
"","View last title","","","",""
"","","","","","",""
"753 7003783551 (i) on (i)","Lalitha, Kalyanaraman  Lalitha, K.","25","9","Indian Institute of Technology Madras","Chennai","India"
"","View last title","","","",""
"","","","","","",""
"754 56156123500 (i) on (i)","Mallesh, Shanigaram  Mallesh, S.","25","9","Indian Institute of Technology Madras","Chennai","India"
"","View last title","","","",""
"","","","","","",""
"755 6603897635 (i) on (i)","Manam, S. R.  Manam, S. R.   Manam, Srinivasa R.","25","9","Indian Institute of Technology Madras","Chennai","India"
"","View last title","","","",""
"","","","","","",""
"756 57203049974 (i) on (i)","Murali, Kantharaj  Murali, K.","25","4","Indian Institute of Technology Madras","Chennai","India"
"","View last title","","","",""
"","","","","","",""
"757 36195254200 (i) on (i)","Narayanaswamy, Krithika  Narayanaswamy, K.","25","7","Indian Institute of Technology Madras","Chennai","India"
"","View last title","","","",""
"","","","","","",""
"758 57200602132 (i) on (i)","Raja, Murugan  Raja, M.","25","15","Indian Institute of Technology Madras","Chennai","India"
"","View last title","","","",""
"","","","","","",""
"759 56540012800 (i) on (i)","Sandupatla, Abhinay  Sandupatla, A.   Abhinay, S. V.   Abhinay, S.","25","6","Indian Institute of Technology Madras","Chennai","India"
"","View last title","","","",""
"","","","","","",""
"760 16527297100 (i) on (i)","Shankara, T. S.","25","4","Indian Institute of Technology Madras","Chennai","India"
"","View last title","","","",""
"","","","","","",""
"761 7006712180 (i) on (i)","Sinha, Himanshu  Sinha, H.","25","13","Indian Institute of Technology Madras","Chennai","India"
"","View last title","","","",""
"","","","","","",""
"762 7403993238 (i) on (i)","Sridhara Rao, G. Sridhara  Rao, G. Sridhara   Rao, G. S.   Sridhara Rao, G.   Sridhara RAO, G.","25","5","Indian Institute of Technology Madras","Chennai","India"
"","View last title","","","",""
"","","","","","",""
"763 57218719401 (i) on (i)","Srinivasa Chakravarthy, V.","25","5","Indian Institute of Technology Madras","Chennai","India"
"","View last title","","","",""
"","","","","","",""
"764 6603633983 (i) on (i)","Thandaveswara, Basavapatna Srikantia  THANDAVESWARA, B. S.   Thandaveswara, B. S.","25","7","Indian Institute of Technology Madras","Chennai","India"
"","View last title","","","",""
"","","","","","",""
"765 54406473500 (i) on (i)","Chakrabarti, Bhaswar  Chakrabarti, B.","24","11","Indian Institute of Technology Madras","Chennai","India"
"","View last title","","","",""
"","","","","","",""
"766 56519548600 (i) on (i)","Choudhuri, Samir","24","8","Indian Institute of Technology Madras","Chennai","India"
"","View last title","","","",""
"","","","","","",""
"767 8611470900 (i) on (i)","Dey, Arijit  Dey, A.   DEY, ARIJIT","24","3","Indian Institute of Technology Madras","Chennai","India"
"","View last title","","","",""
"","","","","","",""
"768 34970982000 (i) on (i)","Dubey, Shruti","24","5","Indian Institute of Technology Madras","Chennai","India"
"","View last title","","","",""
"","","","","","",""
"769 57218581554 (i) on (i)","Gorantla, Sai Manoj N.V.T.  Gorantla, Sai Manoj N.V.T.","24","5","Indian Institute of Technology Madras","Chennai","India"
"","View last title","","","",""
"","","","","","",""
"770 57206494195 (i) on (i)","Gupta, Pallavi","24","11","Indian Institute of Technology Madras","Chennai","India"
"","View last title","","","",""
"","","","","","",""
"771 57204774497 (i) on (i)","Joshi, Raviraj Bhuminand  Joshi, Ravirai   Joshi, Raviraj","24","5","L3Cube","Pune","India"
"","View last title","","","",""
"","","","","","",""
"772 7004360830 (i) on (i)","KrishnaKumar, Ramarathnam  Krishnakumar, R.   Krishnakumar, Ramarathnam   KrishnaKumar, R.","24","7","Indian Institute of Technology Madras","Chennai","India"
"","View last title","","","",""
"","","","","","",""
"773 36968112800 (i) on (i)","Linslal, C. L.  Linslal, C. L.","24","7","Indian Institute of Technology Madras","Chennai","India"
"","View last title","","","",""
"","","","","","",""
"774 57194726348 (i) on (i)","Mulay, Shantanu Shashikant  Mulay, Shantanu   Mulay, Shantanu S.","24","8","Indian Institute of Technology Madras","Chennai","India"
"","View last title","","","",""
"","","","","","",""
"775 18042428400 (i) on (i)","Murugan, Senthil  Murugan, M. Senthil   Murugan, M. S.","24","12","Indian Institute of Technology Madras","Chennai","India"
"","View last title","","","",""
"","","","","","",""
"776 6603654877 (i) on (i)","Mylrajan, Muthusamy  Mylrajan, M.   Mylrajan, Methusamy","24","11","Indian Institute of Technology Madras","Chennai","India"
"","View last title","","","",""
"","","","","","",""
"777 57201211805 (i) on (i)","Paramasivam, Ganesan","24","11","Indian Institute of Technology Madras","Chennai","India"
"","View last title","","","",""
"","","","","","",""
"778 35238121300 (i) on (i)","Prabhawathi, Veluchamy  Prabhawathi, V.   Veluchamy, Prabhawathi","24","12","Indian Institute of Technology Madras","Chennai","India"
"","View last title","","","",""
"","","","","","",""
"779 57211565403 (i) on (i)","Raman, Subramanian  Raman, S.","24","7","Indian Institute of Technology Madras","Chennai","India"
"","View last title","","","",""
"","","","","","",""
"780 57442740500 (i) on (i)","Rao, Gangolu Appa  Srinivasa Rao, G.   Rao, G. Appa","24","7","Indian Institute of Technology Madras","Chennai","India"
"","View last title","","","",""
"","","","","","",""
"781 57207417364 (i) on (i)","Rao, M. V.Chalapathy  Rao, M. V.C.   Rao, M. V.","24","3","Indian Institute of Technology Madras","Chennai","India"
"","View last title","","","",""
"","","","","","",""
"782 56841277200 (i) on (i)","Rath, Martando  Rath, Marthando","24","7","Indian Institute of Technology Madras","Chennai","India"
"","View last title","","","",""
"","","","","","",""
"783 6506486044 (i) on (i)","Suganya, Sivalingam  Suganya, S.","24","15","Indian Institute of Technology Madras","Chennai","India"
"","View last title","","","",""
"","","","","","",""
"784 35301055300 (i) on (i)","Tripathy, Jyotirmaya","24","4","Indian Institute of Technology Madras","Chennai","India"
"","View last title","","","",""
"","","","","","",""
"785 56073730600 (i) on (i)","Warriem, Jayakrishnan Madathil  Warriem, Jayakrishnan   Warriem, Jayakrishnan M.   Madathil Warriem, Jayakrishnan","24","6","Indian Institute of Technology Madras","Chennai","India"
"","View last title","","","",""
"","","","","","",""
"786 57198359920 (i) on (i)","Amit, R. K.  Amit, R. K.","23","9","Indian Institute of Technology Madras","Chennai","India"
"","View last title","","","",""
"","","","","","",""
"787 23970095000 (i) on (i)","Bajpai, Saumendra Kumar  Bajpai, S.   Bajpai, Saumendra   Bajpai, Saumendra K.","23","11","Indian Institute of Technology Madras","Chennai","India"
"","View last title","","","",""
"","","","","","",""
"788 57218540826 (i) on (i)","Balaraman, K. S.  Balaraman, K.","23","9","Indian Institute of Technology Madras","Chennai","India"
"","View last title","","","",""
"","","","","","",""
"789 22633591900 (i) on (i)","Baskar, Ramamurthy  Baskar, R.   Baskar, Ramarmurthy","23","12","Indian Institute of Technology Madras","Chennai","India"
"","View last title","","","",""
"","","","","","",""
"790 57193622024 (i) on (i)","Chandra, Venu  Chandra, V.","23","6","Indian Institute of Technology Madras","Chennai","India"
"","View last title","","","",""
"","","","","","",""
"791 57212307930 (i) on (i)","Devadula, Sivasrinivasu  Srinivasu, D. S.   Srinivasu, Devadula","23","10","Indian Institute of Technology Madras","Chennai","India"
"","View last title","","","",""
"","","","","","",""
"792 6506401404 (i) on (i)","Dumpuri, Prashanth  Dumpuri, P.","23","11","Indian Institute of Technology Madras","Chennai","India"
"","View last title","","","",""
"","","","","","",""
"793 37013040500 (i) on (i)","Dyaram, Lata  Dyaram, L.","23","6","Indian Institute of Technology Madras","Chennai","India"
"","View last title","","","",""
"","","","","","",""
"794 26323557900 (i) on (i)","Ganesh, Arvind C.  Ganesh, Arvind   Ganesh, A.","23","17","Indian Institute of Technology Madras","Chennai","India"
"","View last title","","","",""
"","","","","","",""
"795 57216493630 (i) on (i)","Kanti, Praveen Kumar  Kanti, Praveen","23","10","Indian Institute of Technology Madras","Chennai","India"
"","View last title","","","",""
"","","","","","",""
"796 7201717397 (i) on (i)","Kesavan Nair, P.  Nair, P. Kesavan   Nair, P. K.","23","12","Indian Institute of Technology Madras","Chennai","India"
"","View last title","","","",""
"","","","","","",""
"797 56667072800 (i) on (i)","Kondagunta, Gopal Veeraraghavan  Gopal, Kondagunta Veeraraghavan Nagendra   Nagendra Gopal, K. V.   Gopal, KV Nagendra   Gopal, K. V.Nagendra   Gopal, Nagendra K.V.   Kondagunta, Gopal   Gopal, K.   Gopal, K. V.N.","23","10","Indian Institute of Technology Madras","Chennai","India"
"","View last title","","","",""
"","","","","","",""
"798 7003356959 (i) on (i)","Kumaraswamy, Sivasailam  KUMARASWAMY, S.   Kumaraswamy, S.","23","5","Indian Institute of Technology Madras","Chennai","India"
"","View last title","","","",""
"","","","","","",""
"799 56648116600 (i) on (i)","Makaram, Navaneethakrishna  NavaneethaKrishna, M.   Navaneethakrishna, M.   Makaram, N.","23","6","Indian Institute of Technology Madras","Chennai","India"
"","View last title","","","",""
"","","","","","",""
"800 37020579300 (i) on (i)","Meena, Anil  Meena, A.","23","8","Indian Institute of Technology Madras","Chennai","India"
"","View last title","","","",""
"","","","","","",""