"Result Number","Author","Documents","h-index          Author metrics Scopus is adding an array of metrics for researchers. As an initial step, the h-index has been added.  The h-graph is one way of displaying and comparing the productivity and impact of published work of scholars. It should only be used together with a mix of quantitative and qualitative metrics.  More metrics will be added in the course of the year.","Affiliation","City","Country/Territory"
"1 57221973593 (i) on (i)","Kumar, Ajay  Kumar, A.   Kumar, A. Vinod   Kumar, A. V.   kumar, Ajay","589","45","Indian Institute of Technology Mandi","Mandi","India"
"","View last title","","","",""
"","","","","","",""
"2 20735390600 (i) on (i)","Vaish, Rahul  Vaish, R.","295","33","Indian Institute of Technology Mandi","Mandi","India"
"","View last title","","","",""
"","","","","","",""
"3 6701522952 (i) on (i)","Behera, Laxmidhar  Behera, Laxmidar   Behera, Laxmidher   Behera, L.","283","28","Indian Institute of Technology Mandi","Mandi","India"
"","View last title","","","",""
"","","","","","",""
"4 7005545190 (i) on (i)","Gonsalves, Kenneth E.  Gonsalves, K.   E.gonsalves, Kenneth   Gonsalves, Ken   Gonsalves, Kenneth   Gonsalves, K. E.","228","34","Indian Institute of Technology Mandi","Mandi","India"
"","View last title","","","",""
"","","","","","",""
"5 9637731400 (i) on (i)","Kumar, Pradeep Sai Anil  Kumar, P.   Kumar, Pradeep   Kumar, P. Sai   Kumar, P. S.   Kumar, Prabhash","192","30","Indian Institute of Technology Mandi","Mandi","India"
"","View last title","","","",""
"","","","","","",""
"6 23097893400 (i) on (i)","Jain, Sathish Chandra  Jain, Satish   Jain, Satish Chandra   Jain, Sathish   Jain, S. C.   Jain, Satish C.","183","33","Indian Institute of Technology Mandi","Mandi","India"
"","View last title","","","",""
"","","","","","",""
"7 57307538900 (i) on (i)","Kumar, Amit  Kumar, A.","169","19","Indian Institute of Technology Mandi","Mandi","India"
"","View last title","","","",""
"","","","","","",""
"8 55247071500 (i) on (i)","Krishnan, Venkata  Krishnan, V.","163","41","Indian Institute of Technology Mandi","Mandi","India"
"","View last title","","","",""
"","","","","","",""
"9 23024059000 (i) on (i)","Abbas, Syed  Abbas, S.","155","22","Indian Institute of Technology Mandi","Mandi","India"
"","View last title","","","",""
"","","","","","",""
"10 6506204059 (i) on (i)","Rajpurohit, Bharat Singh  Rajpurohit, Bharat S.   Singh, Bharat   Rajpurohit, B. S.","155","15","Indian Institute of Technology Mandi","Mandi","India"
"","View last title","","","",""
"","","","","","",""
"11 57217697345 (i) on (i)","Kumar, Rajeev Suresh  Kumar, Rajeev   Kumar, R. Suresh   Kumar, R.","153","21","Indian Institute of Technology Mandi","Mandi","India"
"","View last title","","","",""
"","","","","","",""
"12 7402322460 (i) on (i)","Ray, Subrata  Ray, Subrat   Ray, S.","142","32","Indian Institute of Technology Mandi","Mandi","India"
"","View last title","","","",""
"","","","","","",""
"13 35187189600 (i) on (i)","Kashyap, Arti  Arti, Kashyap   Kashyap, A.","117","20","Indian Institute of Technology Mandi","Mandi","India"
"","View last title","","","",""
"","","","","","",""
"14 50861144500 (i) on (i)","Doddamani, M.  Doddamani, Mrityunajy   Doddamani, Mrityunjay   Doddamani, M.   Mrityunjay, Doddamani   Doddamani, Mrityunjay R.   Doddamani, M. R.","116","25","Indian Institute of Technology Mandi","Mandi","India"
"","View last title","","","",""
"","","","","","",""
"15 7004513260 (i) on (i)","Oruganti, Ramesh  Oruganti, R.   Oruganti, Rames   Ramesh, O.","115","28","Indian Institute of Technology Mandi","Mandi","India"
"","View last title","","","",""
"","","","","","",""
"16 55734227300 (i) on (i)","Sharma, Satinder Kumar  Shrama, Satinder K.   Sharma, S. K.   Sharma, Satinder   Sharma, Satinder K.","115","19","Indian Institute of Technology Mandi","Mandi","India"
"","View last title","","","",""
"","","","","","",""
"17 7004031702 (i) on (i)","VijayRaghavan, Krishnaswamy V.  VijayRaghavan, K.   Vijay Raghavan, K.   Vijayraghavan, Krishnaswamy   VijayRaghavan, Krishnaswamy   Raghavan, K. V.   VijayRaghavan, K. V.   Raghavan, K. Vijay   Vijayraghavan, K.","106","35","Indian Institute of Technology Mandi","Mandi","India"
"","View last title","","","",""
"","","","","","",""
"18 22234710100 (i) on (i)","Pandey, Sudhir K.  Pandey, Sudhir K.   Pandey, Sudhir Kumar   Pandey, S. K.","105","20","Indian Institute of Technology Mandi","Mandi","India"
"","View last title","","","",""
"","","","","","",""
"19 25521421900 (i) on (i)","Bhavsar, Arnav V.  Bhavsar, Arnav   Bhavsar, Atnav   Bhavsar, A. V.   Bhavsar, A.   Bhavasar, Arnav","102","13","Indian Institute of Technology Mandi","Mandi","India"
"","View last title","","","",""
"","","","","","",""
"20 57193984829 (i) on (i)","Pradeep, Chullikkattil P.  Pradeep, Chullikkattill P.   Pradeep, Chullikkattil   Pradeep, Chullikkattil P.","101","25","Indian Institute of Technology Mandi","Mandi","India"
"","View last title","","","",""
"","","","","","",""
"21 25651484700 (i) on (i)","Dhar, Atul  Dhar, A.","97","24","Indian Institute of Technology Mandi","Mandi","India"
"","View last title","","","",""
"","","","","","",""
"22 36027094500 (i) on (i)","Nigam, Aditya","96","16","Indian Institute of Technology Mandi","Mandi","India"
"","View last title","","","",""
"","","","","","",""
"23 23134687300 (i) on (i)","Chowdhury, Shubhajit Roy  Roy Chowdhury, Shubhajit   Chowdhury, S. Roy   Chowdhury, Shubhaiit Roy","91","15","Indian Institute of Technology Mandi","Mandi","India"
"","View last title","","","",""
"","","","","","",""
"24 35955837900 (i) on (i)","Dutt, Varun","87","10","Indian Institute of Technology Mandi","Mandi","India"
"","View last title","","","",""
"","","","","","",""
"25 7202364010 (i) on (i)","Nigam, Sumant  Nigam, S.","86","43","University of Maryland, College Park","College Park","United States"
"","View last title","","","",""
"","","","","","",""
"26 54379979000 (i) on (i)","Giri, Rajanish  Giri, R.","81","19","Indian Institute of Technology Mandi","Mandi","India"
"","View last title","","","",""
"","","","","","",""
"27 57199380523 (i) on (i)","Ghosh, Subrata","79","18","Indian Institute of Technology Mandi","Mandi","India"
"","View last title","","","",""
"","","","","","",""
"28 34879934100 (i) on (i)","Jain, Tushar","79","11","Indian Institute of Technology Mandi","Mandi","India"
"","View last title","","","",""
"","","","","","",""
"29 13103717000 (i) on (i)","Siril, Prem Felix  Siril, P. F.   Siril, Prem   Siril, Preni Felix   Felix, S. P.   Felix, Prem S.   Siril, Prem F.   Felix, S. Prem","78","31","Indian Institute of Technology Mandi","Mandi","India"
"","View last title","","","",""
"","","","","","",""
"30 35099148100 (i) on (i)","Mukherjee, Kaustav  Mukherjee, K.","77","13","Indian Institute of Technology Mandi","Mandi","India"
"","View last title","","","",""
"","","","","","",""
"31 57749130800 (i) on (i)","Sharma, Amit Kumar  Sharma, Amit   Sharma, Amit K.   Sharma, A. K.   Sharma, A.","76","20","Indian Institute of Technology Mandi","Mandi","India"
"","View last title","","","",""
"","","","","","",""
"32 8140351300 (i) on (i)","Soni, Ajay  Soni, A. B.   Soni, A.","76","21","Indian Institute of Technology Mandi","Mandi","India"
"","View last title","","","",""
"","","","","","",""
"33 24775032400 (i) on (i)","Chauhan, Vishal S.  Chauhan, V. S.   Chauhan, Vishal S.   Chauhan, V.   Chauhan, Vishal   Chauhan, Vishal Singh","75","14","Indian Institute of Technology Mandi","Mandi","India"
"","View last title","","","",""
"","","","","","",""
"34 56956780300 (i) on (i)","Talha, Mohammad  Talha, M.","74","20","Indian Institute of Technology Mandi","Mandi","India"
"","View last title","","","",""
"","","","","","",""
"35 6603050750 (i) on (i)","Nandi, Chayan Kanti  Nandi, Chayan K.   Nandi, C. K.","72","22","Indian Institute of Technology Mandi","Mandi","India"
"","View last title","","","",""
"","","","","","",""
"36 56046953000 (i) on (i)","Singh, Ranbir  Singh, R.","71","24","Indian Institute of Technology Mandi","Mandi","India"
"","View last title","","","",""
"","","","","","",""
"37 56345797700 (i) on (i)","Zafar, Sunny  Zafar, S.","69","16","Indian Institute of Technology Mandi","Mandi","India"
"","View last title","","","",""
"","","","","","",""
"38 6603978340 (i) on (i)","Annachhatre, Ajit Padmakar  Annachhatre, Ajit   Annachhatre, Ajit P.   Annachhatre, A. P.","68","25","Indian Institute of Technology Mandi","Mandi","India"
"","View last title","","","",""
"","","","","","",""
"39 23974630200 (i) on (i)","Dileep, Aroor Dinesh  DIleep, A. D.   Dileep, A. D.   Dinesh, D.   DInesh, DIleep Aroor   Dinesh, Dileep Aroor","68","11","Indian Institute of Technology Mandi","Mandi","India"
"","View last title","","","",""
"","","","","","",""
"40 35224304000 (i) on (i)","Yadav, Chandra S.  Yadav, C. S.","66","13","Indian Institute of Technology Mandi","Mandi","India"
"","View last title","","","",""
"","","","","","",""
"41 57190278546 (i) on (i)","Pal, Suman Kalyan  Pal, S. K.   Pal, Suman K.   Kalyan Pal, Suman","65","18","Indian Institute of Technology Mandi","Mandi","India"
"","View last title","","","",""
"","","","","","",""
"42 56823168200 (i) on (i)","Halder, Aditi  Halder, A.","64","20","Indian Institute of Technology Mandi","Mandi","India"
"","View last title","","","",""
"","","","","","",""
"43 57221328099 (i) on (i)","Pathak, Himanshu","63","14","Indian Institute of Technology Mandi","Mandi","India"
"","View last title","","","",""
"","","","","","",""
"44 6701390407 (i) on (i)","Gonsalves, Timothy A.  Gonsalves, T. A.   Gonsalves, Timothy","62","9","Indian Institute of Technology Mandi","Mandi","India"
"","View last title","","","",""
"","","","","","",""
"45 44661873500 (i) on (i)","Shrimali, Hitesh  Shrimali, H.","57","8","Indian Institute of Technology Mandi","Mandi","India"
"","View last title","","","",""
"","","","","","",""
"46 57204796656 (i) on (i)","Sharma, Moolchand  Sharma, Manish","56","17","Indian Institute of Technology Mandi","Mandi","India"
"","View last title","","","",""
"","","","","","",""
"47 55491983600 (i) on (i)","Gupta, Arpan  Gupta, A.","53","10","Indian Institute of Technology Mandi","Mandi","India"
"","View last title","","","",""
"","","","","","",""
"48 55491157400 (i) on (i)","Reddy, G. Shrikanth  Reddy, Gopi Shrikant   Reddy, G. S.   Reddy, G. Shrikanth   Reddy, Gopi Shrikanth   Reddy, Gopi S.","53","8","Indian Institute of Technology Mandi","Mandi","India"
"","View last title","","","",""
"","","","","","",""
"49 37091737500 (i) on (i)","Shrestha, Rahul","52","9","Indian Institute of Technology Mandi","Mandi","India"
"","View last title","","","",""
"","","","","","",""
"50 57193432300 (i) on (i)","Malik, M.  Malik, M.   Malik, Muslim","51","10","Indian Institute of Technology Mandi","Mandi","India"
"","View last title","","","",""
"","","","","","",""
"51 26632508900 (i) on (i)","Ray, Rajendra K.","51","9","Indian Institute of Technology Mandi","Mandi","India"
"","View last title","","","",""
"","","","","","",""
"52 55647866900 (i) on (i)","Tummuru, Narsa Reddy  Reddy, T. Narsa   Reddy, Tummuru N.   Tummuru, N. R.   Tummuru, Narsa R.   Reddy, Tummuru Narsa   Tummuru, Narsa","51","13","Indian Institute of Technology Mandi","Mandi","India"
"","View last title","","","",""
"","","","","","",""
"53 57220723601 (i) on (i)","Prasad, Amit  Prasad, A.","50","19","Indian Institute of Technology Mandi","Mandi","India"
"","View last title","","","",""
"","","","","","",""
"54 26665704400 (i) on (i)","Shukla, Dericks Praise  Shukla, Dericks P.   Shukla, D. P.   Shukla, D.","50","14","Indian Institute of Technology Mandi","Mandi","India"
"","View last title","","","",""
"","","","","","",""
"55 16028727600 (i) on (i)","Mondal, Bhaskar  Mondal, B.","48","17","Indian Institute of Technology Mandi","Mandi","India"
"","View last title","","","",""
"","","","","","",""
"56 55390007800 (i) on (i)","Balakrishnan, Viswanath","46","11","Indian Institute of Technology Mandi","Mandi","India"
"","View last title","","","",""
"","","","","","",""
"57 55672506700 (i) on (i)","Viswanath, B.  Viswanath, B.   Viswanath, Balakrishnan","45","26","Indian Institute of Technology Mandi","Mandi","India"
"","View last title","","","",""
"","","","","","",""
"58 55141858100 (i) on (i)","Powar, Satvasheel","44","15","Indian Institute of Technology Mandi","Mandi","India"
"","View last title","","","",""
"","","","","","",""
"59 7202069224 (i) on (i)","Srivastava, Kailash N.  Srivastava, K. N.   Srivastava, Kailash   Srivastava, K.","44","15","Indian Institute of Technology Mandi","Mandi","India"
"","View last title","","","",""
"","","","","","",""
"60 55575063700 (i) on (i)","Usman, Adil  Usman, A.   Usmam, Adil","44","8","Indian Institute of Technology Mandi","Mandi","India"
"","View last title","","","",""
"","","","","","",""
"61 7201865194 (i) on (i)","Chakraborty, Aniruddha  Chakraborty, Anirudhha","43","7","Indian Institute of Technology Mandi","Mandi","India"
"","View last title","","","",""
"","","","","","",""
"62 57226204925 (i) on (i)","Kumar, Amit Senthil  Kumar, Amit   Kumar, A.   Kumar, A. Senthil","43","19","Indian Institute of Technology Mandi","Mandi","India"
"","View last title","","","",""
"","","","","","",""
"63 57740916400 (i) on (i)","Kumar, Ashish","43","23","Sardar Vallabhbhai Patel Cluster University","Mandi","India"
"","View last title","","","",""
"","","","","","",""
"64 36017796100 (i) on (i)","Thakur, Manoj  Thakur, M.","43","18","Indian Institute of Technology Mandi","Mandi","India"
"","View last title","","","",""
"","","","","","",""
"65 8885872800 (i) on (i)","Bindu, R.","42","11","Indian Institute of Technology Mandi","Mandi","India"
"","View last title","","","",""
"","","","","","",""
"66 37077150300 (i) on (i)","Jaiswal, Amit","42","17","Indian Institute of Technology Mandi","Mandi","India"
"","View last title","","","",""
"","","","","","",""
"67 56495928700 (i) on (i)","Sharma, Anu Rani  Sharma, Arm Rani   Sharma, A. R.  	    Sharma, Anurag   Sharma, Anu","42","19","Indian Institute of Technology Mandi","Mandi","India"
"","View last title","","","",""
"","","","","","",""
"68 57212920973 (i) on (i)","Sharma, Vivek Kumar  Sharma, Vivek K.   Sharma, Vivek","42","6","Indian Institute of Technology Mandi","Mandi","India"
"","View last title","","","",""
"","","","","","",""
"69 57213261864 (i) on (i)","Ghosh, Kunal K.  Ghosh, K. K.   Ghosh, Kunal   Ghosh, K.","40","10","Indian Institute of Technology Mandi","Mandi","India"
"","View last title","","","",""
"","","","","","",""
"70 37054522400 (i) on (i)","Rajan, Padmanabhan  Rajan, P.","40","10","Indian Institute of Technology Mandi","Mandi","India"
"","View last title","","","",""
"","","","","","",""
"71 22034824300 (i) on (i)","Koner, Rik Rani  Koner, R. R.","39","16","Indian Institute of Technology Mandi","Mandi","India"
"","View last title","","","",""
"","","","","","",""
"72 57209136277 (i) on (i)","Kumar, Prateek  Kumar, P.","39","11","Indian Institute of Technology Mandi","Mandi","India"
"","View last title","","","",""
"","","","","","",""
"73 26534841300 (i) on (i)","Pathak, P. K.  Pathak, P.","39","11","Indian Institute of Technology Mandi","Mandi","India"
"","View last title","","","",""
"","","","","","",""
"74 18436546300 (i) on (i)","Dwivedi, Charu  Dwivedi, C.","38","16","Indian Institute of Technology Mandi","Mandi","India"
"","View last title","","","",""
"","","","","","",""
"75 25925959000 (i) on (i)","Masakapalli, Shyam Kumar  Masakapalli, S. K.   Masakapalli, Shyam K.","38","13","Indian Institute of Technology Mandi","Mandi","India"
"","View last title","","","",""
"","","","","","",""
"76 57196036433 (i) on (i)","Kumari, Nitu  Kumari, N.","37","11","Indian Institute of Technology Mandi","Mandi","India"
"","View last title","","","",""
"","","","","","",""
"77 24559562400 (i) on (i)","Mondal, Prosenjit  Mondal, P.","36","12","Indian Institute of Technology Mandi","Mandi","India"
"","View last title","","","",""
"","","","","","",""
"78 57216190323 (i) on (i)","Singh, Ashutosh  Singh, Ashutosh Kumar","36","15","Indian Institute of Technology Mandi","Mandi","India"
"","View last title","","","",""
"","","","","","",""
"79 51763202200 (i) on (i)","Basak, Trayambak  Basak, T.","35","17","Indian Institute of Technology Mandi","Mandi","India"
"","View last title","","","",""
"","","","","","",""
"80 57386079100 (i) on (i)","Kumar, Amit Vanav  Kumar, Amit   Kumar, A.   Kumar, A. Vanav","33","17","Indian Institute of Technology Mandi","Mandi","India"
"","View last title","","","",""
"","","","","","",""
"81 57193489302 (i) on (i)","Saxena, Prateek  Saxena, P.","33","11","Indian Institute of Technology Mandi","Mandi","India"
"","View last title","","","",""
"","","","","","",""
"82 36672019500 (i) on (i)","Sharma, Rahul  Sharma, R.","33","12","Indian Institute of Technology Mandi","Mandi","India"
"","View last title","","","",""
"","","","","","",""
"83 15057295700 (i) on (i)","Varma, Hari R.  Varma, H. R.","33","9","Indian Institute of Technology Mandi","Mandi","India"
"","View last title","","","",""
"","","","","","",""
"84 56566280100 (i) on (i)","Azad, Sarita","32","10","Indian Institute of Technology Mandi","Mandi","India"
"","View last title","","","",""
"","","","","","",""
"85 14009569700 (i) on (i)","Ghosh, Rajesh","32","9","Indian Institute of Technology Mandi","Mandi","India"
"","View last title","","","",""
"","","","","","",""
"86 57220592135 (i) on (i)","Kumar, Sunil","32","14","Indian Institute of Technology Mandi","Mandi","India"
"","View last title","","","",""
"","","","","","",""
"87 56669135400 (i) on (i)","Sarkar, Sayantan","31","16","Indian Institute of Technology Mandi","Mandi","India"
"","View last title","","","",""
"","","","","","",""
"88 56234506500 (i) on (i)","Tripathi, Shweta  Tripathi, S.","30","18","Indian Institute of Technology Mandi","Mandi","India"
"","View last title","","","",""
"","","","","","",""
"89 7004089217 (i) on (i)","Agnihotri, Samar  Agnihotriy, Samar","29","9","Indian Institute of Technology Mandi","Mandi","India"
"","View last title","","","",""
"","","","","","",""
"90 55129332000 (i) on (i)","Kala, Venkata Uday  Uday, K. V.   Uday, Kala Venkat   Uday, Kala Venkata","29","7","Indian Institute of Technology Mandi","Mandi","India"
"","View last title","","","",""
"","","","","","",""
"91 12646824000 (i) on (i)","Muslim, Malikiis  Muslim, M.   Muslim, Malik","29","12","Indian Institute of Technology Mandi","Mandi","India"
"","View last title","","","",""
"","","","","","",""
"92 25633493900 (i) on (i)","Agrawal, Garima  Agrawal, G.","28","15","Indian Institute of Technology Mandi","Mandi","India"
"","View last title","","","",""
"","","","","","",""
"93 57196393419 (i) on (i)","Rao, Chethana Durga  Rao, Chethana   Rao, C. Durga   Rao, C. D.","28","9","Indian Institute of Technology Mandi","Mandi","India"
"","View last title","","","",""
"","","","","","",""
"94 6506964409 (i) on (i)","Ruiz-Barradas, Alfredo  Ruiz-Barradas, A.","28","17","Indian Institute of Technology Mandi","Mandi","India"
"","View last title","","","",""
"","","","","","",""
"95 55696966300 (i) on (i)","Sinha-Ray, Sumit","28","15","Indian Institute of Technology Mandi","Mandi","India"
"","View last title","","","",""
"","","","","","",""
"96 35148496700 (i) on (i)","Thakor, Satyajit","28","6","Indian Institute of Technology Mandi","Mandi","India"
"","View last title","","","",""
"","","","","","",""
"97 57207173516 (i) on (i)","Sharma, Girish  Sharma, G.","27","10","Indian Institute of Technology Mandi","Mandi","India"
"","View last title","","","",""
"","","","","","",""
"98 57201926000 (i) on (i)","Srinivasan, Srikant  Srinivasan, S.","27","10","Indian Institute of Technology Mandi","Mandi","India"
"","View last title","","","",""
"","","","","","",""
"99 7005780279 (i) on (i)","Prakash, Tulika","26","12","Indian Institute of Technology Mandi","Mandi","India"
"","View last title","","","",""
"","","","","","",""
"100 55918695400 (i) on (i)","Saha, Sandip Kumar  Saha, S. K.   Saha, Sandip K.","26","10","Indian Institute of Technology Mandi","Mandi","India"
"","View last title","","","",""
"","","","","","",""
"101 56857082400 (i) on (i)","Sen, Subhamoy","26","6","Indian Institute of Technology Mandi","Mandi","India"
"","View last title","","","",""
"","","","","","",""
"102 56263360800 (i) on (i)","Gaur, Pankaj  Gaur, P.","25","9","Indian Institute of Technology Mandi","Mandi","India"
"","View last title","","","",""
"","","","","","",""
"103 55361129400 (i) on (i)","Kharche, Shilpa U.  Kharche, Shilpa   Kharche, S.","25","8","Terna Engineering College","Navi Mumbai","India"
"","View last title","","","",""
"","","","","","",""
"104 57235482100 (i) on (i)","Kumar, Pradeep  Kumar, P.","25","7","Indian Institute of Technology Mandi","Mandi","India"
"","View last title","","","",""
"","","","","","",""
"105 57211263112 (i) on (i)","Dash, Jogesh Chandra  Dash, Jogesh C.","24","3","Terna Engineering College","Navi Mumbai","India"
"","View last title","","","",""
"","","","","","",""
"106 55889652400 (i) on (i)","Roy, Arko  Roy, A.","24","7","Indian Institute of Technology Mandi","Mandi","India"
"","View last title","","","",""
"","","","","","",""
"107 8404550800 (i) on (i)","Singh, Birender P.  Singh, B. P.   Singh, Birender","24","10","Indian Institute of Technology Mandi","Mandi","India"
"","View last title","","","",""
"","","","","","",""
"108 57226629033 (i) on (i)","Singh, Gurpreet","24","10","Indian Institute of Technology Mandi","Mandi","India"
"","View last title","","","",""
"","","","","","",""
"109 56708113500 (i) on (i)","Verma, Navneet Chandra  Verma, N. C.   Verma, Navneet C.","24","15","Indian Institute of Technology Mandi","Mandi","India"
"","View last title","","","",""
"","","","","","",""
"110 6504639277 (i) on (i)","Rameshan, Renu M.  Rameshan, Renu   Renu, M. R.","23","5","Indian Institute of Technology Mandi","Mandi","India"
"","View last title","","","",""
"","","","","","",""
"111 26424022000 (i) on (i)","Sarkar, Kaustav","23","5","Indian Institute of Technology Mandi","Mandi","India"
"","View last title","","","",""
"","","","","","",""
"112 57189093482 (i) on (i)","Chaturvedi, Pratik  Chaturvedi, Prateek","22","5","Defence Research and Development Organisation India","Dehradun","India"
"","View last title","","","",""
"","","","","","",""
"113 57213337993 (i) on (i)","Gupta, Shikha","22","5","Indian Institute of Technology Mandi","Mandi","India"
"","View last title","","","",""
"","","","","","",""
"114 57216712116 (i) on (i)","Kundu, Pratim  Kundu, P.","22","8","Indian Institute of Technology Mandi","Mandi","India"
"","View last title","","","",""
"","","","","","",""
"115 57189055597 (i) on (i)","Pindoriya, Rajesh M.  Pindoriya, R. M.   Pindoriya, Rajesh M.","22","7","Indian Institute of Technology Mandi","Mandi","India"
"","View last title","","","",""
"","","","","","",""
"116 36195748700 (i) on (i)","Prasad, Amit Mohan  Prasad, A.   Prasad, Amit","22","11","Indian Institute of Technology Mandi","Mandi","India"
"","View last title","","","",""
"","","","","","",""
"117 57210505658 (i) on (i)","Ray, Subrata  Ray, S.","22","6","Indian Institute of Technology Mandi","Mandi","India"
"","View last title","","","",""
"","","","","","",""
"118 57213924825 (i) on (i)","Sharma, Swati","22","12","Indian Institute of Technology Mandi","Mandi","India"
"","View last title","","","",""
"","","","","","",""
"119 57212223517 (i) on (i)","Singh, Birender  Singh, B.","22","6","Indian Institute of Technology Mandi","Mandi","India"
"","View last title","","","",""
"","","","","","",""
"120 7801353501 (i) on (i)","Srinivasu, Bodapati  Bodapati, Srinivasu   Srinivasu, B.","22","5","Indian Institute of Technology Mandi","Mandi","India"
"","View last title","","","",""
"","","","","","",""
"121 57209138110 (i) on (i)","Yadav, Aditya  Yadav, A.","22","11","Indian Institute of Technology Mandi","Mandi","India"
"","View last title","","","",""
"","","","","","",""
"122 56323216500 (i) on (i)","Kumar, Parmod","21","6","Indian Institute of Technology Mandi","Mandi","India"
"","View last title","","","",""
"","","","","","",""
"123 55216677600 (i) on (i)","Pratap, Rameshwar","21","4","Indian Institute of Technology Mandi","Mandi","India"
"","View last title","","","",""
"","","","","","",""
"124 57213324353 (i) on (i)","Yadav, Manoj Kumar  Yadav, M. K.   Yadav, M.   Yadav, Manoj K.   Yadav, Manoj","21","7","Indian Institute of Technology Mandi","Mandi","India"
"","View last title","","","",""
"","","","","","",""
"125 55638191500 (i) on (i)","Dasgupta, Shyamasree","20","9","Indian Institute of Technology Mandi","Mandi","India"
"","View last title","","","",""
"","","","","","",""
"126 57307625600 (i) on (i)","Kumar, Awanish  Kumar, A.","20","3","Indian Institute of Technology Mandi","Mandi","India"
"","View last title","","","",""
"","","","","","",""
"127 57211602034 (i) on (i)","Roy, Shounak","20","7","Indian Institute of Technology Mandi","Mandi","India"
"","View last title","","","",""
"","","","","","",""
"128 57193602546 (i) on (i)","Thakur, Anshul  Thakur, A.","20","8","Indian Institute of Technology Mandi","Mandi","India"
"","View last title","","","",""
"","","","","","",""
"129 57217230544 (i) on (i)","Chand, Hushan","19","8","Indian Institute of Technology Mandi","Mandi","India"
"","View last title","","","",""
"","","","","","",""
"130 7103332909 (i) on (i)","Jose, Prasanth P.  Jose, Prasanth P.","19","6","Indian Institute of Technology Mandi","Mandi","India"
"","View last title","","","",""
"","","","","","",""
"131 36118019200 (i) on (i)","Kailasam, Sriram","19","6","Indian Institute of Technology Mandi","Mandi","India"
"","View last title","","","",""
"","","","","","",""
"132 57202157988 (i) on (i)","Moinuddin, Mohamad Ghulam  Moinuddin, M. G.   Moinuddin, Mohamad G.","19","5","Indian Institute of Technology Mandi","Mandi","India"
"","View last title","","","",""
"","","","","","",""
"133 36657509800 (i) on (i)","Mukherjee, Mousumi  Mukherjee, M.","19","4","Indian Institute of Technology Mandi","Mandi","India"
"","View last title","","","",""
"","","","","","",""
"134 55427908000 (i) on (i)","Randhawa, Jaspreet Kaur  Randhawa, Jaspreet K.","19","12","Indian Institute of Technology Mandi","Mandi","India"
"","View last title","","","",""
"","","","","","",""
"135 56579623500 (i) on (i)","Reddy, Pulikanti Guruprasad","19","7","Indian Institute of Technology Mandi","Mandi","India"
"","View last title","","","",""
"","","","","","",""
"136 57198421186 (i) on (i)","Sharma, Deepak Kumar  Sharma, Deepak K.   Kumar Sharma, Deepak   Sharma, Deepak   Sharma, D. K.","19","7","Indian Institute of Technology Mandi","Mandi","India"
"","View last title","","","",""
"","","","","","",""
"137 56785212800 (i) on (i)","Tyagi, Swati  Tyag, Swati","19","8","Indian Institute of Technology Mandi","Mandi","India"
"","View last title","","","",""
"","","","","","",""
"138 18436218200 (i) on (i)","Bakthavachalu, Baskar","18","9","Indian Institute of Technology Mandi","Mandi","India"
"","View last title","","","",""
"","","","","","",""
"139 57193336422 (i) on (i)","Dhanya, J.  J, Dhanya   Dhanya, J.","18","5","Indian Institute of Technology Mandi","Mandi","India"
"","View last title","","","",""
"","","","","","",""
"140 55205154900 (i) on (i)","Jahan, Qaiser  Jahan, Q.   JAHAN, QAISER","18","4","Indian Institute of Technology Mandi","Mandi","India"
"","View last title","","","",""
"","","","","","",""
"141 36069202500 (i) on (i)","Khillare, Lalit D.  Khillare, Lalit","18","11","Indian Institute of Technology Mandi","Mandi","India"
"","View last title","","","",""
"","","","","","",""
"142 56663208700 (i) on (i)","Kushavah, Dushyant","18","7","Indian Institute of Technology Mandi","Mandi","India"
"","View last title","","","",""
"","","","","","",""
"143 55200333700 (i) on (i)","Murab, Sumit","18","10","Indian Institute of Technology Mandi","Mandi","India"
"","View last title","","","",""
"","","","","","",""
"144 55839746000 (i) on (i)","Sarma, Siddhartha","18","4","Indian Institute of Technology Mandi","Mandi","India"
"","View last title","","","",""
"","","","","","",""
"145 57209127775 (i) on (i)","Singh, Gajendra  Singh, G.","18","6","Indian Institute of Technology Mandi","Mandi","India"
"","View last title","","","",""
"","","","","","",""
"146 57218539687 (i) on (i)","Singh, Niraj Kumar  Singh, Niraj   Singh, N.","18","11","Indian Institute of Technology Mandi","Mandi","India"
"","View last title","","","",""
"","","","","","",""
"147 57203728704 (i) on (i)","Thakur, Ramna  Thakur, R.","18","6","Indian Institute of Technology Mandi","Mandi","India"
"","View last title","","","",""
"","","","","","",""
"148 55584796812 (i) on (i)","Gupta, Sharad Kumar  Gupta, S. K.","17","4","Punjab Remote Sensing Centre","Ludhiana","India"
"","View last title","","","",""
"","","","","","",""
"149 49963922300 (i) on (i)","Joshi, Bhakti M.  Joshi, Bhakti","17","7","Indian Institute of Technology Mandi","Mandi","India"
"","View last title","","","",""
"","","","","","",""
"150 8850002600 (i) on (i)","Kiehn, Astrid  Kiehn, A.","17","8","Indian Institute of Technology Mandi","Mandi","India"
"","View last title","","","",""
"","","","","","",""
"151 56666222000 (i) on (i)","Kumar, Ashutosh  Kumar, A.","17","9","Indian Institute of Technology Mandi","Mandi","India"
"","View last title","","","",""
"","","","","","",""
"152 16639113800 (i) on (i)","Patel, Adarsh","17","7","Indian Institute of Technology Mandi","Mandi","India"
"","View last title","","","",""
"","","","","","",""
"153 7405875666 (i) on (i)","Sharma, Sonu D.  Sharma, Sonu   Sharma, S.","17","9","Indian Institute of Technology Mandi","Mandi","India"
"","View last title","","","",""
"","","","","","",""
"154 7102610442 (i) on (i)","Shukla, Mritunjay Kumar  Shukla, Mritunjay   Shukla, Mritunjaya Kumar   Shukla, M. K.","17","5","Indian Institute of Technology Mandi","Mandi","India"
"","View last title","","","",""
"","","","","","",""
"155 57202915418 (i) on (i)","Thapar, Daksh","17","6","Indian Institute of Technology Mandi","Mandi","India"
"","View last title","","","",""
"","","","","","",""
"156 57200552233 (i) on (i)","Verma, Nishant","17","8","Indian Institute of Technology Mandi","Mandi","India"
"","View last title","","","",""
"","","","","","",""
"157 55376041900 (i) on (i)",", Diwaker  Diwaker, Diwaker   Kumar","17","6","Indian Institute of Technology Mandi","Mandi","India"
"","View last title","","","",""
"","","","","","",""
"158 55628407800 (i) on (i)","Kajuri, Nirmalya  Kajuria, Nirmalya","16","5","Indian Institute of Technology Mandi","Mandi","India"
"","View last title","","","",""
"","","","","","",""
"159 57345761100 (i) on (i)","Kumar, Deepu","16","5","Indian Institute of Technology Mandi","Mandi","India"
"","View last title","","","",""
"","","","","","",""
"160 56303749800 (i) on (i)","Manjunath, Sreelakshmi","16","4","Indian Institute of Technology Mandi","Mandi","India"
"","View last title","","","",""
"","","","","","",""
"161 57219237787 (i) on (i)","Sharma, Sumeet Kumar  Sharma, Sumeet K.   Kumar Sharma, Sumeet","16","6","Indian Institute of Technology Mandi","Mandi","India"
"","View last title","","","",""
"","","","","","",""
"162 56640347100 (i) on (i)","Sharma, Vijender Kumar","16","4","Indian Institute of Technology Mandi","Mandi","India"
"","View last title","","","",""
"","","","","","",""
"163 57193096552 (i) on (i)","Arora, Naina  Arora, N.","15","6","Indian Institute of Technology Mandi","Mandi","India"
"","View last title","","","",""
"","","","","","",""
"164 57217493759 (i) on (i)","Bhardwaj, Taniya","15","6","Indian Institute of Technology Mandi","Mandi","India"
"","View last title","","","",""
"","","","","","",""
"165 57205854798 (i) on (i)","Gupta, Krati  Gupta, K.","15","5","Indian Institute of Technology Mandi","Mandi","India"
"","View last title","","","",""
"","","","","","",""
"166 56452167700 (i) on (i)","Jain, Subit K.  Jain, Subit K.   Jain, Subit Kumar","15","5","Indian Institute of Technology Mandi","Mandi","India"
"","View last title","","","",""
"","","","","","",""
"167 57202540668 (i) on (i)","Kaur, Harpreet","15","6","Indian Institute of Technology Mandi","Mandi","India"
"","View last title","","","",""
"","","","","","",""
"168 55931032900 (i) on (i)","Khan, Syamantak  Khan, S.","15","13","Indian Institute of Technology Mandi","Mandi","India"
"","View last title","","","",""
"","","","","","",""
"169 57191244024 (i) on (i)","Misra, Himanshu","15","4","Indian Institute of Technology Mandi","Mandi","India"
"","View last title","","","",""
"","","","","","",""
"170 57213645093 (i) on (i)","Pandey, Juhi","15","10","Indian Institute of Technology Mandi","Mandi","India"
"","View last title","","","",""
"","","","","","",""
"171 57193007733 (i) on (i)","Patel, Ashutosh","15","4","Indian Institute of Technology Mandi","Mandi","India"
"","View last title","","","",""
"","","","","","",""
"172 57207554085 (i) on (i)","Arora, Gaurav","14","5","Indian Institute of Technology Mandi","Mandi","India"
"","View last title","","","",""
"","","","","","",""
"173 57212999476 (i) on (i)","Kasiviswanathan, K. S.","14","10","Indian Institute of Technology Mandi","Mandi","India"
"","View last title","","","",""
"","","","","","",""
"174 57216090818 (i) on (i)","Kumar, Siddhant Rishi  Kumar, Siddhant   Kumar, S. Rishi","14","4","Indian Institute of Technology Mandi","Mandi","India"
"","View last title","","","",""
"","","","","","",""
"175 57200329566 (i) on (i)","Kumari, Nisha S.  Kumari, Nisha","14","5","Indian Institute of Technology Mandi","Mandi","India"
"","View last title","","","",""
"","","","","","",""
"176 55837107900 (i) on (i)","Mahto, Lakshman  Mahto, L.","14","5","Indian Institute of Technology Mandi","Mandi","India"
"","View last title","","","",""
"","","","","","",""
"177 57208336674 (i) on (i)","Sehlangia, Suman  Sehlangia, S.","14","6","Indian Institute of Technology Mandi","Mandi","India"
"","View last title","","","",""
"","","","","","",""
"178 57213751418 (i) on (i)","Sharma, G.","14","5","Indian Institute of Technology Mandi","Mandi","India"
"","View last title","","","",""
"","","","","","",""
"179 55960662300 (i) on (i)","Swami, Deepak","14","6","Indian Institute of Technology Mandi","Mandi","India"
"","View last title","","","",""
"","","","","","",""
"180 56267125400 (i) on (i)","Chaurasiya, Rohit B.  Chaurasiya Rohit, B.   Chaurasiya, Rohit   Rohit, B. Chaurasiya   Chaurasiya, Rohit B.","13","6","Indian Institute of Technology Mandi","Mandi","India"
"","View last title","","","",""
"","","","","","",""
"181 57204054609 (i) on (i)","Choudhary, Priyanka","13","8","Indian Institute of Technology Mandi","Mandi","India"
"","View last title","","","",""
"","","","","","",""
"182 57202599223 (i) on (i)","Jha, Ranjeet Ranjhan  Jha, Ranjeet Ranjan","13","4","Indian Institute of Technology Mandi","Mandi","India"
"","View last title","","","",""
"","","","","","",""
"183 57190306512 (i) on (i)","Kaushik, Shruti","13","4","Indian Institute of Technology Mandi","Mandi","India"
"","View last title","","","",""
"","","","","","",""
"184 35812275500 (i) on (i)","Machchhar, Jinesh","13","4","Indian Institute of Technology Mandi","Mandi","India"
"","View last title","","","",""
"","","","","","",""
"185 57191512828 (i) on (i)","Mathur, Ankita  Mathur, A.","13","6","Indian Institute of Technology Mandi","Mandi","India"
"","View last title","","","",""
"","","","","","",""
"186 56644276100 (i) on (i)","Maurya, Rajiv K.  Maurya, R. K.","13","4","Indian Institute of Technology Mandi","Mandi","India"
"","View last title","","","",""
"","","","","","",""
"187 57196421987 (i) on (i)","Mishra, Pushpendra Mani  Mani Mishra, Pushpendra   Mishra, Pushpendra M.","13","6","Indian Institute of Technology Mandi","Mandi","India"
"","View last title","","","",""
"","","","","","",""
"188 57214829696 (i) on (i)","Padhi, Jyotibhusan","13","3","Indian Institute of Technology Mandi","Mandi","India"
"","View last title","","","",""
"","","","","","",""
"189 57201681720 (i) on (i)","Sihi, Antik","13","2","Indian Institute of Technology Mandi","Mandi","India"
"","View last title","","","",""
"","","","","","",""
"190 57202913105 (i) on (i)","Singh, Avantika","13","3","Indian Institute of Technology Mandi","Mandi","India"
"","View last title","","","",""
"","","","","","",""
"191 57212223535 (i) on (i)","Singh, Bhupinder P.        Singh, B. P.   Singh, Bhupinder","13","5","Indian Institute of Technology Mandi","Mandi","India"
"","View last title","","","",""
"","","","","","",""
"192 57189391123 (i) on (i)","Sood, Puneet  Sood, P.","13","6","Indian Institute of Technology Mandi","Mandi","India"
"","View last title","","","",""
"","","","","","",""
"193 57212822575 (i) on (i)","Yadav, Kavita  Yadav, K.","13","3","Indian Institute of Technology Mandi","Mandi","India"
"","View last title","","","",""
"","","","","","",""
"194 57212891809 (i) on (i)","Bhardwaj, Shiv Raj  Bhardwaj, Shivani   Bhardwaj, S. R.   Bhardwaj, Shiv R.","12","6","Indian Institute of Technology Mandi","Mandi","India"
"","View last title","","","",""
"","","","","","",""
"195 57163400700 (i) on (i)","Bhutani, Gaurav  Bhutani, G.","12","3","Indian Institute of Technology Mandi","Mandi","India"
"","View last title","","","",""
"","","","","","",""
"196 57202987380 (i) on (i)","Chhabra, Tripti","12","8","Indian Institute of Technology Mandi","Mandi","India"
"","View last title","","","",""
"","","","","","",""
"197 55951578000 (i) on (i)","Dey, Gourab","12","8","Indian Institute of Technology Mandi","Mandi","India"
"","View last title","","","",""
"","","","","","",""
"198 56453759700 (i) on (i)","Gupta, Vibha","12","7","Indian Institute of Technology Mandi","Mandi","India"
"","View last title","","","",""
"","","","","","",""
"199 57215077923 (i) on (i)","Kumar, Amit","12","7","Indian Institute of Technology Mandi","Mandi","India"
"","View last title","","","",""
"","","","","","",""
"200 57209144754 (i) on (i)","Kumar, Avinash","12","3","Indian Institute of Technology Mandi","Mandi","India"
"","View last title","","","",""
"","","","","","",""