"Result Number","Author","Documents","h-index          Author metrics Scopus is adding an array of metrics for researchers. As an initial step, the h-index has been added.  The h-graph is one way of displaying and comparing the productivity and impact of published work of scholars. It should only be used together with a mix of quantitative and qualitative metrics.  More metrics will be added in the course of the year.","Affiliation","City","Country/Territory"
"1 57226277190 (i) on (i)","Behera, Prafulla Kumar  Behera, Prafulla Ku   Behera, Prafulla K.   Behera, P. K.   Behera, P.   Behera, Prafulla","1590","119","Indian Institute of Technology Madras","Chennai","India"
"","View last title","","","",""
"","","","","","",""
"2 55820982400 (i) on (i)","Libby, Jim  Libby, James F.   Libby, J.   Libby, J. F.   Libby, James","860","77","Indian Institute of Technology Madras","Chennai","India"
"","View last title","","","",""
"","","","","","",""
"3 35308906500 (i) on (i)","Medvedeva, T.  MedveDeva, T.","726","113","University of Delhi","New Delhi","India"
"","View last title","","","",""
"","","","","","",""
"4 7006641708 (i) on (i)","Pradeep, T.  Pradeep, Talappil   Pradeep, Thalappil   Thalappil, Pradeep   Pradeep, T.","559","75","Indian Institute of Technology Madras","Chennai","India"
"","View last title","","","",""
"","","","","","",""
"5 51663133900 (i) on (i)","Contreras-Campana, Emmanuel  Contreras-Campana, E.   Contreras- Campana, E.","503","100","Indian Institute of Technology Madras","Chennai","India"
"","View last title","","","",""
"","","","","","",""
"6 35551753500 (i) on (i)","Murty, Budaraju Srinivasa  Murty, B. S.   Murthy, B. S.","454","60","Indian Institute of Technology Madras","Chennai","India"
"","View last title","","","",""
"","","","","","",""
"7 30267895400 (i) on (i)","Pujahari, Prabhat R.  Pujahari, Prabhat R.   Pujahari, P.   Pujahari, Prabhat   Pujahari, P. R.","434","73","Indian Institute of Technology Madras","Chennai","India"
"","View last title","","","",""
"","","","","","",""
"8 7005602178 (i) on (i)","Balasubramaniam, Krishnan  Balasubramaniam, K.   Balasubramaniam, K. K.   Balasubramaniam, K. S.","425","38","Indian Institute of Technology Madras","Chennai","India"
"","View last title","","","",""
"","","","","","",""
"9 7102925688 (i) on (i)","Viswanathan, Balasubramanian  Viswanathan, B.   				      VISWANATHAN, Balasubramanian   Balasubramanian, Viswanathan   Viswanathan, Balasubramaniam","413","60","Indian Institute of Technology Madras","Chennai","India"
"","View last title","","","",""
"","","","","","",""
"10 7404618275 (i) on (i)","Liu, Phillip Li Fan  Liu, Phillip L.F.   Liu, P. L.F.   Liu, Philip L.P.   Liu, Philip Li Fang   LIU, P. L.F.   L-F. Liu, Philip   Liu, Philip Li Fan   LIU, Philip L.F.   LIU, PHILIP L.F.   Liu, Philip L.F.   Liu, Philip","387","62","National University of Singapore","Singapore City","Singapore"
"","View last title","","","",""
"","","","","","",""
"11 20734150400 (i) on (i)","Doble, Mukesh  Mukesh, D.   Doble, M.   Mukesh, Double   Mukesh, Doble","384","56","Saveetha Dental College And Hospitals","Chennai","India"
"","View last title","","","",""
"","","","","","",""
"12 9535936500 (i) on (i)","Ramaprabhu, Sundara  Sundara, Ramaprabhu   Ramaprabhu, S.   Ramaprabhu, Sundar","382","68","Indian Institute of Technology Madras","Chennai","India"
"","View last title","","","",""
"","","","","","",""
"13 57202554197 (i) on (i)","Krajczár, Krisztián  Krajczar, K.","353","79","Indian Institute of Technology Madras","Chennai","India"
"","View last title","","","",""
"","","","","","",""
"14 7102087090 (i) on (i)","Siva Ram Murthy, Chebiyyam  Murthy, C. Siva Ram   Murthy, Chebiyyam Siva Ram   Murthy, C. Civa Ram   Murthy, C. S.R.   Murthy, C. Shiva Ram   Siva Ram Murthy, C.","346","30","Indian Institute of Technology Madras","Chennai","India"
"","View last title","","","",""
"","","","","","",""
"15 7006556058 (i) on (i)","Michael Gromiha, M.  Michael Gromiha, M.   Gromiha, M. Michael   Gromiha, Maria Siluvay Michael   GROMIHA, M. MICHAEL   Gromiha, Michael   Gromiha, Michael M.  	                Gromiha, M. M.","326","54","Indian Institute of Technology Madras","Chennai","India"
"","View last title","","","",""
"","","","","","",""
"16 7003779585 (i) on (i)","Sarathi, Ramanujam  Sarathi, R.   Ramanujam, Sarathi","325","26","Indian Institute of Technology Madras","Chennai","India"
"","View last title","","","",""
"","","","","","",""
"17 35965722600 (i) on (i)","Berndt, Christopher C.  Berndt, C.   Berndt, Chris   Berndt, Christopher   Berndt, C. C.   Berndt, Christoper C.   Berndt, Chris C.   Berndt, Christopher C.   Berndt, Christopher Charles","310","56","Swinburne University of Technology","Melbourne","Australia"
"","View last title","","","",""
"","","","","","",""
"18 6602183770 (i) on (i)","Jayaganthan, R.  JAYAGANTHAN, R.   Jayaganthan, R.   Jayaganthan, Rangaswamy   Jayaganthan, Rengaswamy","296","38","Indian Institute of Technology Madras","Chennai","India"
"","View last title","","","",""
"","","","","","",""
"19 7005055280 (i) on (i)","Rajamani, Rajesh  Rajesh, Rajamani   Rajamani, R.","294","46","Indian Institute of Technology Madras","Chennai","India"
"","View last title","","","",""
"","","","","","",""
"20 6701321509 (i) on (i)","Ponnusamy, Saminathan  Ponnusamy, S.   PONNUSAMY, S.   Ponnusamy, Saminthan   Ponnusamy, Samy   PONNUSAMY, SAMINATHAN","283","27","Indian Institute of Technology Madras","Chennai","India"
"","View last title","","","",""
"","","","","","",""
"21 35556748700 (i) on (i)","Sundararajan, Thirumalachari  Sundararajan, Thirumalchari   Sundararajan, T.   Thirumalachari, Sundararajan","283","38","Indian Institute of Technology Madras","Chennai","India"
"","View last title","","","",""
"","","","","","",""
"22 35553293400 (i) on (i)","Radhakrishnan, Vellore Margabandhu  RADHAKRISHNAN, V. M.   RADHAKRISHNAN, V.   Radhakrishnan, Vellore M.   Radhakrishnan, V. M.   Radhakrishnan, V.   Radhakrishnan, Vellore Margabandu","281","24","Indian Institute of Technology Madras","Chennai","India"
"","View last title","","","",""
"","","","","","",""
"23 7102257081 (i) on (i)","Ganesan, Natrajan  Ganesan, N.","278","36","Indian Institute of Technology Madras","Chennai","India"
"","View last title","","","",""
"","","","","","",""
"24 23981378700 (i) on (i)","Srinivasan, Rajagopalan  Srinivasan, R.   Srinivasan, Raj","271","38","Indian Institute of Technology Madras","Chennai","India"
"","View last title","","","",""
"","","","","","",""
"25 7004078700 (i) on (i)","Sujith, R. I.  Sujith, Raman   Sujith, Raman I.   Sujith, R. I.   Sujith, Ri   Sujith, R.","271","34","Indian Institute of Technology Madras","Chennai","India"
"","View last title","","","",""
"","","","","","",""
"26 35363808100 (i) on (i)","Das, Sarit K.  Das, S.   Das, Sarit Kumar   Das, S. K.   Das, Sarit   Kumar Das, Sarit   Das, Sarit K.","264","48","Indian Institute of Technology Madras","Chennai","India"
"","View last title","","","",""
"","","","","","",""
"27 35517636900 (i) on (i)","Ghosh, Sundargopal  Ghosh, S.","255","45","Indian Institute of Technology Madras","Chennai","India"
"","View last title","","","",""
"","","","","","",""
"28 57203174590 (i) on (i)","Swaminathan, Ramakrishnan  Sa, Ramakrishnan  	    Ramakrishnan, S.   swaminathan, Ramakrishanan   Swaminathan, R.   Ramakrishanan, S.   Ramakrishnan, Swaminathan","255","20","Indian Institute of Technology Madras","Chennai","India"
"","View last title","","","",""
"","","","","","",""
"29 6506470218 (i) on (i)","Sivaprakasam, Mohanasankar  Sivaprakasam, Mohansankar   Sivaprakasam, Mohanashankar   Sivaprakasam, M.","253","25","Indian Institute of Technology Madras","Chennai","India"
"","View last title","","","",""
"","","","","","",""
"30 7005772508 (i) on (i)","Sundararajan, Govindan  Sundararajan, G.   Govindan, Sundararajan","250","48","Indian Institute of Technology Madras","Chennai","India"
"","View last title","","","",""
"","","","","","",""
"31 7005380538 (i) on (i)","Sundar, Vallam  Vallam, Sundar   Sundar, V. S.   Sundar, V.","249","25","Indian Institute of Technology Madras","Chennai","India"
"","View last title","","","",""
"","","","","","",""
"32 35498592800 (i) on (i)","Basak, Tanmay  Basak, T.","246","44","Indian Institute of Technology Madras","Chennai","India"
"","View last title","","","",""
"","","","","","",""
"33 7003687274 (i) on (i)","Pandu Rangan, Chandrasekharan  Pandu Rangan, C.   Rangan, Chandrasekaran Pandu   Pandu Rangan, Chandrasekaran   Pandu rangan, C.   Rangan, Chandrasekharan Pandu   Rangan, C. Pandu","245","23","Indian Institute of Technology Madras","Chennai","India"
"","View last title","","","",""
"","","","","","",""
"34 7005330065 (i) on (i)","Chakravarthy, Satyanarayanan R.  Chakravarthy, S. R.   Chakravarthy, Satyanarayanan R.   Chakravarthy, Satyanarayan R.   Chakravarthy, Satya   Chakravarthy, Satynarayanan R.   Chakravarthy, Satya R.   Chakravarthy, S.   Chakravarthy, Satyanarayanan","241","27","Indian Institute of Technology Madras","Chennai","India"
"","View last title","","","",""
"","","","","","",""
"35 6701351287 (i) on (i)","Ramachandra Rao, Mamidanna Sri Ramachandra  Rao, Mamidanna S.R.   Ramachandra Rao, M.   Ramachandra Rao, M. S.   Rao, Mamidanna Sri Ramachandra   Ramachandran, B.   Mamidanna, Sri Ramachandra Rao   S.R. Rao, Mamidanna   Rao Ramachandra, M. S.   Rao, M. S.Ramachandra   Rao, M. S.R.","239","33","Indian Institute of Technology Madras","Chennai","India"
"","View last title","","","",""
"","","","","","",""
"36 7003600874 (i) on (i)","Rengaswamy, Raghu  Rengaswamy, Raghunathan   Rengaswamy, R.","237","38","Indian Institute of Technology Madras","Chennai","India"
"","View last title","","","",""
"","","","","","",""
"37 35592510500 (i) on (i)","Basaran, Cemal  Basaran, C.   Cemal, Basaran   Basaran, Cemalettin   Basaran, Cernai   Basaran, Cernal","234","36","University at Buffalo, The State University of New York","Buffalo","United States"
"","View last title","","","",""
"","","","","","",""
"38 35314953500 (i) on (i)","Mishra, C. Shekhar  Mishra, C. S.   Mishra, C.","234","52","Indian Institute of Technology Madras","Chennai","India"
"","View last title","","","",""
"","","","","","",""
"39 14016867200 (i) on (i)","Varghese, Babu  VARGHESE, BABU   Varghese, B.","234","37","Indian Institute of Technology Madras","Chennai","India"
"","View last title","","","",""
"","","","","","",""
"40 35514410700 (i) on (i)","Rath, J. K.  Rath, Jatin   Rath, Jatindra   Rath, Jatin Kumar   Rath, Jatindra Kumar   Rath, J. K.   Rath, Jatin K.   Rath, Jatindra K.","233","34","Debye Instituut voor Nanomaterialen Wetenschap","Utrecht","Netherlands"
"","View last title","","","",""
"","","","","","",""
"41 57210322841 (i) on (i)","Sikdar, Arindam Kumar  Sikdar, A. K.","232","30","Indian Institute of Technology Madras","Chennai","India"
"","View last title","","","",""
"","","","","","",""
"42 7005495251 (i) on (i)","Sivalingam, Krishna M.  Sivalingam, K. M.   Sivalingam, K.   Sivalingam, Krishna   Sivalingam, Krishna M.   Sivalingam, Krishna Moorthy   Sivalingam, Krishnamoorty","230","26","Indian Institute of Technology Madras","Chennai","India"
"","View last title","","","",""
"","","","","","",""
"43 35607256300 (i) on (i)","Mishra, Mahesh Kumar  Mishra, M. K.   Mishra, Mahesh K.   Mishra, Mahesk K.   Mishra, Mahesh","229","44","Indian Institute of Technology Madras","Chennai","India"
"","View last title","","","",""
"","","","","","",""
"44 7004144610 (i) on (i)","Balaji, C.  Balaji, Chakravarthy   Chakravarthy, Balaji   Balaji, C.","228","35","Indian Institute of Technology Madras","Chennai","India"
"","View last title","","","",""
"","","","","","",""
"45 7004379420 (i) on (i)","Swarup, Shanti K.  Swarup, K. S.   Shanti Swarup, K.   Swarup, K. Shanti   Swarup, K. Shanthi   Swarup, Kesasanakurty Shanti   Swarup, Shanti K.","219","32","Indian Institute of Technology Madras","Chennai","India"
"","View last title","","","",""
"","","","","","",""
"46 12647023800 (i) on (i)","Sen, A. K.  SEN, A. K.   Sen, Asoke K.   Sen Gupta, Achintya Kumar   Sen, Asoke Kumar   Sen, Akhil Kumar   Sen Gupta, A. K.   Sen, Amit Kumar   Sen, Asim Kumar   Sen, Arup Kumar   Sen Saji, Anantha Krishnan   Sen, Ashis K.   Sen, Ashis Kumar   Sen, A. K.   Sen, Ashis   Sen, Anup K.   Sen, Amit K.   Sen, Achin K.   Sen, Asish K.","218","24","Indian Institute of Technology Madras","Chennai","India"
"","View last title","","","",""
"","","","","","",""
"47 57210312798 (i) on (i)","Kalbhor, P.","213","30","Indian Institute of Technology Madras","Chennai","India"
"","View last title","","","",""
"","","","","","",""
"48 6505861432 (i) on (i)","Gardas, Ramesh L.  Gardas, R. L.   Gardas, Ramesh   Gardas, Ramesh L.","207","40","Indian Institute of Technology Madras","Chennai","India"
"","View last title","","","",""
"","","","","","",""
"49 57200197348 (i) on (i)","Murthy, Hema A.  Murthy, Hemaa   Murthy, H. A.   Murthy, H.   Murthy, Herna A.   Hema Murthy, A.   Murthy, Hema","207","24","Indian Institute of Technology Madras","Chennai","India"
"","View last title","","","",""
"","","","","","",""
"50 24173707600 (i) on (i)","Venkitesh, Deepa  Venkitesh, D.   VENKITESH, DEEPA","205","12","Indian Institute of Technology Madras","Chennai","India"
"","View last title","","","",""
"","","","","","",""
"51 35480401800 (i) on (i)","Jagannathan, N. R.  Jagannathan, Naranamangalam Raghunathan   Jagannathan, Naranamanglam Raghunathan   Jagannathan, Naranmangalam R.   Jagannathan, N.   Jagannathan, Naranamangalan R.   Jagannathan, Naranamangalam R.   Jagannathan, Narnamangalam R.   Jagannathan, Naranamanglam R.   Jagannathan, Naranamangalam   Jagannathan, N. R.","204","34","Sri Ramachandra Institute of Higher Education and Research","Chennai","India"
"","View last title","","","",""
"","","","","","",""
"52 57220804085 (i) on (i)","Ramachandran, Velmurugan  Velmurugan, Ramachandran   Velmurugan, Raman   Velmurugan, R.","204","33","Indian Institute of Technology Madras","Chennai","India"
"","View last title","","","",""
"","","","","","",""
"53 35596372800 (i) on (i)","Selvam, Parasuraman  Selvam, Parsuraman   Selvam, P.   Selvam, Parasuram","204","37","Indian Institute of Technology Madras","Chennai","India"
"","View last title","","","",""
"","","","","","",""
"54 21933744500 (i) on (i)","George, B.  George, B.   George, Boby","203","21","Indian Institute of Technology Madras","Chennai","India"
"","View last title","","","",""
"","","","","","",""
"55 7102516652 (i) on (i)","Srinivas, V.  Srinivas, Veeturi      Srinivas, V.","203","25","Indian Institute of Technology Madras","Chennai","India"
"","View last title","","","",""
"","","","","","",""
"56 7103030852 (i) on (i)","Srinivasan, B.  Srinivasan, B.   SRINIVASAN, BALAJI   Srinivasan, Balaji","203","16","Indian Institute of Technology Madras","Chennai","India"
"","View last title","","","",""
"","","","","","",""
"57 24318037400 (i) on (i)","Mishra, Ashok Kumar  Mishra, Ashok E.   Kumar Mishra, Ashok   Mishra, A. K.   Mishra, Ashok K.","201","32","Indian Institute of Technology Madras","Chennai","India"
"","View last title","","","",""
"","","","","","",""
"58 57188585660 (i) on (i)","Thomas, Tiju  Thomas, T.","196","29","Indian Institute of Technology Madras","Chennai","India"
"","View last title","","","",""
"","","","","","",""
"59 7004353382 (i) on (i)","Venkata Varadaraju, U.  Varadaraju, U.   Varadaraju, Upadhyayula V.   Varadaraju, Upadhyayula   Varadaraju, U. V.   Varadaraju, Upadhayayula V.   Varadaraju, Upadhyayula Venkata","191","33","Indian Institute of Technology Madras","Chennai","India"
"","View last title","","","",""
"","","","","","",""
"60 35617306900 (i) on (i)","Reddy, K. S.  Reddy, Kalvala Srinivas   Reddy, Kalvala S.   Reddy, K. Srinivas   Reddy, K. S.   Reddy, K. Srinivasa","190","44","Indian Institute of Technology Madras","Chennai","India"
"","View last title","","","",""
"","","","","","",""
"61 6603500375 (i) on (i)","Sannasiraj, Sannasi Annamalaisamy  Annamalaisamy, Sannasiraj Sannasi   Sannasiraj, Sannasi A.   Sannasi Annamalaisamy, Sannasiraj   Sannasiraj, S. A.   Sannasiraj, S.   Annamalaisamy, Sannasiraj S.","188","22","Indian Institute of Technology Madras","Chennai","India"
"","View last title","","","",""
"","","","","","",""
"62 6603806001 (i) on (i)","Kamaraj, M.  Kamaraj, M.   Kamaraj, Muthusamy","187","36","Indian Institute of Technology Madras","Chennai","India"
"","View last title","","","",""
"","","","","","",""
"63 55867497500 (i) on (i)","Vasa, Nilesh Jayanthilal  Vasa, Nilesh   Vasa, N.   Vasa, Nilesh J.   Vasa, Nilesh Jayantilal   Vasa, N. J.","187","18","Indian Institute of Technology Madras","Chennai","India"
"","View last title","","","",""
"","","","","","",""
"64 16647440100 (i) on (i)","Rajagopalan, A. N.  Rajagopalan, Ambasamudram N.   Rajagopalan, Aswin   Rajagopalan, Ambasamudram Narayanan   Rajagopalan, Rajagopalan A.N.   Rajagopalan, A.   Rajagopalan, A. N.","186","27","Indian Institute of Technology Madras","Chennai","India"
"","View last title","","","",""
"","","","","","",""
"65 35568945600 (i) on (i)","Rajendran, Chandrasekharan  Rajendran, C.   Rajendran, Chandrasekharan S.   Chandrasekharan, Rajendran   Rahendran, Chandrasekharan","185","50","Indian Institute of Technology Madras","Chennai","India"
"","View last title","","","",""
"","","","","","",""
"66 24462032800 (i) on (i)","Rao, B. N.  Nageswara Rao, B.   Rao, B. N.   RAO, B. N.   Bhairavavajjula, Nageswara Rao   N Rao, B.","185","26","Indian Institute of Technology Madras","Chennai","India"
"","View last title","","","",""
"","","","","","",""
"67 9635705100 (i) on (i)","Chellapandi, Perumal  Chellapandi, P.   Perumal, Chellapandi   ChellaPandi, P.","181","21","Indian Institute of Technology Madras","Chennai","India"
"","View last title","","","",""
"","","","","","",""
"68 7202867357 (i) on (i)","Subramanian, Sankaran  Subramanian, S.","181","39","Indian Institute of Technology Madras","Chennai","India"
"","View last title","","","",""
"","","","","","",""
"69 15120961900 (i) on (i)","Manoharan, Periyakaruppan Thangiah  Manoharan, P. T.   Manoharan, Periyakaruppan T.   Manoharan, Periakaruppan Thangiah   Manoharan, Periakaruppan T.   Manoharan, Pcriakaruppan T.   Manoharan, Periakarupan T.","177","31","Indian Institute of Technology Madras","Chennai","India"
"","View last title","","","",""
"","","","","","",""
"70 9276144800 (i) on (i)","Sangwai, Jitendra Shital  Sangwai, J.   Sangwai, Jitendra   Sangwai, J. S.   Sangwai, Jitendra S.","176","35","Indian Institute of Technology Madras","Chennai","India"
"","View last title","","","",""
"","","","","","",""
"71 26321720900 (i) on (i)","Jayaraj, Joseph  Joseph, Jayaraj   Joseph, J.   Jayaraj, J.","174","19","Indian Institute of Technology Madras","Chennai","India"
"","View last title","","","",""
"","","","","","",""
"72 7102776454 (i) on (i)","Krishnamurthy, Ramalingam  KRISHNAMURTHY, R.   Krishnamurthy, R.   Krishnamurthy., R.   Krishnamurthy, Ramaligam","174","26","Indian Institute of Technology Madras","Chennai","India"
"","View last title","","","",""
"","","","","","",""
"73 7004374926 (i) on (i)","Philip, Ligy  Philip, L.","174","39","Indian Institute of Technology Madras","Chennai","India"
"","View last title","","","",""
"","","","","","",""
"74 22958219000 (i) on (i)","Ramkumar, Venkatachalam  Ramkumar, Venkatachalm   Ramkumar, Vankatachalam   Ramkumar, V.","174","28","Indian Institute of Technology Madras","Chennai","India"
"","View last title","","","",""
"","","","","","",""
"75 7402270306 (i) on (i)","Verma, Rama S.  Verma, R. S.   Verma, Rama   Verma, Rama Shankar   Verma, Rama Shanker   Verma, Rama Shenkar   Shanker Verma, Rama   Verma, Rama S.   Verma, Rati   Verma, R.","174","29","Indian Institute of Technology Madras","Chennai","India"
"","View last title","","","",""
"","","","","","",""
"76 6701330094 (i) on (i)","Santhanam, Manu  Santhanam, M.","173","35","Indian Institute of Technology Madras","Chennai","India"
"","View last title","","","",""
"","","","","","",""
"77 36968277400 (i) on (i)","Muhammad, A. S.  Muhammad, A.","172","40","Indian Institute of Technology Madras","Chennai","India"
"","View last title","","","",""
"","","","","","",""
"78 7005599229 (i) on (i)","Ramamurti, Viswanatha  Ramamurti, v.   Ramamurti, V.","172","17","Indian Institute of Technology Madras","Chennai","India"
"","View last title","","","",""
"","","","","","",""
"79 35077744000 (i) on (i)","Natarajan, Sundararajan  Sundararajan, N.   Natarajan, S.","171","38","Indian Institute of Technology Madras","Chennai","India"
"","View last title","","","",""
"","","","","","",""
"80 57217596517 (i) on (i)","Suresh Kumar, Govindarajan  Kumar Govindarajan, Suresh   Suresh Kumar, G.   Kumar, Govindarajan Suresh   KUMAR, G. S.U.R.E.S.H.   Kumar, G. Suresh   Govindarajan, S. K.   Govindarajan, Suresh Kumar   Kumar, Suresh","171","22","Indian Institute of Technology Madras","Chennai","India"
"","View last title","","","",""
"","","","","","",""
"81 57909372600 (i) on (i)","Arockiarajan, Arunachalakasi  Arockiarajan, A.","170","19","Indian Institute of Technology Madras","Chennai","India"
"","View last title","","","",""
"","","","","","",""
"82 36195865100 (i) on (i)","Mishra, Chandra Kant  Mishra, C.   Mishra, C. Kant","170","70","Indian Institute of Technology Madras","Chennai","India"
"","View last title","","","",""
"","","","","","",""
"83 7005156391 (i) on (i)","Dasgupta, Nandita  DasGupta, Nandita   Gupta, Nandita Das   Basu, Nandita   Dasgupta, N.   DasGupta, N.   Basu, N.","166","22","Indian Institute of Technology Madras","Chennai","India"
"","View last title","","","",""
"","","","","","",""
"84 7006982351 (i) on (i)","Sivasanker, Subramanian  Sivasanker, S.","166","45","Indian Institute of Technology Madras","Chennai","India"
"","View last title","","","",""
"","","","","","",""
"85 7006246829 (i) on (i)","Shunmugam, M. S.  Shunmugam, M. S.","165","33","Indian Institute of Technology Madras","Chennai","India"
"","View last title","","","",""
"","","","","","",""
"86 55109843700 (i) on (i)","Pushpavanam, Subramaniam  Pushpavanam, S.   Subramaniam, Pushpavanam   Pushpavanam, Subhramaniam   Pushpavanam, Subramanian   Pushpavanam, Subramanium","164","20","Indian Institute of Technology Madras","Chennai","India"
"","View last title","","","",""
"","","","","","",""
"87 8899670800 (i) on (i)","Nirmala, R.  Nirmala, R.","157","20","Indian Institute of Technology Madras","Chennai","India"
"","View last title","","","",""
"","","","","","",""
"88 56999894400 (i) on (i)","Prakash, Raghu V.  Prakash, Raghu V.   Prakash, R. V.   Prakash, Raghu   Prakash, R.   Prakash, Raghu v.","157","15","Indian Institute of Technology Madras","Chennai","India"
"","View last title","","","",""
"","","","","","",""
"89 56985709800 (i) on (i)","Dash, N.","156","27","Indian Institute of Technology Madras","Chennai","India"
"","View last title","","","",""
"","","","","","",""
"90 35557347600 (i) on (i)","Prasad, B. V.S.S.S.  Prasad, Bhamidi V.S.S.S.   Prasad, B. B.S.S.S.   Prasad, B. V.S.   Prasad, B. V.S.S.S.   Prasad, B. V.   Prasad, BVSSS V.S.S.S.   Prasad, Bhamidi   Prasad, B.   Prasad, B. V.S.S.","156","19","Indian Institute of Technology Madras","Chennai","India"
"","View last title","","","",""
"","","","","","",""
"91 7103194181 (i) on (i)","Ramesh, Asvathanarayanan  Ramesh, A.   Ramesh, a.","156","31","Indian Institute of Technology Madras","Chennai","India"
"","View last title","","","",""
"","","","","","",""
"92 7102334558 (i) on (i)","Ganesan, Venkitachalam  Venkitachalam, Ganesan   Ganesan, V.","150","11","Indian Institute of Technology Madras","Chennai","India"
"","View last title","","","",""
"","","","","","",""
"93 7004531840 (i) on (i)","Gettu, Ravindra  Gettu, R.","150","29","Indian Institute of Technology Madras","Chennai","India"
"","View last title","","","",""
"","","","","","",""
"94 7004754910 (i) on (i)","Jayanti, Sreenivas  Jayanti, S.","150","37","Indian Institute of Technology Madras","Chennai","India"
"","View last title","","","",""
"","","","","","",""
"95 57002873200 (i) on (i)","Pavan, Shanthi  Pavan, Y. Shanthi   Pavan, S.","148","24","Indian Institute of Technology Madras","Chennai","India"
"","View last title","","","",""
"","","","","","",""
"96 24465559200 (i) on (i)","Samad, Abdus  Samad, A.   Samad, Abudus","147","18","Indian Institute of Technology Madras","Chennai","India"
"","View last title","","","",""
"","","","","","",""
"97 8261920700 (i) on (i)","Nagappan, Nachiappan  Nagappan, Nachi   Nagappanx, Nachiappan   Nagappan, Nagappan   Nagappan, N.","146","46","Indian Institute of Technology Madras","Chennai","India"
"","View last title","","","",""
"","","","","","",""
"98 57200423767 (i) on (i)","Brüggemann, Rudolf  Bruggemann, R.   Brüggemann, Rudi   Brüggemann, R.","144","20","Indian Institute of Technology Madras","Chennai","India"
"","View last title","","","",""
"","","","","","",""
"99 6603099886 (i) on (i)","Gummadi, Sathyanarayana Naidu  Gummadi, S. N.   Gummadi, Sathyanarayana N.   Gummadi, Sathyanaryana N.   Gummadi, Satyanarayana N.","144","24","Indian Institute of Technology Madras","Chennai","India"
"","View last title","","","",""
"","","","","","",""
"100 6601928690 (i) on (i)","Krishnamurthy, C. V.  Krishnamurthy, C. V.   Chitti, Krishnamoorthy V.   Krishnamurthy, Chitti Venkata   Chitti, Krishnamurthy V.   Krishnamurthy, Chittivenkata   Chitti Venkata, Krishnamurthy","144","23","Indian Institute of Technology Madras","Chennai","India"
"","View last title","","","",""
"","","","","","",""
"101 7201741722 (i) on (i)","Narayanan, Sadagopan S.Yegna  Narayanan, S.   Narayanan, Sadagopan   Narayanan, S. S.Yegna   Narayanana, S.   Narayanan, S. S.Y.","144","31","Indian Institute of Technology Madras","Chennai","India"
"","View last title","","","",""
"","","","","","",""
"102 57215669052 (i) on (i)","Behera, Subash Chandra  Behera, S. C.","143","20","Indian Institute of Technology Madras","Chennai","India"
"","View last title","","","",""
"","","","","","",""
"103 6603174058 (i) on (i)","Kamakoti, Veezhinathan  Kamakoti, V.   Veezhinathan, Kamakoti","143","15","Indian Institute of Technology Madras","Chennai","India"
"","View last title","","","",""
"","","","","","",""
"104 57208580617 (i) on (i)","Ravindran, K.  Ravindran, Krishnakumar","143","15","Indian Institute of Technology Madras","Chennai","India"
"","View last title","","","",""
"","","","","","",""
"105 14069136600 (i) on (i)","Sudakar, C.  Sudakar, Chandran   Chandran, Sudakar   Sudakar, C.","143","35","Indian Institute of Technology Madras","Chennai","India"
"","View last title","","","",""
"","","","","","",""
"106 6701747806 (i) on (i)","Sampath Kumar, T. S.  T.s., Sampath Kumar   Kumar, T. Sampath   Kumar, T. S.Sampath   Kumar, Sampath   Sampathkumar, T. S.   Kumar, Sampath S.   Sampath Kumar, T. S.","141","37","Indian Institute of Technology Madras","Chennai","India"
"","View last title","","","",""
"","","","","","",""
"107 7202867663 (i) on (i)","Subramanian, Shankar Coimbatore  Subramanian, Shankar   Subramanian, Shankar C.   Subramanian, S. C.","140","16","Indian Institute of Technology Madras","Chennai","India"
"","View last title","","","",""
"","","","","","",""
"108 7202536121 (i) on (i)","Subramanian, Venkatachalam  Subramanian, V.   Venkatachalam, Subramanian","140","23","Indian Institute of Technology Madras","Chennai","India"
"","View last title","","","",""
"","","","","","",""
"109 35786972800 (i) on (i)","Dasgupta, Amitava  Amitava, Dasgupta   Dasgupta, A.   DasGupta, And Amitava   DasGupta, Amitava   Das Gupta, Amitava   DasGupta, A.","139","21","Indian Institute of Technology Madras","Chennai","India"
"","View last title","","","",""
"","","","","","",""
"110 6701314989 (i) on (i)","Sundaravadivelu, Ranganathan  Sunsaravadivelu, R.   Sundaravadivelu, Renganathan   Sundaravadivelu, R.","139","16","Indian Institute of Technology Madras","Chennai","India"
"","View last title","","","",""
"","","","","","",""
"111 6603863682 (i) on (i)","Giridhar, K.  Giridhar, K.   Krishnamurthy, Giridhar   Giridhar, Krishnamurthy","137","17","Indian Institute of Technology Madras","Chennai","India"
"","View last title","","","",""
"","","","","","",""
"112 55511748098 (i) on (i)","Roy, Satyajit  Roy, S.   Roy, S. J.","137","33","Indian Institute of Technology Madras","Chennai","India"
"","View last title","","","",""
"","","","","","",""
"113 57215675297 (i) on (i)","Pradhan, Raghunath  Pradhan, R.","135","18","Indian Institute of Technology Madras","Chennai","India"
"","View last title","","","",""
"","","","","","",""
"114 7004293278 (i) on (i)","Sangaranarayanan, M. V.  M.V., Sangaranarayanan   Sangaranarayanan, M. V.","135","23","Indian Institute of Technology Madras","Chennai","India"
"","View last title","","","",""
"","","","","","",""
"115 15136645300 (i) on (i)","Rajagopal, Prabhu  Rajagopal, P.","134","19","Indian Institute of Technology Madras","Chennai","India"
"","View last title","","","",""
"","","","","","",""
"116 7007008624 (i) on (i)","Subrahmanyam, Aryasomayajula  Subrahmanyam, A.","134","27","Indian Institute of Technology Madras","Chennai","India"
"","View last title","","","",""
"","","","","","",""
"117 6602184820 (i) on (i)","Sekar, Govindasamy  Sekar, G.   Govindasamy, Sekar   Sekar, Govidasamy","133","37","Indian Institute of Technology Madras","Chennai","India"
"","View last title","","","",""
"","","","","","",""
"118 6602696331 (i) on (i)","Subramanya Sarma, V.  Subramaniya Sarma, V.   Subramanya Sarma, Vadlamani   Subramanya Sarma, V.   Sarma, V. S.   Vadlamani, Subramanya Sarma   V., Subramanya Sarma   Sarma, Vadlamani S.   Sarma, V. Subramanya   Sarma, Vadlamani Subramanya   Sarma, Subramanya V.   Sarma, V.","132","35","Indian Institute of Technology Madras","Chennai","India"
"","View last title","","","",""
"","","","","","",""
"119 23490677700 (i) on (i)","Vinu, R.  Vinu, R.   Vinu, Ravikrishnan","131","35","Indian Institute of Technology Madras","Chennai","India"
"","View last title","","","",""
"","","","","","",""
"120 55236809800 (i) on (i)","Srinivasan, Sivakumar M.  Sivakumar, Srinvasan M.   Sivakumar, S.   Srinivasan, M.   Sivakumar, Ms   Kumar, S. M.Siva   Srinivasan, Sivakumar M.   Srinivasan, S.   Srinivasan, Suganthi Salem   Srinivasan, S. M.   Sivakumar, S. M.   Sivakumar, M. S.   Sivakumar, Srinivasan M.","130","21","Indian Institute of Technology Madras","Chennai","India"
"","View last title","","","",""
"","","","","","",""
"121 35976256700 (i) on (i)","Krishnapillai, Shankar  Shankar, Krishnapillai K.   Krishnapillai, S.   Shankar, K.   Shankar, Krishnapillai","129","17","Indian Institute of Technology Madras","Chennai","India"
"","View last title","","","",""
"","","","","","",""
"122 9633155500 (i) on (i)","Gnanamoorthy, Rajappa  Gnanamoorthy, R.","128","30","Indian Institute of Technology Madras","Chennai","India"
"","View last title","","","",""
"","","","","","",""
"123 6603625121 (i) on (i)","Sethupathi, Kanikrishnan  Sethupathi, K.","128","21","Indian Institute of Technology Madras","Chennai","India"
"","View last title","","","",""
"","","","","","",""
"124 13608408600 (i) on (i)","Raghavan, Vasudevan  Raghavan, V.","127","18","Indian Institute of Technology Madras","Chennai","India"
"","View last title","","","",""
"","","","","","",""
"125 7103035728 (i) on (i)","Narasimhan, Shankar  Narasimhan, S.   Narasimhan, Shankar S.","126","28","Indian Institute of Technology Madras","Chennai","India"
"","View last title","","","",""
"","","","","","",""
"126 15063948700 (i) on (i)","Arunachalam, Kavitha Ac In  Arunachalam, K.   Arunachalam, Kavithaakavitha@iitm ac in   Arunachalam, Kavitha","125","16","Indian Institute of Technology Madras","Chennai","India"
"","View last title","","","",""
"","","","","","",""
"127 57208887593 (i) on (i)","Balasubramanian, Kalapattukuppuswamy Kuppuswamy B.  Kuppuswamy Balasubramanian, Kalpattu   Balasubramanian, Kalputtu Kuppuswamy   Balasubramanian, K. K.   Balasubramanian, Kalpattu Kuppuswamy   Balasubramanian, Kalapattukuppuswamy   Balasubramanian, Kalpatta Kuppuswamy   						      Balasubramanian, Kalpattu Kuppusamy   Balasubramanian, K. K.B.   Balasubramanian, Kalpattu K.   Balasubramanian, Kallupattu Kuppusamy   Balasubramanian, K.","125","22","Indian Institute of Technology Madras","Chennai","India"
"","View last title","","","",""
"","","","","","",""
"128 6701779459 (i) on (i)","Markandeyulu, G.  Garimalle, Markandeyulu   Markandeyulu, G. M.   Markandeyulu, G.","125","22","Indian Institute of Technology Madras","Chennai","India"
"","View last title","","","",""
"","","","","","",""
"129 6701538334 (i) on (i)","Vijayan, C.  Vijayan, Cheriyanath   Vijayan, C.   Vijayan, Cherianath","125","24","Indian Institute of Technology Madras","Chennai","India"
"","View last title","","","",""
"","","","","","",""
"130 53164128700 (i) on (i)","Kumar, Rajnish  Kumar, Raj   Kumar, R.","122","40","Indian Institute of Technology Madras","Chennai","India"
"","View last title","","","",""
"","","","","","",""
"131 7006339733 (i) on (i)","Sankaranarayanan, Venkataraman  Sankaranarayanan, V.","122","20","Indian Institute of Technology Madras","Chennai","India"
"","View last title","","","",""
"","","","","","",""
"132 7003802046 (i) on (i)","Chadha, Anju  Chadha, Aniu   Chadha, A.","121","31","Indian Institute of Technology Madras","Chennai","India"
"","View last title","","","",""
"","","","","","",""
"133 7004485437 (i) on (i)","Kothiyal, Mahendra Prasad  KOTHIYAL, M. P.   Kothiyal, M. P.   Kothiyal, Mahendra P.   Kothiyal, Mahenda P.","121","28","Indian Institute of Technology Madras","Chennai","India"
"","View last title","","","",""
"","","","","","",""
"134 7202613888 (i) on (i)","Mohan, Sankaralingam  Mohan, S.   Mohan, s.","121","21","Indian Institute of Technology Madras","Chennai","India"
"","View last title","","","",""
"","","","","","",""
"135 7003907366 (i) on (i)","Sekhar, A. S.  Seshadri, Sekhar Ananda Rao   Sekhar, A. S.   Sekhar, A. Seshadri","121","30","Indian Institute of Technology Madras","Chennai","India"
"","View last title","","","",""
"","","","","","",""
"136 7004630305 (i) on (i)","Sobhanadri, Jandhyala  SOBHANADRI, J.   Sobhanadri, J.","120","18","Indian Institute of Technology Madras","Chennai","India"
"","View last title","","","",""
"","","","","","",""
"137 7003488774 (i) on (i)","Bisht, Prem Ballabh  Bisht, Prem B.   Bisht, P. B.   Bishta, P. B.   Bisht, Prem","119","19","Indian Institute of Technology Madras","Chennai","India"
"","View last title","","","",""
"","","","","","",""
"138 6603559893 (i) on (i)","Vijayaraghavan, Lakshmanan  Vijayaraghavan, L.   Vijayaraghavan, Laxmanan","119","24","Indian Institute of Technology Madras","Chennai","India"
"","View last title","","","",""
"","","","","","",""
"139 8408254600 (i) on (i)","Chakravarthy, V. Srinivasa  Chakravarthy, V. Srinivasa   Chakravarthy, Vaddadi Srinivasa   Srinivasa Chakravarthy, V.   Chakravarthy, V.   Chakravarthy, Sirnivasa   Chakravarthy, Srinivasa   Chakravarthy, Srinivasa V.   Chakravarthy, V. S.   Chakravarthy, S. V.","118","22","Indian Institute of Technology Madras","Chennai","India"
"","View last title","","","",""
"","","","","","",""
"140 55476994500 (i) on (i)","Das, Sukhendu  Das, S.","117","16","Indian Institute of Technology Madras","Chennai","India"
"","View last title","","","",""
"","","","","","",""
"141 7006104346 (i) on (i)","Panda, Tapobrata  Panda, T.","117","29","Indian Institute of Technology Madras","Chennai","India"
"","View last title","","","",""
"","","","","","",""
"142 7005412068 (i) on (i)","Ramamurthy, Perumal  Ramamoorthy, P.   Ramamurthy, P.","116","34","Indian Institute of Technology Madras","Chennai","India"
"","View last title","","","",""
"","","","","","",""
"143 55413842900 (i) on (i)","Machireddy, Ramasubba Reddy  Reddy, M. Ramasubba   Reddy, MacHireddy Ramasubba   Reddy M., Ramasubba   Reddy, Mrs   Reddy, Machireddy Ramasubba   Reddy, M. R.S.   Ramasubba, Reddy M.   Ramasubba Reddy, M.   Reddy, M. R.   Reddy, R. S.","115","15","Indian Institute of Technology Madras","Chennai","India"
"","View last title","","","",""
"","","","","","",""
"144 7005554122 (i) on (i)","Prabhakar, A.  Prabhakar, Anil   Prabhakar, A.","115","12","Indian Institute of Technology Madras","Chennai","India"
"","View last title","","","",""
"","","","","","",""
"145 15924020700 (i) on (i)","Rajagopal, Karpurapu  Karpurapu, Rajagopal   Karpurapu, R.   Rajagopal, K.   Karpurapu, R. G.","115","27","Indian Institute of Technology Madras","Chennai","India"
"","View last title","","","",""
"","","","","","",""
"146 6602154972 (i) on (i)","Sudheer, K. P.  Kulamulla Parambath, Sudheer   Sudheer, K. P.   Sudheer, K.","115","36","Indian Institute of Technology Madras","Chennai","India"
"","View last title","","","",""
"","","","","","",""
"147 6603913321 (i) on (i)","Umesh, S.  Umesh, S.   Umesh, Srinivasan","115","16","Indian Institute of Technology Madras","Chennai","India"
"","View last title","","","",""
"","","","","","",""
"148 6505992338 (i) on (i)","Janaki Ram, G. D.  Ram, Gabbita Durga Janaki   Ram, G. D.J.   Ram, G. D.Janaki   Janaki Ram, Durga   Janaki Ram, G. D.   Janaki Ram, G.   Janakiram, G. D.   JanakiRam, G. D.","114","36","Indian Institute of Technology Madras","Chennai","India"
"","View last title","","","",""
"","","","","","",""
"149 8515375100 (i) on (i)","Jeganmohan, Masilamani","114","49","Indian Institute of Technology Madras","Chennai","India"
"","View last title","","","",""
"","","","","","",""
"150 57191294479 (i) on (i)","Krishnamurthi, Ramesh  Ramesh, K.   Ramesh, Krishnamurthi","114","22","Indian Institute of Technology Madras","Chennai","India"
"","View last title","","","",""
"","","","","","",""
"151 57193115014 (i) on (i)","Ramakrishnan, Chandrashekharan  Ramakrishnan, Chandrasekaran   Ramakrishnan, Chandrasekharan   RAMAKRISHNAN, C.   Ramakrishnan, C.","114","26","Indian Institute of Technology Madras","Chennai","India"
"","View last title","","","",""
"","","","","","",""
"152 57197739513 (i) on (i)","Shiva Nagendra, S. M.  Shiva Nagendra, S. M.   Nagendra, S. M.Shiva   Nagendra, Shiva S.M.   Shiva Nagendra, Saragur Madanayak   Nagendra, Shiva   Shiva Nagendra, Saragur M.   Nagendra, S. M.S.   Nagendra, Shiva Nagendra M.   Nagendra, Saragur Madanayak Shiva   Nagendra, Shiva M.   Nagendra, S.","114","26","Indian Institute of Technology Madras","Chennai","India"
"","View last title","","","",""
"","","","","","",""
"153 6507484049 (i) on (i)","Vanajakshi, Lelitha Devi  Vanajakashi, Lelitha   Vanajakshi, L. D.   Vanajakshi, Lelitha D.   Vanajakshi, Lelitha   Devi, Lelitha   Lanajakshi, Lelitha   Vanajakshi, L.   Vanjakshi, Lelitha","114","20","Indian Institute of Technology Madras","Chennai","India"
"","View last title","","","",""
"","","","","","",""
"154 7101687204 (i) on (i)","Menon, Devdas  Devdas, Menon   Menon, D.   Menondagger, Devdas   Menons, Devdas","113","11","Indian Institute of Technology Madras","Chennai","India"
"","View last title","","","",""
"","","","","","",""
"155 57223419774 (i) on (i)","Ramachandra Rao, Mamidanna Sri Ramachandra  Ramachandra Rao, M. S.   Rao, Mamidanna Sri Ramachandra   Rao, Mamidanna S.Ramachandra   Rao, M. S.Ramachandra   Rao, M. S.R.","113","16","Indian Institute of Technology Madras","Chennai","India"
"","View last title","","","",""
"","","","","","",""
"156 6603810479 (i) on (i)","Dhamodharan, R.  Iyengar, D.   Raghavachari, Dhamodharan   Iyengar, D. R.   Iyengar, Dhamodharan R.   Dhamodharan, R.   Dhamodharan, Raghavachari","112","28","Indian Institute of Technology Madras","Chennai","India"
"","View last title","","","",""
"","","","","","",""
"157 57194379368 (i) on (i)","Murali Krishnan, J.  Murali Krishnan, Prof   Krishnan, J. Murali   Murali Krishnan, J.   Krishnan, J. M.","112","16","Indian Institute of Technology Madras","Chennai","India"
"","View last title","","","",""
"","","","","","",""
"158 7005785721 (i) on (i)","Rama Rao, K. V.S.  Rama Rao, K.   Rama Rao, K. Y.S.","112","19","Indian Institute of Technology Madras","Chennai","India"
"","View last title","","","",""
"","","","","","",""
"159 10144069600 (i) on (i)","Shanmugam, Palanisamy  Shanmugam, P.   Palanisamy, Shanmugam","110","21","Indian Institute of Technology Madras","Chennai","India"
"","View last title","","","",""
"","","","","","",""
"160 57193812712 (i) on (i)","Chakraborty, Debashis  Chakraborty, D.   Debashis Chakraborty","109","32","Indian Institute of Technology Patna","Patna","India"
"","View last title","","","",""
"","","","","","",""
"161 56929666000 (i) on (i)","Srinivasan, K.  Srinivasan, K.   Kothandaraman, Srinivasan","108","15","Indian Institute of Technology Madras","Chennai","India"
"","View last title","","","",""
"","","","","","",""
"162 56880486300 (i) on (i)","Baskaran, Ganapathy  Baskaran, G.","107","22","Institute of Mathematical Sciences India","Chennai","India"
"","View last title","","","",""
"","","","","","",""
"163 7402912519 (i) on (i)","Srinivasan, S. K.","107","9","Indian Institute of Technology Madras","Chennai","India"
"","View last title","","","",""
"","","","","","",""
"164 16032246100 (i) on (i)","Tiwari, Shaligram  Tiwari, S.   Shaligram, Tiwari","107","19","Indian Institute of Technology Madras","Chennai","India"
"","View last title","","","",""
"","","","","","",""
"165 57200772293 (i) on (i)","Balasubramanian, M.  Balasubramanian, Mahalingam   Balasubramaniam, M.   Balasubramanian, Mahaling   Balasubramanian, M.","106","25","Indian Institute of Technology Madras","Chennai","India"
"","View last title","","","",""
"","","","","","",""
"166 7006643248 (i) on (i)","Chand, Dillip Kumar  Kumar Chand, Dillip   Chand, Dillip K.   Chand, Dilip Kumar","106","31","Indian Institute of Technology Madras","Chennai","India"
"","View last title","","","",""
"","","","","","",""
"167 7006047828 (i) on (i)","Damodara das, V.  Damodara Das, V.   Das, V. Damodara   Das, V. D.","106","22","Indian Institute of Technology Madras","Chennai","India"
"","View last title","","","",""
"","","","","","",""
"168 7003456916 (i) on (i)","Prasad, Edamana  Prasad, E.","106","29","Indian Institute of Technology Madras","Chennai","India"
"","View last title","","","",""
"","","","","","",""
"169 7201952818 (i) on (i)","Seshadri, S. Krishnamoorthy  Seshadri, S. K.","105","44","Indian Institute of Technology Madras","Chennai","India"
"","View last title","","","",""
"","","","","","",""
"170 7102443413 (i) on (i)","Chandrasekaran, Srinivasan  Srinivasan, Chandrasekaran   Chandrasekaran, S.","104","17","Indian Institute of Technology Madras","Chennai","India"
"","View last title","","","",""
"","","","","","",""
"171 7102659858 (i) on (i)","Balakrishnan, V.  balakrishnan, V.","103","17","Indian Institute of Technology Madras","Chennai","India"
"","View last title","","","",""
"","","","","","",""
"172 7006971991 (i) on (i)","Murty, C. V.R.","103","16","Indian Institute of Technology Madras","Chennai","India"
"","View last title","","","",""
"","","","","","",""
"173 7004816864 (i) on (i)","Prabhu, K. M.Muraleedhara  Prabhu, KMM   Prabhu, K. M.M.","103","11","Indian Institute of Technology Madras","Chennai","India"
"","View last title","","","",""
"","","","","","",""
"174 6602742490 (i) on (i)","Udupa, M. Ramakrishna  Udupa, M. R.   Udupa, MR","103","15","Indian Institute of Technology Madras","Chennai","India"
"","View last title","","","",""
"","","","","","",""
"175 24177950800 (i) on (i)","Bakshi, Srinivasa Rao  Bakshi, S. R.   Bakshi, Srinivas R.   Bakshi, Srinivasa R.   Rao Bakshi, Srinivasa","102","37","Indian Institute of Technology Madras","Chennai","India"
"","View last title","","","",""
"","","","","","",""
"176 6603357551 (i) on (i)","Bhashyam, S.  Bhashyam, S.   Bhashyam, Srikrishna","102","13","Indian Institute of Technology Madras","Chennai","India"
"","View last title","","","",""
"","","","","","",""
"177 35617044000 (i) on (i)","Faruque Ali, Shaikh  Ali, Sk F.   Ali, Shaikh Faruque   Ali, S. F.   Ali, Sk Faruque   Ali, Shaikh F.   Ali, S. Faruque   Ali, Sk Fanique","102","22","Indian Institute of Technology Madras","Chennai","India"
"","View last title","","","",""
"","","","","","",""
"178 7403239010 (i) on (i)","Sarkar, Sunetra  Sarkar, S.","102","17","Indian Institute of Technology Madras","Chennai","India"
"","View last title","","","",""
"","","","","","",""
"179 6603383942 (i) on (i)","Gandham, Phanikumar  Phanikumar, Gandham   Phanikumar, G.   Gandham, P.","101","22","Indian Institute of Technology Madras","Chennai","India"
"","View last title","","","",""
"","","","","","",""
"180 7003971025 (i) on (i)","Jhunjhunwala, Ashok  Jhunjhunwala, A.","101","11","Indian Institute of Technology Madras","Chennai","India"
"","View last title","","","",""
"","","","","","",""
"181 55224365800 (i) on (i)","Sridharan, Krishnamurthy  Sridharan, K.   Sridharan, Krishnamurth","101","17","Indian Institute of Technology Madras","Chennai","India"
"","View last title","","","",""
"","","","","","",""
"182 22936041800 (i) on (i)","Sriram, V.  V, Sriram   Sriram, Venkatachalam   Venkatachalam, Sriram   Sriram, V.","101","15","Indian Institute of Technology Madras","Chennai","India"
"","View last title","","","",""
"","","","","","",""
"183 55893800200 (i) on (i)","Krithivasan, Kamala  Krithivasan, K.","100","12","Indian Institute of Technology Madras","Chennai","India"
"","View last title","","","",""
"","","","","","",""
"184 57205192792 (i) on (i)","Raghukanth, S. T.G.  Raghu Kanth, S. T.G.   Raghukanth, S.   Raghukanth, S. T.G.","100","16","Indian Institute of Technology Madras","Chennai","India"
"","View last title","","","",""
"","","","","","",""
"185 8390822300 (i) on (i)","Rayala, Suresh Kumar  Rayala, S.   Kumar, Rayala Suresh   Rayala, Suresh K.   Rayala, Suresh   Suresh Kumar, Rayala   Rayala, S. K.","100","33","Indian Institute of Technology Madras","Chennai","India"
"","View last title","","","",""
"","","","","","",""
"186 7003719679 (i) on (i)","Senapati, Sanjib  Senapati, S.","100","24","Indian Institute of Technology Madras","Chennai","India"
"","View last title","","","",""
"","","","","","",""
"187 6701652103 (i) on (i)","Thangaraj, Andrew E.  Thangaraj, Andrew   Thangaraj, A.   Thangaraj, Andrew E.","100","15","Indian Institute of Technology Madras","Chennai","India"
"","View last title","","","",""
"","","","","","",""
"188 36198763500 (i) on (i)","Srinivasan, Babji  Babji, S.   Srinivasan, Babki   Srinivasan, B.   Srinivasana, Babji","99","17","Indian Institute of Technology Madras","Chennai","India"
"","View last title","","","",""
"","","","","","",""
"189 8843673500 (i) on (i)","Hatua, Kamalesh  Hatua, Kamlesh   Hatua, K.","98","20","Indian Institute of Technology Madras","Chennai","India"
"","View last title","","","",""
"","","","","","",""
"190 6506518801 (i) on (i)","Nambi, Indumathi Manivannan  Nambi, I. M.   Nambi, I.   Nambi, Indumathi M.   NAMBI, I. N.D.U.M.A.T.H.I.M.   Manivannan Nambi, Indumathi   Nambi, Indumathi","98","25","Indian Institute of Technology Madras","Chennai","India"
"","View last title","","","",""
"","","","","","",""
"191 6603924844 (i) on (i)","Varghese, Koshy  Varghese, K.","98","17","Indian Institute of Technology Madras","Chennai","India"
"","View last title","","","",""
"","","","","","",""
"192 36920538500 (i) on (i)","Vaya, Pukhraj R.  Vaya, P. E.   Vaya, P. R.   Vaya, Pukhraj","98","7","Indian Institute of Technology Madras","Chennai","India"
"","View last title","","","",""
"","","","","","",""
"193 6603657010 (i) on (i)","Ganesh Sundara Raman, S. Ganesh Sundara  Ganesh Sundara Raman, Subramanian   Ganesh Sundara Raman, S. Ganesh Sundara   Raman, S. Danesh Sundara   Raman, S. Ganesh Sundara   Ganesh Sundara Raman, S.   Sundara Raman, S. Ganesh   Raman, S. G.S.","97","29","Indian Institute of Technology Madras","Chennai","India"
"","View last title","","","",""
"","","","","","",""
"194 57218539523 (i) on (i)","Hariharan, Krishnaswamy  Hariharan, K.   Hariharan, Krishnaswamy","97","22","Indian Institute of Technology Madras","Chennai","India"
"","View last title","","","",""
"","","","","","",""
"195 12795098200 (i) on (i)","Somashekhar, S. Hiremath  Hiremath, Somashekhar S.   Somashekhar, S. Hiremath   Hiremath, S. S.   Hiremath, Somashekar S.   Somashekhar, S. H.   Somashekhar, S.   Hiremath, S. H.","97","16","Indian Institute of Technology Madras","Chennai","India"
"","View last title","","","",""
"","","","","","",""
"196 7003349413 (i) on (i)","Chandra Sekhar, Chellu  Sekhar, C. Chandra   Chandra Sekhar, C.   Sekhar, Chellu Chandra   Sekhar, C. C.","96","13","Indian Institute of Technology Madras","Chennai","India"
"","View last title","","","",""
"","","","","","",""
"197 35612007700 (i) on (i)","Ganti, Radha Krishna  Ganti, Radha Kishna   Ganti, R. K.   Ganti, Radhakrishna","96","24","Indian Institute of Technology Madras","Chennai","India"
"","View last title","","","",""
"","","","","","",""
"198 6603749527 (i) on (i)","Padmanabhan, Chandramouli  Padmanabhan, C.   Padmanabhan, Chramouli","96","23","Indian Institute of Technology Madras","Chennai","India"
"","View last title","","","",""
"","","","","","",""
"199 56269201800 (i) on (i)","Rangarajan, G.","95","19","Indian Institute of Technology Madras","Chennai","India"
"","View last title","","","",""
"","","","","","",""
"200 7101959185 (i) on (i)","Raphael, Benny  Raphael, B.","95","21","Indian Institute of Technology Madras","Chennai","India"
"","View last title","","","",""
"","","","","","",""