"Result Number","Author","Documents","h-index          Author metrics Scopus is adding an array of metrics for researchers. As an initial step, the h-index has been added.  The h-graph is one way of displaying and comparing the productivity and impact of published work of scholars. It should only be used together with a mix of quantitative and qualitative metrics.  More metrics will be added in the course of the year.","Affiliation","City","Country/Territory"
"1 57206266783 (i) on (i)","Kumar, Amit  Kumar, A.   Kumar, A. Sanjeev","366","41","Indian Institute of Technology Guwahati","Guwahati","India"
"","View last title","","","",""
"","","","","","",""
"2 9738354800 (i) on (i)","Nandi, Sukumar  Nandi, S.   Nandi, Sukurnar","364","23","Indian Institute of Technology Guwahati","Guwahati","India"
"","View last title","","","",""
"","","","","","",""
"3 7006941345 (i) on (i)","Baruah, Jubaraj Bikash  Baruah, Jubara B.   Baruah, Jubaraj B.   Baruah, Jubaraj   BARUAH, J. U.B.A.R.A.J.B.   Bikash Baruah, Jubaraj   Baruah, Jubarj Bikash   Baruah, J. B.","289","29","Indian Institute of Technology Guwahati","Guwahati","India"
"","View last title","","","",""
"","","","","","",""
"4 56208189100 (i) on (i)","Goyal, Arun  Goyal, A.   Goyal, Anin","244","36","Indian Institute of Technology Guwahati","Guwahati","India"
"","View last title","","","",""
"","","","","","",""
"5 35464697200 (i) on (i)","Das, Gopal  Das, G.","243","40","Indian Institute of Technology Guwahati","Guwahati","India"
"","View last title","","","",""
"","","","","","",""
"6 14630663000 (i) on (i)","Kunnumakkara, Ajaikumar B.  Kunnumakara, Ajaikumar B.   Kunnumakkara, Ajaikumar B.   Ajaikumar, K. B.   Kunnumakkara, Ajai B.   Kunnumakkara, Ajaikumar   Kunnumakkar, Ajaikumar B.   KunnumakkarA., Ajaikumar B.   Kunnumakara, A.   Kunnumakkara, Ajaikumar Bahulayan   Kunnumakkara, A. B.   Kunnumakkara, Ajaikomar B.","243","62","Indian Institute of Technology Guwahati","Guwahati","India"
"","View last title","","","",""
"","","","","","",""
"7 56962713700 (i) on (i)","Iyer, Parameswar K.  Iyer, Parameswar   Krishnan Iyer, Parameswar   Iyer, P.   Krishnan Iyer, Parmeswar   Iyer, Parmeswar Krishnan   Iyer, Parameswar Krishnan   Iyer, Parameswar K.   Iyer, P. K.","217","37","Indian Institute of Technology Guwahati","Guwahati","India"
"","View last title","","","",""
"","","","","","",""
"8 35583484000 (i) on (i)","Bose, Sanjay Kumar  Kumar Bose, Sanjay   Bose, S.   Bose, Sanjay   Bose, Sanjay Kumaer   Bose, S. K.   Bose, Sanjay K.","214","19","Indian Institute of Technology Guwahati","Guwahati","India"
"","View last title","","","",""
"","","","","","",""
"9 12764460600 (i) on (i)","Kalamdhad, Ajay S.  Kalamdhad, Ajay   Kalamdhad, Ajay S.   Kalamdhad, A. S.","210","35","Indian Institute of Technology Guwahati","Guwahati","India"
"","View last title","","","",""
"","","","","","",""
"10 6602626233 (i) on (i)","Purkait, M. K.  Purkait, Mihir K.   Purkait, Mihir   Purkait, M. K.   Purkait, Mihir Kumar","210","59","Indian Institute of Technology Guwahati","Guwahati","India"
"","View last title","","","",""
"","","","","","",""
"11 57207577524 (i) on (i)","Ghosh, Siddhartha Sankar  Ghosh, Siddhartha A.   Ghosh, S. S.   Ghosh, Sidhhartha S.   Ghosh, Siddhartha S.   Ghosh, Siddartha S.   Sankar Ghosh, Siddhartha   Ghosh, Siddharta   Ghsoh, Siddhartha Sankar   Ghosh, S.   Ghosh, Siddharth S.   Ghosh, Siddhartha","203","42","Indian Institute of Technology Guwahati","Guwahati","India"
"","View last title","","","",""
"","","","","","",""
"12 8426616800 (i) on (i)","Kumar, Bimlesh  Kumar, B. Ravi   Kumar, Bimlosh   Kumar, B.","203","18","Indian Institute of Technology Guwahati","Guwahati","India"
"","View last title","","","",""
"","","","","","",""
"13 7801504970 (i) on (i)","Pakshirajan, Kannan  Pakshirajan, K.","203","41","Indian Institute of Technology Guwahati","Guwahati","India"
"","View last title","","","",""
"","","","","","",""
"14 18437406300 (i) on (i)","Manivannan, Vadivelu  Manivannan, V.","189","19","Indian Institute of Technology Guwahati","Guwahati","India"
"","View last title","","","",""
"","","","","","",""
"15 15922221700 (i) on (i)","Dandapat, Samarendra  Dandapat, S.   Samerendra, Dandapat","183","21","Indian Institute of Technology Guwahati","Guwahati","India"
"","View last title","","","",""
"","","","","","",""
"16 56249349700 (i) on (i)","Mohanty, Kaustubha  Mohanty, K.","182","39","Indian Institute of Technology Guwahati","Guwahati","India"
"","View last title","","","",""
"","","","","","",""
"17 7202920650 (i) on (i)","Chattopadhyay, Arun","176","42","Indian Institute of Technology Guwahati","Guwahati","India"
"","View last title","","","",""
"","","","","","",""
"18 6602090180 (i) on (i)","Dixit, Uday Shanker  Dixit, U. S.   Dixit, Uday S.   DIXIT, Uday Shanker","176","24","Indian Institute of Technology Guwahati","Guwahati","India"
"","View last title","","","",""
"","","","","","",""
"19 7003280153 (i) on (i)","Bhattacharjee, Ratnajit  Bhattacharjee, R.","175","13","Indian Institute of Technology Guwahati","Guwahati","India"
"","View last title","","","",""
"","","","","","",""
"20 56024582900 (i) on (i)","Bhuyan, M. K.  Bhuyan, M.   Bhuyan, Manas Kamal   Bhuyan, Manas   Bhuyan, Manas K.   Bhuyan, M. K.","175","16","Indian Institute of Technology Guwahati","Guwahati","India"
"","View last title","","","",""
"","","","","","",""
"21 7402619408 (i) on (i)","Patel, Bhisma Kumar  Patel, Bhisma K.   Patel, B. K.","174","48","Indian Institute of Technology Guwahati","Guwahati","India"
"","View last title","","","",""
"","","","","","",""
"22 7404910522 (i) on (i)","Khan, Abu Taleb  Khan, Abu T.   Khan, A. T.","173","40","Indian Institute of Technology Guwahati","Guwahati","India"
"","View last title","","","",""
"","","","","","",""
"23 55399950300 (i) on (i)","Giri, P. K.  Giri, Pk   Giri, P.   Giri, P. K.   Giri, Pravat K.","172","40","Indian Institute of Technology Guwahati","Guwahati","India"
"","View last title","","","",""
"","","","","","",""
"24 23983172700 (i) on (i)","Mandal, Biman B.  Mandal, Biman   Mandal, Biman B.  				    Mandal, B. B.","170","47","Indian Institute of Technology Guwahati","Guwahati","India"
"","View last title","","","",""
"","","","","","",""
"25 14071664200 (i) on (i)","Katiyar, Vimal  Katiyar, V.","167","31","Indian Institute of Technology Guwahati","Guwahati","India"
"","View last title","","","",""
"","","","","","",""
"26 57830739900 (i) on (i)","Bhuyan, B.","166","48","Indian Institute of Technology Guwahati","Guwahati","India"
"","View last title","","","",""
"","","","","","",""
"27 24794384200 (i) on (i)","Groll, Manfred  Groll, M.","164","34","Indian Institute of Technology Guwahati","Guwahati","India"
"","View last title","","","",""
"","","","","","",""
"28 8728771000 (i) on (i)","Ravi, Seenipandian  Ravi, S.","164","21","Indian Institute of Technology Guwahati","Guwahati","India"
"","View last title","","","",""
"","","","","","",""
"29 8516314200 (i) on (i)","Pugazhenthi, Gopal  Pugazhenthi, G.","162","35","Indian Institute of Technology Guwahati","Guwahati","India"
"","View last title","","","",""
"","","","","","",""
"30 18438148100 (i) on (i)","Palathinkal, Roy Paily  Paily, R.   Paily, R. P.   Paily, Roy   Paily, Roy P.","160","17","Indian Institute of Technology Guwahati","Guwahati","India"
"","View last title","","","",""
"","","","","","",""
"31 56250068300 (i) on (i)","Tiwari, Rajiv  TIWARI, R. A.J.I.V.   Tiwari, R.","158","30","Indian Institute of Technology Guwahati","Guwahati","India"
"","View last title","","","",""
"","","","","","",""
"32 7005489822 (i) on (i)","Bora, Prabin Kumar  Bora, Prabin K.   Kumar, Prabin   Bora, P. K.   Bora, Prabin","155","14","Indian Institute of Technology Guwahati","Guwahati","India"
"","View last title","","","",""
"","","","","","",""
"33 24481062500 (i) on (i)","Goud, Vaibhav V.  Goud, V. V.   Goud, Vaibhav   Goud, Vaibhav Vasant   Goud, Vaibhav V.   Goud, Vaibhab V.   Goud, Vibhav V.","154","37","Indian Institute of Technology Guwahati","Guwahati","India"
"","View last title","","","",""
"","","","","","",""
"34 6603710907 (i) on (i)","Punniyamurthy, Tharmalingam  Punniyamurthy, Tharmalingan   Punniyamurthy, T.","153","45","Indian Institute of Technology Guwahati","Guwahati","India"
"","View last title","","","",""
"","","","","","",""
"35 6507484393 (i) on (i)","Sreedeep, Sekharan  Sekharan, S.   Sekharan, Sreedeep   Sreedeep, S.","152","24","Indian Institute of Technology Guwahati","Guwahati","India"
"","View last title","","","",""
"","","","","","",""
"36 10139321600 (i) on (i)","Banerjee, Tamal  Banerjee, T.","150","33","Indian Institute of Technology Guwahati","Guwahati","India"
"","View last title","","","",""
"","","","","","",""
"37 15923291800 (i) on (i)","Kshetrimayum, Rakhesh Singh  Kshetrimayum, R. S.   Kshetrimayum, Rakhesh S.   Singh Kshetrimayum, Rakhesh","148","17","Indian Institute of Technology Guwahati","Guwahati","India"
"","View last title","","","",""
"","","","","","",""
"38 15122535100 (i) on (i)","Pamu, Dobbidi  Dobbidi, Pamu   Pamu, D.","148","19","Indian Institute of Technology Guwahati","Guwahati","India"
"","View last title","","","",""
"","","","","","",""
"39 35577440500 (i) on (i)","Saha, Ujjwal K.  Saha, Ujjwal   Saha, U. K.","147","32","Indian Institute of Technology Guwahati","Guwahati","India"
"","View last title","","","",""
"","","","","","",""
"40 24831761200 (i) on (i)","Kumar, Praveen  Kumar, P.","146","20","Indian Institute of Technology Guwahati","Guwahati","India"
"","View last title","","","",""
"","","","","","",""
"41 57208292217 (i) on (i)","Kumar, Sachin  Kumar, S.","145","23","Indian Institute of Technology Guwahati","Guwahati","India"
"","View last title","","","",""
"","","","","","",""
"42 57205905998 (i) on (i)","Srinivasan, Ananthakrishanan  Srinivasan, Ananthakrishnan   Srinivasan, A.","144","25","Indian Institute of Technology Guwahati","Guwahati","India"
"","View last title","","","",""
"","","","","","",""
"43 9735536100 (i) on (i)","Khare, Alika  Khare, A.","143","17","Indian Institute of Technology Guwahati","Guwahati","India"
"","View last title","","","",""
"","","","","","",""
"44 6602812703 (i) on (i)","Dwivedy, Santosha Kumar  Dwivedy, S. K.   Dwivedy, Santosh Kumar   Dwivedy, Santosha K.   Kumar Dwivedy, Santosha","138","22","Indian Institute of Technology Guwahati","Guwahati","India"
"","View last title","","","",""
"","","","","","",""
"45 25722692700 (i) on (i)","Bandyopadhyay, Dipankar  Bandopadhayay, Dipankar   Bandyopadhyay, DIpankar   Bandopadhayay, D.   Bandyopadhyay, D.","136","23","Indian Institute of Technology Guwahati","Guwahati","India"
"","View last title","","","",""
"","","","","","",""
"46 7004554169 (i) on (i)","Majhi, Somanath  Majhi, S.","136","23","Indian Institute of Technology Guwahati","Guwahati","India"
"","View last title","","","",""
"","","","","","",""
"47 57208667781 (i) on (i)","Kumar, Rakesh  Kumar, R.   Kumar, R. Satish","130","31","Indian Institute of Technology Guwahati","Guwahati","India"
"","View last title","","","",""
"","","","","","",""
"48 23980822200 (i) on (i)","Sahoo, Niranjan  Niranjan, Sahoo   SAHOO, N.   Sahoo, N.","129","23","Indian Institute of Technology Guwahati","Guwahati","India"
"","View last title","","","",""
"","","","","","",""
"49 35513613200 (i) on (i)","Chakraborty, Debabrata K.  Chakraborty, D.   Chakraborty, Debabrata   Chakraborty, D. K.","128","21","Indian Institute of Technology Guwahati","Guwahati","India"
"","View last title","","","",""
"","","","","","",""
"50 37005361300 (i) on (i)","Borah, Debasish  Borah, Dipangkar   Borah, D.","122","21","Indian Institute of Technology Guwahati","Guwahati","India"
"","View last title","","","",""
"","","","","","",""
"51 38562030700 (i) on (i)","Sinha, Rohit  Sinha, R.","122","18","Indian Institute of Technology Guwahati","Guwahati","India"
"","View last title","","","",""
"","","","","","",""
"52 14523648600 (i) on (i)","Trivedi, Gaurav  Gaurav, Trivedi   Trivedi, G.","122","9","Indian Institute of Technology Guwahati","Guwahati","India"
"","View last title","","","",""
"","","","","","",""
"53 57830739800 (i) on (i)","Bhuyan, B.","120","46","Indian Institute of Technology Guwahati","Guwahati","India"
"","View last title","","","",""
"","","","","","",""
"54 8568483500 (i) on (i)","Dalal, Amaresh  Dalal, A.","120","26","Indian Institute of Technology Guwahati","Guwahati","India"
"","View last title","","","",""
"","","","","","",""
"55 7007024931 (i) on (i)","Ghoshal, Aloke Kumar  Ghoshal, Aloke K.   Ghoshal, A. K.","117","42","Indian Institute of Technology Guwahati","Guwahati","India"
"","View last title","","","",""
"","","","","","",""
"56 57217422061 (i) on (i)","Selvaraju, Narayanasamy  Narayanasamy, Selvaraju   Selvaraju, N.","117","31","Indian Institute of Technology Guwahati","Guwahati","India"
"","View last title","","","",""
"","","","","","",""
"57 57201789684 (i) on (i)","Narayanan, R. Ganesh  Narayanan, R. G.   NARAYANAN, R. G.   Ganesh Narayanan, R.   Narayanan, R.   NARAYANAN, R.   Narayanan, R. Ganesh   NARAYANAN, R. Ganesh   Narayanan, Ramabadran Ganesh","115","16","Indian Institute of Technology Guwahati","Guwahati","India"
"","View last title","","","",""
"","","","","","",""
"58 36090398500 (i) on (i)","Uppaluri, Ramagopal V.S.  Uppaluri, R. V.S.   Uppaluri, Ramgopal   Uppaluri, R.   Uppaluri, Ramagopal   Uppaluri, Ramgopal V.S.   Ramgopal, Uppaluri","114","33","Indian Institute of Technology Guwahati","Guwahati","India"
"","View last title","","","",""
"","","","","","",""
"59 12763109300 (i) on (i)","Basu, Saurabh N.  Basu, S.   Basu, S. N.   Basu, Saurabh   Basul, Saurabh","111","10","Indian Institute of Technology Guwahati","Guwahati","India"
"","View last title","","","",""
"","","","","","",""
"60 55520323100 (i) on (i)","Kumar Mondal, Pranab  Mondal, Pranab Kumar   Mondal, Pranab   Mondal, P. K.   Mondal, Pranab K.","111","23","Indian Institute of Technology Guwahati","Guwahati","India"
"","View last title","","","",""
"","","","","","",""
"61 6603780827 (i) on (i)","Sahoo, Lingaraj  Sahoo, L.   Lingaraj, Sahoo","111","28","Indian Institute of Technology Guwahati","Guwahati","India"
"","View last title","","","",""
"","","","","","",""
"62 7005438230 (i) on (i)","Kapoor, Hemangee K.  Kapoor, H. K.   Kapoor, Hemangee K.   Kapoor, H.","108","10","Indian Institute of Technology Guwahati","Guwahati","India"
"","View last title","","","",""
"","","","","","",""
"63 7005851309 (i) on (i)","Perumal, Alagarsamy  Perumal, A.   Peruma, Alagarsamy","108","21","Indian Institute of Technology Guwahati","Guwahati","India"
"","View last title","","","",""
"","","","","","",""
"64 57830740000 (i) on (i)","Bhuyan, B.","107","30","Indian Institute of Technology Guwahati","Guwahati","India"
"","View last title","","","",""
"","","","","","",""
"65 57830649500 (i) on (i)","Bhuyan, Bipul  Bhuyan, B.","107","37","Indian Institute of Technology Guwahati","Guwahati","India"
"","View last title","","","",""
"","","","","","",""
"66 26638383500 (i) on (i)","Nayak, Sisir Kumar  Nayak, Sisir K.   Nayak, Sisir Kr   Nayak, S. K.   Kumar Nayak, Sisir   Nayak, S.","104","15","Indian Institute of Technology Guwahati","Guwahati","India"
"","View last title","","","",""
"","","","","","",""
"67 20436756200 (i) on (i)","Rangan, Latha  Latha, R.   Latha, Rangan   Rangan, L.","104","20","Indian Institute of Technology Guwahati","Guwahati","India"
"","View last title","","","",""
"","","","","","",""
"68 8875090000 (i) on (i)","Majumder, Subrata Kumar  Majumder, S. K.   Kumar Majumder, Subrata   Majumder, Subrata K.","103","19","Indian Institute of Technology Guwahati","Guwahati","India"
"","View last title","","","",""
"","","","","","",""
"69 7004466813 (i) on (i)","Natesan, Srinivasan  Natesan, S.","103","22","Indian Institute of Technology Guwahati","Guwahati","India"
"","View last title","","","",""
"","","","","","",""
"70 57211250945 (i) on (i)","Kulkarni, Vinayak  Kulkarni, Vinayak N.   Kulkarni, V.   Vinayak, Kulkarni   Kulkarni, V. N.   Kulkarni, Vinayak Narayan","102","17","Indian Institute of Technology Guwahati","Guwahati","India"
"","View last title","","","",""
"","","","","","",""
"71 7401979362 (i) on (i)","Paul, Sandip","102","26","Indian Institute of Technology Guwahati","Guwahati","India"
"","View last title","","","",""
"","","","","","",""
"72 24343762400 (i) on (i)","Hazarika, Shyamanta M.  Hazarika, Shyamanta M.   Hazarika, S. M.   Hazarika, Shyamanta   Hazarika, Shyamanta Moni","99","15","Indian Institute of Technology Guwahati","Guwahati","India"
"","View last title","","","",""
"","","","","","",""
"73 55553625600 (i) on (i)","Kumar, Gagan  Kumar, G.","98","20","Indian Institute of Technology Guwahati","Guwahati","India"
"","View last title","","","",""
"","","","","","",""
"74 56976029700 (i) on (i)","Kishore, Nanda  Kishore, N.","97","18","Indian Institute of Technology Guwahati","Guwahati","India"
"","View last title","","","",""
"","","","","","",""
"75 55995955100 (i) on (i)","Saikia, Anil Kumar  Saikia, Anil   Saikia, Anupam   Saikia, A. K.   Saikia, Anil K.","97","26","Indian Institute of Technology Guwahati","Guwahati","India"
"","View last title","","","",""
"","","","","","",""
"76 24075241100 (i) on (i)","Biswas, Pankaj  Biswas, P.","96","18","Indian Institute of Technology Guwahati","Guwahati","India"
"","View last title","","","",""
"","","","","","",""
"77 7004865077 (i) on (i)","Mondal, Biplab  Mondal, B.","96","24","Indian Institute of Technology Guwahati","Guwahati","India"
"","View last title","","","",""
"","","","","","",""
"78 15844112700 (i) on (i)","Sauer, Roger A.  Sauer, Roger   Sauer, R.   Sauer, Roger A.   Sauer, R. A.   Sauer, Roger Andrew","96","25","Gdańsk University of Technology","Gdansk","Poland"
"","View last title","","","",""
"","","","","","",""
"79 16643102900 (i) on (i)","Mahanta, Chitralekha  Mahanta, Chitrelekha   Mahanta, C.","95","20","Indian Institute of Technology Guwahati","Guwahati","India"
"","View last title","","","",""
"","","","","","",""
"80 23668162400 (i) on (i)","Majhi, Bibhas Ranjan  Ranjan, Bibhas Majhi   Majhi, B. R.","95","27","Indian Institute of Technology Guwahati","Guwahati","India"
"","View last title","","","",""
"","","","","","",""
"81 17435043600 (i) on (i)","Manna, Uttam  Manna, U.","94","25","Indian Institute of Technology Guwahati","Guwahati","India"
"","View last title","","","",""
"","","","","","",""
"82 57211144406 (i) on (i)","Nath, Kamal Jyoti  Nath, K. J.   Nath, K.","93","24","Indian Institute of Technology Guwahati","Guwahati","India"
"","View last title","","","",""
"","","","","","",""
"83 23011693200 (i) on (i)","Bag, Swarup  Bag, S.","92","19","Indian Institute of Technology Guwahati","Guwahati","India"
"","View last title","","","",""
"","","","","","",""
"84 7004458153 (i) on (i)","Sarma, Amarendra Kumar  Sarma, Amarendra K.   Sarma, A. K.","92","23","Indian Institute of Technology Guwahati","Guwahati","India"
"","View last title","","","",""
"","","","","","",""
"85 57203083733 (i) on (i)","Agarwal, Pratima  Agarwal, P.","91","15","Indian Institute of Technology Guwahati","Guwahati","India"
"","View last title","","","",""
"","","","","","",""
"86 36068589500 (i) on (i)","Mishra, Subhash Chandras  Mishra, S.   Mishra, Subhash C.   Mishra, Sunhash C.   Mishra, S. C.   Mishra, Subhash   Mishra, S. C.K.","91","32","Indian Institute of Technology Guwahati","Guwahati","India"
"","View last title","","","",""
"","","","","","",""
"87 57830649600 (i) on (i)","Bhuyan, Bipul  Bhuyan, B.","90","34","Indian Institute of Technology Guwahati","Guwahati","India"
"","View last title","","","",""
"","","","","","",""
"88 7101701718 (i) on (i)","Dey, Arindam  Dey, A.   Arindam, Dey","90","11","Indian Institute of Technology Guwahati","Guwahati","India"
"","View last title","","","",""
"","","","","","",""
"89 16242175300 (i) on (i)","Nemade, Harshal B.  Nemade, Harshal   Nemade, H. B.   Nemade, Hashal B.   Nemade, H.   Nemade, Harshal B.   Nemade, Harshal Bhalchandra   Nemade, Harsha B.","87","14","Indian Institute of Technology Guwahati","Guwahati","India"
"","View last title","","","",""
"","","","","","",""
"90 36053814800 (i) on (i)","Patra, Sunando Kumar  Patra, S. K.   Patra, S.   Patra, Sunando K.","87","18","Indian Institute of Technology Guwahati","Guwahati","India"
"","View last title","","","",""
"","","","","","",""
"91 35226980800 (i) on (i)","Bhuyan, B.  Bhuyan, Bipul   Bhuyan, B.","86","16","Indian Institute of Technology Guwahati","Guwahati","India"
"","View last title","","","",""
"","","","","","",""
"92 57201237087 (i) on (i)","Ghosh, Pallab  Ghosh, P.","86","23","Indian Institute of Technology Guwahati","Guwahati","India"
"","View last title","","","",""
"","","","","","",""
"93 25224790000 (i) on (i)","Sikdar, Debabrata  Sikdar, D.","86","21","Indian Institute of Technology Guwahati","Guwahati","India"
"","View last title","","","",""
"","","","","","",""
"94 15055330900 (i) on (i)","Bag, Subhendu Sekhar  Bag, Subhendu S.","84","19","Indian Institute of Technology Guwahati","Guwahati","India"
"","View last title","","","",""
"","","","","","",""
"95 12243143400 (i) on (i)","Thota, Subhash  Thota, S.","84","20","Indian Institute of Technology Guwahati","Guwahati","India"
"","View last title","","","",""
"","","","","","",""
"96 6603146542 (i) on (i)","Bora, Utpal  Bora, U.","83","30","Indian Institute of Technology Guwahati","Guwahati","India"
"","View last title","","","",""
"","","","","","",""
"97 34978357200 (i) on (i)","Hazra, Budhaditya  Hazra, B.","83","21","Indian Institute of Technology Guwahati","Guwahati","India"
"","View last title","","","",""
"","","","","","",""
"98 7005968427 (i) on (i)","Krishnamoorthy, Guruswamy  Krishnamoorthy, G.","83","33","Indian Institute of Technology Guwahati","Guwahati","India"
"","View last title","","","",""
"","","","","","",""
"99 57224366423 (i) on (i)","Murali Krishna, Adapa  Adapa, Murali K.   Krishna, A. Murali   Adapa, M. K.   Murali Krishna, A.   Krishna, Adapa Murali   Adapa, Murali Krishna   Krishna, A. M.","83","19","Indian Institute of Technology Guwahati","Guwahati","India"
"","View last title","","","",""
"","","","","","",""
"100 55415811800 (i) on (i)","Dutta, Subashisa  Dutta, Subasisha   Dutta, Subashisha   Dutta, Subhasisha   Dutta, S.","82","17","Indian Institute of Technology Guwahati","Guwahati","India"
"","View last title","","","",""
"","","","","","",""
"101 7006520681 (i) on (i)","Talukdar, Sudip  Talukdar, S.","82","16","Indian Institute of Technology Guwahati","Guwahati","India"
"","View last title","","","",""
"","","","","","",""
"102 8867058900 (i) on (i)","Sonkar, Ramesh Kumar  Sonkar, R. K.   Sonkar, Ramesh K.   Sonkar, Ramesh   Kumar Sonkar, Ramesh","81","7","Indian Institute of Technology Guwahati","Guwahati","India"
"","View last title","","","",""
"","","","","","",""
"103 14420812800 (i) on (i)","Bora, Swaroop Nandan  Nandan Bora, Swaroop   Bora, S. N.","80","13","Indian Institute of Technology Guwahati","Guwahati","India"
"","View last title","","","",""
"","","","","","",""
"104 57202479880 (i) on (i)","Goswami, Pranab  Goswami, P.","80","26","Indian Institute of Technology Guwahati","Guwahati","India"
"","View last title","","","",""
"","","","","","",""
"105 8263464800 (i) on (i)","Kalita, Pankaj K.  Kalita, P.   Kalita, Pankaj   Kalita, Pankaj Kumar   kalita, Pankaj   Kalita, P. K.","79","16","Indian Institute of Technology Guwahati","Guwahati","India"
"","View last title","","","",""
"","","","","","",""
"106 54393965300 (i) on (i)","Panda, Biranchi  Panda, B. N.   Panda, B.   Panda, Biranchi N.   Panda, Biranchi Narayan","79","29","Indian Institute of Technology Guwahati","Guwahati","India"
"","View last title","","","",""
"","","","","","",""
"107 7404762271 (i) on (i)","Singh, Konjengbam Darunkumar  Singh, K. D.   Singh, Konjengbam D.   Singh, Konjengbam   Darunkumar Singh, Konjengbam","79","16","Indian Institute of Technology Guwahati","Guwahati","India"
"","View last title","","","",""
"","","","","","",""
"108 35510336900 (i) on (i)","Agarwal, Satish Chandra  Agarwal, Satish   Agarwal, S. C.   Agarwal, Satish C.","78","15","Indian Institute of Technology Guwahati","Guwahati","India"
"","View last title","","","",""
"","","","","","",""
"109 24345148700 (i) on (i)","Sur, Arijit  Sur, A.   Sur, Jain Arijit","78","12","Indian Institute of Technology Guwahati","Guwahati","India"
"","View last title","","","",""
"","","","","","",""
"110 22949236000 (i) on (i)","Trivedi, Vishal  Trivedi, V.","78","24","Indian Institute of Technology Guwahati","Guwahati","India"
"","View last title","","","",""
"","","","","","",""
"111 7004233325 (i) on (i)","Murti, Y. V.G.S.","77","14","Indian Institute of Technology Guwahati","Guwahati","India"
"","View last title","","","",""
"","","","","","",""
"112 10439069900 (i) on (i)","Qureshi, Mohammad  Qureshi, Md   Mohammad, Q.   Qureshi, M.   Mohammad, Qureshi","77","21","Indian Institute of Technology Guwahati","Guwahati","India"
"","View last title","","","",""
"","","","","","",""
"113 12645199000 (i) on (i)","Ganguly, Sanjib  Ganguly, S.","76","20","Indian Institute of Technology Guwahati","Guwahati","India"
"","View last title","","","",""
"","","","","","",""
"114 8142607700 (i) on (i)","Das, Manas  Das, M.","75","16","Indian Institute of Technology Guwahati","Guwahati","India"
"","View last title","","","",""
"","","","","","",""
"115 15724953400 (i) on (i)","Guha, Prithwijit  Guhal, Prithwijit   Guha, P.","75","9","Indian Institute of Technology Guwahati","Guwahati","India"
"","View last title","","","",""
"","","","","","",""
"116 57193507503 (i) on (i)","Das, Amarendra Kumar  Das, Amarendra K.   Das, Amarendra   Das, A. K.","74","5","Indian Institute of Technology Guwahati","Guwahati","India"
"","View last title","","","",""
"","","","","","",""
"117 57195363426 (i) on (i)","Das, Chandan  Das, C.","74","23","Indian Institute of Technology Guwahati","Guwahati","India"
"","View last title","","","",""
"","","","","","",""
"118 7202104059 (i) on (i)","Dutta, Anjan  Duttat, Anjan   Dutta, A.","74","16","Indian Institute of Technology Guwahati","Guwahati","India"
"","View last title","","","",""
"","","","","","",""
"119 57211827077 (i) on (i)","Ghosh, Subhradip  Ghosh, S.","74","16","Indian Institute of Technology Guwahati","Guwahati","India"
"","View last title","","","",""
"","","","","","",""
"120 7101895565 (i) on (i)","Basu, Dipankar Narayan  Basu, D.   Basu, Dipankar   Basu, D. N.   Basu, Dipankar N.","73","18","Indian Institute of Technology Guwahati","Guwahati","India"
"","View last title","","","",""
"","","","","","",""
"121 57830872000 (i) on (i)","Bhuyan, B.","73","36","Indian Institute of Technology Guwahati","Guwahati","India"
"","View last title","","","",""
"","","","","","",""
"122 6602385627 (i) on (i)","Robi, Puthuveettil Sreedharan  Robi, P. Sreedharan   Robi, Puthuveettil S.   Robi, P. S.","73","16","Indian Institute of Technology Guwahati","Guwahati","India"
"","View last title","","","",""
"","","","","","",""
"123 7005390199 (i) on (i)","Sahu, Kalyanasis  Sahu, K.","73","24","Indian Institute of Technology Guwahati","Guwahati","India"
"","View last title","","","",""
"","","","","","",""
"124 56351056000 (i) on (i)","Biswas, Shyam","72","26","Indian Institute of Technology Guwahati","Guwahati","India"
"","View last title","","","",""
"","","","","","",""
"125 57189007334 (i) on (i)","Ebihara, Akio","72","15","Indian Institute of Technology Guwahati","Guwahati","India"
"","View last title","","","",""
"","","","","","",""
"126 35091120500 (i) on (i)","Giri, Balendu Shekher  Shekher Giri, Balendu   Giri, Balendu Shekhar   Giri, Balendu S.   Giri, B.   Giri, B. S.   Giri, Balendu","72","28","Indian Institute of Technology Guwahati","Guwahati","India"
"","View last title","","","",""
"","","","","","",""
"127 7402713270 (i) on (i)","Pan, Subhaschandra Chandra  Pan, S. C.   Pan, Subhas Chandra  				       Chandra Pan, Subhas   Pan, Subas Chandra","72","20","Indian Institute of Technology Guwahati","Guwahati","India"
"","View last title","","","",""
"","","","","","",""
"128 6507886598 (i) on (i)","Tamarapalli, Venkatesh  Venkatesh, T.   Tamarapalli, Venkatesh Tamarapalli   Venkatesh, Tamarapalli","72","15","Indian Institute of Technology Guwahati","Guwahati","India"
"","View last title","","","",""
"","","","","","",""
"129 8552135600 (i) on (i)","Ammathnadu Sudhakar, Achalkumar  Achalkumar, Ammathanadu S.   Achalkumar, Ammathnadu S.   Sudhakar, Achalkumar Ammathnadu   Achalkumar, A. S.","71","27","Indian Institute of Technology Guwahati","Guwahati","India"
"","View last title","","","",""
"","","","","","",""
"130 57213091627 (i) on (i)","Kumar, Chandan","71","15","Indian Institute of Technology Guwahati","Guwahati","India"
"","View last title","","","",""
"","","","","","",""
"131 16021949800 (i) on (i)","Kanagaraj, Subramani  Kanagaraj, S.   Subramani, Kanagaraj","70","18","Indian Institute of Technology Guwahati","Guwahati","India"
"","View last title","","","",""
"","","","","","",""
"132 56757647600 (i) on (i)","Kar, Indrani","70","13","Indian Institute of Technology Guwahati","Guwahati","India"
"","View last title","","","",""
"","","","","","",""
"133 9638812300 (i) on (i)","Kumar Golder, Animes  Golder, A. K.   Golder, Animes Kumar   Golder, Animes Kr   Golder, Animes K.","70","22","Indian Institute of Technology Guwahati","Guwahati","India"
"","View last title","","","",""
"","","","","","",""
"134 57193645852 (i) on (i)","Subbiah, Senthilmurugan  Senthilmurugan, S.   Subbaiah, Senthilmurugan   Subbiah, S.","70","16","Indian Institute of Technology Guwahati","Guwahati","India"
"","View last title","","","",""
"","","","","","",""
"135 57278203300 (i) on (i)","Paul, Anumita M.  Paul, Anumita   Paul, A.   Paul, Anumila M.","69","25","Indian Institute of Technology Guwahati","Guwahati","India"
"","View last title","","","",""
"","","","","","",""
"136 55147015400 (i) on (i)","Ramesh, Aiyagari  Aiyagari, Ramesh   Ramesh, A.","69","26","Indian Institute of Technology Guwahati","Guwahati","India"
"","View last title","","","",""
"","","","","","",""
"137 12775689700 (i) on (i)","Sethi, Amit","69","17","Indian Institute of Technology Guwahati","Guwahati","India"
"","View last title","","","",""
"","","","","","",""
"138 7005968446 (i) on (i)","Krishnamoorthy, Govindarajan  Krishnamoorthy, G.   Krishnamoorthy, Govindarahan","68","20","Indian Institute of Technology Guwahati","Guwahati","India"
"","View last title","","","",""
"","","","","","",""
"139 55423947100 (i) on (i)","Pal, Sukhomay  Pal, S.   Pal, Sukhamoy","68","20","Indian Institute of Technology Guwahati","Guwahati","India"
"","View last title","","","",""
"","","","","","",""
"140 56539415700 (i) on (i)","Tiwari, Pankaj  Tiwari, P.","68","20","Indian Institute of Technology Guwahati","Guwahati","India"
"","View last title","","","",""
"","","","","","",""
"141 56743039800 (i) on (i)","Padmavathi, Ganesan","67","23","Indian Institute of Technology Guwahati","Guwahati","India"
"","View last title","","","",""
"","","","","","",""
"142 14030264100 (i) on (i)","Narayan Maiti, Uday  Maiti, U. N.   Maiti, Uday N.   Maiti, Uday Narayan   Maiti, Uday","66","30","Indian Institute of Technology Guwahati","Guwahati","India"
"","View last title","","","",""
"","","","","","",""
"143 7201701072 (i) on (i)","Pal, Dilip  Pal, D.","66","13","Indian Institute of Technology Guwahati","Guwahati","India"
"","View last title","","","",""
"","","","","","",""
"144 7004458164 (i) on (i)","Sarma, Arup Kumar  Kumar Sarma, Arup   Sarma, Arup Kr   Sarma, A. K.   Sarma, Arup K.","66","13","Indian Institute of Technology Guwahati","Guwahati","India"
"","View last title","","","",""
"","","","","","",""
"145 8936952300 (i) on (i)","Yammiyavar, Pradeep G.  Pradeep, Y.   Yammiyavar, Pradeep","66","8","Indian Institute of Technology Guwahati","Guwahati","India"
"","View last title","","","",""
"","","","","","",""
"146 7801342845 (i) on (i)","Boruah, Bosanta R.  Boruah, B. R.   Boruah, Bosanta R.","64","11","Indian Institute of Technology Guwahati","Guwahati","India"
"","View last title","","","",""
"","","","","","",""
"147 12143024900 (i) on (i)","Nair, Shivashankar B.  Nair Shivashankar, B.   Nair, S. B.   Nair, Shivashankar Bhaskaran   Nair, Shivanshankar B.   Nair, Shivashankar B.","64","12","Indian Institute of Technology Guwahati","Guwahati","India"
"","View last title","","","",""
"","","","","","",""
"148 57194853569 (i) on (i)","Banik, Kishore","63","28","Indian Institute of Technology Guwahati","Guwahati","India"
"","View last title","","","",""
"","","","","","",""
"149 7402353057 (i) on (i)","Das, Debapratim","63","29","Indian Institute of Technology Guwahati","Guwahati","India"
"","View last title","","","",""
"","","","","","",""
"150 6603497002 (i) on (i)","Deka, Jatindra Kumar  Deka, Jatindra Kr   Deka, Jantindra Kr   Deka, J.  			    Kumar Deka, Jatindra   Deka, Jatiiadra K.   Deka, Jantindra Kumar","63","11","Indian Institute of Technology Guwahati","Guwahati","India"
"","View last title","","","",""
"","","","","","",""
"151 6701705208 (i) on (i)","Khijwania, Sunil K.  Khijwania, Sunil   Khijwania, S. K.","63","16","Indian Institute of Technology Guwahati","Guwahati","India"
"","View last title","","","",""
"","","","","","",""
"152 22136485600 (i) on (i)","Saha, Prabirkumar  Saha, Prabikumar   Prabirkumar, Saha   Saha, P.","63","22","Indian Institute of Technology Guwahati","Guwahati","India"
"","View last title","","","",""
"","","","","","",""
"153 39262297700 (i) on (i)","Natarajan, Ganesh  Natarajan, G.","62","12","Indian Institute of Technology Guwahati","Guwahati","India"
"","View last title","","","",""
"","","","","","",""
"154 34873099500 (i) on (i)","Patra, Sanjukta K.  Patra, S. K.   Patra, Sanjukta   Patra, S.","62","20","Indian Institute of Technology Guwahati","Guwahati","India"
"","View last title","","","",""
"","","","","","",""
"155 57220398041 (i) on (i)","Harish, Sivasankaran  Sivasankaran, Harish   Harish, S.","61","26","The University of Tokyo","Tokyo","Japan"
"","View last title","","","",""
"","","","","","",""
"156 57206179142 (i) on (i)","Mandal, Bhubaneswar","61","17","Indian Institute of Technology Guwahati","Guwahati","India"
"","View last title","","","",""
"","","","","","",""
"157 57212306082 (i) on (i)","Das, Debasish  Das, D.","60","17","Indian Institute of Technology Guwahati","Guwahati","India"
"","View last title","","","",""
"","","","","","",""
"158 55605780072 (i) on (i)","Mishra, Subhash Chandra  Mishra, Subhash C.   Mishra, S. C.","60","19","Indian Institute of Technology Guwahati","Guwahati","India"
"","View last title","","","",""
"","","","","","",""
"159 36102019100 (i) on (i)","Anandalakshmi, Ramalingam  Anandalakshmi, R.","59","17","Indian Institute of Technology Guwahati","Guwahati","India"
"","View last title","","","",""
"","","","","","",""
"160 55189564600 (i) on (i)","Karmakar, Sougata  Karmakar, S.","59","9","Indian Institute of Technology Guwahati","Guwahati","India"
"","View last title","","","",""
"","","","","","",""
"161 57220722558 (i) on (i)","Das, Gautam Kumar  Das, Gautam K.   Das, Gautam   Das, Guatam K.   Das, G.","58","12","Indian Institute of Technology Guwahati","Guwahati","India"
"","View last title","","","",""
"","","","","","",""
"162 7003753897 (i) on (i)","Sil, Arunansu  Sil, A.","58","15","Indian Institute of Technology Guwahati","Guwahati","India"
"","View last title","","","",""
"","","","","","",""
"163 56405692300 (i) on (i)","Bag, Ankush  Bag, A.","57","12","Indian Institute of Technology Guwahati","Guwahati","India"
"","View last title","","","",""
"","","","","","",""
"164 6506455011 (i) on (i)","Bhattacharjya, Rajib Kumar  Bhattacharjya, R. K. 		        Kumar Bhattacharjya, Rajib   Bhattacharya, Rajib Kumar","57","11","Indian Institute of Technology Guwahati","Guwahati","India"
"","View last title","","","",""
"","","","","","",""
"165 57214420366 (i) on (i)","Kumar, Amrendra  Kumar, A.","57","10","Indian Institute of Technology Guwahati","Guwahati","India"
"","View last title","","","",""
"","","","","","",""
"166 57863499100 (i) on (i)","Mahanta, Chandan  Mahanta, C.","57","14","Indian Institute of Technology Guwahati","Guwahati","India"
"","View last title","","","",""
"","","","","","",""
"167 6701662094 (i) on (i)","Poulose, Poulose  Poulose, P.","57","15","Indian Institute of Technology Guwahati","Guwahati","India"
"","View last title","","","",""
"","","","","","",""
"168 56527917000 (i) on (i)","Ravi, Karangat  Ravi, K.   Karangat, Ravi   Karangat, R.","57","12","Indian Institute of Technology Guwahati","Guwahati","India"
"","View last title","","","",""
"","","","","","",""
"169 55533862000 (i) on (i)","Santra, Sitangshu Bikas  Santra, S. B.","57","9","Indian Institute of Technology Guwahati","Guwahati","India"
"","View last title","","","",""
"","","","","","",""
"170 22734464300 (i) on (i)","Karmakar, Sushanta  Karmakar, Sushata","56","10","Indian Institute of Technology Guwahati","Guwahati","India"
"","View last title","","","",""
"","","","","","",""
"171 10638887000 (i) on (i)","Maity, Debaprasad  Maity, D.","56","14","Indian Institute of Technology Guwahati","Guwahati","India"
"","View last title","","","",""
"","","","","","",""
"172 54947754100 (i) on (i)","Panda, Satyajit K.  Panda, S. K.   Panda, S.   Panda, Satyajit","56","12","Indian Institute of Technology Guwahati","Guwahati","India"
"","View last title","","","",""
"","","","","","",""
"173 56148878700 (i) on (i)","Vipparthi, Santosh Kumar  Vipparthi, Santosh K.   Vipparth, Santosh Kumar   Vipparthi, Santosh   Vipparthi, S. K.   Vipparthi, Santoshkumar","56","15","Indian Institute of Technology Guwahati","Guwahati","India"
"","View last title","","","",""
"","","","","","",""
"174 55476995500 (i) on (i)","Das, Santabrata  Das, S.","55","19","Indian Institute of Technology Guwahati","Guwahati","India"
"","View last title","","","",""
"","","","","","",""
"175 55508569800 (i) on (i)","Gautam, Sachin Singh  Gautam, Sachin S.   Gautam, S. S.   Gautam, S. Singh","55","8","Indian Institute of Technology Guwahati","Guwahati","India"
"","View last title","","","",""
"","","","","","",""
"176 54882122100 (i) on (i)","Jose, John","55","8","Indian Institute of Technology Guwahati","Guwahati","India"
"","View last title","","","",""
"","","","","","",""
"177 9638097400 (i) on (i)","Senthilvelan, S.  Senthilvelan, S.   Senthilvelan, Selvaraj","55","18","Indian Institute of Technology Guwahati","Guwahati","India"
"","View last title","","","",""
"","","","","","",""
"178 23470843700 (i) on (i)","Sivaprakasam, Senthilkumar 			                Senthilkumar, Sivaprakasam   Sivaprakasam, S.   Senthilkumar, S.","55","15","Indian Institute of Technology Guwahati","Guwahati","India"
"","View last title","","","",""
"","","","","","",""
"179 55818145100 (i) on (i)","Ahamed, Shaik Rafi  Ahamed Shaik, Rafi   Ahamed, Shaikh Rafi   Ahamed, Shaik   Ahamed, S. R.","54","8","Indian Institute of Technology Guwahati","Guwahati","India"
"","View last title","","","",""
"","","","","","",""
"180 56282530700 (i) on (i)","Bhattacharya, Samit  Bhattacharya, S.","54","9","Indian Institute of Technology Guwahati","Guwahati","India"
"","View last title","","","",""
"","","","","","",""
"181 21739659000 (i) on (i)","Kotecha, Prakash R.  Kotecha, P. R.   Kotecha, Prakash","54","13","Indian Institute of Technology Guwahati","Guwahati","India"
"","View last title","","","",""
"","","","","","",""
"182 55487568600 (i) on (i)","Singh, Anugrah  Singh, A.","54","16","Indian Institute of Technology Guwahati","Guwahati","India"
"","View last title","","","",""
"","","","","","",""
"183 55429184100 (i) on (i)","Sinha, Rajen Kumar  Sinha, Rajen K.   Sinha, R. K.   Kumar Sinha, Rajen","54","12","Indian Institute of Technology Guwahati","Guwahati","India"
"","View last title","","","",""
"","","","","","",""
"184 36128256000 (i) on (i)","Chakraborty, Saswati  Chakraborty, S.","53","17","Indian Institute of Technology Guwahati","Guwahati","India"
"","View last title","","","",""
"","","","","","",""
"185 56680562300 (i) on (i)","Joshi, Shrikrishna Nandkishor  Joshi, S. N.   Joshi, Shrikrishna N.","53","14","Indian Institute of Technology Guwahati","Guwahati","India"
"","View last title","","","",""
"","","","","","",""
"186 7005046929 (i) on (i)","Kalita, Jiten C.  Kalita, Jiten C.","53","15","Indian Institute of Technology Guwahati","Guwahati","India"
"","View last title","","","",""
"","","","","","",""
"187 16230782200 (i) on (i)","Mandal, Tapas Kumar  MANDAL, Tapas K.   Mandal, Tapas K.   Mandal, T. K.","53","16","Indian Institute of Technology Guwahati","Guwahati","India"
"","View last title","","","",""
"","","","","","",""
"188 22985917500 (i) on (i)","Manna, Debasis  Manna, D.","53","17","Indian Institute of Technology Guwahati","Guwahati","India"
"","View last title","","","",""
"","","","","","",""
"189 36458190300 (i) on (i)","Barman, Rupam","52","7","Indian Institute of Technology Guwahati","Guwahati","India"
"","View last title","","","",""
"","","","","","",""
"190 12243952000 (i) on (i)","Deb, Sajal Kanti  Deb, Sajal K.   Deb, S. K.","52","14","Indian Institute of Technology Guwahati","Guwahati","India"
"","View last title","","","",""
"","","","","","",""
"191 56560241300 (i) on (i)","Hemdan, Bahaa  Hemdan, Bahaa Ahmed   Hemdan, B. A.   Hemdan, Bahaa A.   A. Hemdan, Bahaa","52","16","Indian Institute of Technology Guwahati","Guwahati","India"
"","View last title","","","",""
"","","","","","",""
"192 6701557123 (i) on (i)","Jana, Chandan K.  Jana, C. K.   Jana, Chandan Kumar   Jana, Chandan   Jana, Chandan K.","52","20","Indian Institute of Technology Guwahati","Guwahati","India"
"","View last title","","","",""
"","","","","","",""
"193 8637268200 (i) on (i)","Kalita, Karuna  Kalita, K.","52","14","Indian Institute of Technology Guwahati","Guwahati","India"
"","View last title","","","",""
"","","","","","",""
"194 57253545300 (i) on (i)","Kumar, Deepak","52","9","Indian Institute of Technology Guwahati","Guwahati","India"
"","View last title","","","",""
"","","","","","",""
"195 23009187100 (i) on (i)","Mukherjee, Chandan  Mukherjee, C.","52","20","Indian Institute of Technology Guwahati","Guwahati","India"
"","View last title","","","",""
"","","","","","",""
"196 23089147300 (i) on (i)","Raidongia, Kalyan  Raidongia, K.","52","20","Indian Institute of Technology Guwahati","Guwahati","India"
"","View last title","","","",""
"","","","","","",""
"197 16242326300 (i) on (i)","Sairam, Ashok Singh  Singh Sairam, Ashok   Sairam, A. S.","52","8","Indian Institute of Technology Guwahati","Guwahati","India"
"","View last title","","","",""
"","","","","","",""
"198 33068408500 (i) on (i)","Sarmah, Priyankoo","52","7","Indian Institute of Technology Guwahati","Guwahati","India"
"","View last title","","","",""
"","","","","","",""
"199 55482790300 (i) on (i)","Sharma, Ashwini Kumar  Sharma, A. K.  	    Sharma, Ashwini K.","51","12","Indian Institute of Technology Guwahati","Guwahati","India"
"","View last title","","","",""
"","","","","","",""
"200 15924087400 (i) on (i)","Sharma, L. N.  Sharma, L. N.   Sharma, Laxmi Narayan   Sharma, Lakshay","51","12","Indian Institute of Technology Guwahati","Guwahati","India"
"","View last title","","","",""
"","","","","","",""