"Result Number","Author","Documents","h-index          Author metrics Scopus is adding an array of metrics for researchers. As an initial step, the h-index has been added.  The h-graph is one way of displaying and comparing the productivity and impact of published work of scholars. It should only be used together with a mix of quantitative and qualitative metrics.  More metrics will be added in the course of the year.","Affiliation","City","Country/Territory"
"1 55931769800 (i) on (i)","Jit, Satyabrata  Jit, Satyabrat   Jit, S.","277","28","Indian Institute of Technology Banaras Hindu University","Varanasi","India"
"","View last title","","","",""
"","","","","","",""
"2 7005310744 (i) on (i)","Maiti, Pralay  Maiti, P.","219","44","Indian Institute of Technology Banaras Hindu University","Varanasi","India"
"","View last title","","","",""
"","","","","","",""
"3 7202746315 (i) on (i)","Pándey, Praveen Chandra  Pandey, Praveen Chandra   Pandey, P. C.   Pandey, Poorn Chandra   Pandey, Praveen C.   Pándey, P. C.","213","22","Indian Institute of Technology Banaras Hindu University","Varanasi","India"
"","View last title","","","",""
"","","","","","",""
"4 30367532300 (i) on (i)","Chakrabarti, Parthsarathi  Chakrabarti, Parthasarathi   Chakrabarti, Pinaki   Chakrabarti, Parthasarthi   Chakrabarti, Sanjeev P.   Chakrabarti, P.   Chakrabarti, P. P.","195","24","Indian Institute of Engineering Science and Technology, Shibpur","Howrah","India"
"","View last title","","","",""
"","","","","","",""
"5 57202625284 (i) on (i)","Rai, Devendra Kumar  Rai, D. K.   Rai, Devendra K.","188","27","Indian Institute of Technology Banaras Hindu University","Varanasi","India"
"","View last title","","","",""
"","","","","","",""
"6 57187861100 (i) on (i)","Ojha, Sant Prasad  Ojha, Sant P.   Ojha, S. P.","187","25","Indian Institute of Technology Banaras Hindu University","Varanasi","India"
"","View last title","","","",""
"","","","","","",""
"7 7103066056 (i) on (i)","Sharma, Yogesh Chandra  Sharma, Y. C.   Sharma, Y.   Sharma, Yogesh   Sharma, Yogesh C.   Sharma, Yogesh Ch   Chandra Sharma, Yogesh","187","56","Indian Institute of Technology Banaras Hindu University","Varanasi","India"
"","View last title","","","",""
"","","","","","",""
"8 57207179005 (i) on (i)","Singh, Vivek Kumar  Singh, Vivek   Singh, V.   Singh, Vivek K.   Singh, V. K.","187","19","Indian Institute of Technology Banaras Hindu University","Varanasi","India"
"","View last title","","","",""
"","","","","","",""
"9 7201368096 (i) on (i)","Mishra, Brahmeshwar  Mishra, B.   Mishra, Brahmeshwer   Mishra, Bhrameshwar","181","37","Indian Institute of Technology Banaras Hindu University","Varanasi","India"
"","View last title","","","",""
"","","","","","",""
"10 57206456618 (i) on (i)","Prakash, Om  PRAKASH, O. M.   Prakash, OM   Prakash, O. M.   Prakash, O.","151","18","Indian Institute of Technology Banaras Hindu University","Varanasi","India"
"","View last title","","","",""
"","","","","","",""
"11 7005789615 (i) on (i)","Dubey, Vikash Kumar  Kumar Dubey, Vikash   Dubey, Vikash K.","150","28","Indian Institute of Technology Banaras Hindu University","Varanasi","India"
"","View last title","","","",""
"","","","","","",""
"12 26031310600 (i) on (i)","Chatterjee, Sandip  Chatterjee, S.","148","22","Indian Institute of Technology Banaras Hindu University","Varanasi","India"
"","View last title","","","",""
"","","","","","",""
"13 57213716936 (i) on (i)","Pandey, Prem Chandra  Pandey, Prem   Pandeyz, Prem C.   Pandey, P. C.   Pandey, Prem C.","148","32","Indian Institute of Technology Banaras Hindu University","Varanasi","India"
"","View last title","","","",""
"","","","","","",""
"14 7101987416 (i) on (i)","Shukla, Kaushal Kumar  Shukla, Kaushal K.   Shukla, Kaushak K.   Shukla, K. K.   Shukla, K.","148","18","Indian Institute of Technology Banaras Hindu University","Varanasi","India"
"","View last title","","","",""
"","","","","","",""
"15 57208878180 (i) on (i)","Upadhyay, Sidhdh Nath  Upadhyay, Siddh Nath   Upadhyay, Siddh N.   Upadhyay, Sidh Nath   Upadhyay, S. N.","148","38","Indian Institute of Technology Banaras Hindu University","Varanasi","India"
"","View last title","","","",""
"","","","","","",""
"16 57189212828 (i) on (i)","Das, S.  Das, S.   Das, Subir","144","26","Indian Institute of Technology Banaras Hindu University","Varanasi","India"
"","View last title","","","",""
"","","","","","",""
"17 7006112883 (i) on (i)","Mandal, Rajiv Kumar  Mandal, Rajiv   Mandal, R. K.   Mandal, Rajiv K.","144","23","Indian Institute of Technology Banaras Hindu University","Varanasi","India"
"","View last title","","","",""
"","","","","","",""
"18 55463355100 (i) on (i)","Singh, Prabhakar K.  Singh, P.   singh, Prabhakar   Singh, Prabhakar   Singh, P. K.","144","23","Indian Institute of Technology Banaras Hindu University","Varanasi","India"
"","View last title","","","",""
"","","","","","",""
"19 55628574133 (i) on (i)","Mishra, Pradeep Kumar  MISHRA, Pradeep Kumar   Mishra, P. K.   Mishra, Pradeep K.","137","30","Indian Institute of Technology Banaras Hindu University","Varanasi","India"
"","View last title","","","",""
"","","","","","",""
"20 9846899800 (i) on (i)","Sarkar, Jahar  SARKAR, Jahar   Sarkar, J.","136","38","Indian Institute of Technology Banaras Hindu University","Varanasi","India"
"","View last title","","","",""
"","","","","","",""
"21 57212093679 (i) on (i)","Srivastava, Abhishek Kumar  Srivastava, A. K.   Srivastava, Ablishek K.   Srivastava, Abhishek   Srivastava, Abhishek K.","135","26","Indian Institute of Technology Banaras Hindu University","Varanasi","India"
"","View last title","","","",""
"","","","","","",""
"22 35795948900 (i) on (i)","Mohanty, Soumya R.  Mohanty, Soumya R.   Mohantv, Soumva Ranjan   Mohanty, S.   Mohanty, S. R.   Mohanty, Soumyaranjan   Mohanty, Soumya Ranjan","134","24","Indian Institute of Technology Banaras Hindu University","Varanasi","India"
"","View last title","","","",""
"","","","","","",""
"23 55452568900 (i) on (i)","Bhattacharyya, Somak  Bhattacharyya, S.","132","24","Indian Institute of Technology Banaras Hindu University","Varanasi","India"
"","View last title","","","",""
"","","","","","",""
"24 57157653900 (i) on (i)","Singh, Sushil K.  Kumar Singh, Sushil   Singh, Sushil K.   Singh, S. K.   Singh, Sushil Kumar   Singh, S.   Singh, S. K.S.","128","26","Indian Institute of Technology Banaras Hindu University","Varanasi","India"
"","View last title","","","",""
"","","","","","",""
"25 57217453051 (i) on (i)","Kumar, Dheeraj  Kumar, D.","127","18","Indian Institute of Technology Banaras Hindu University","Varanasi","India"
"","View last title","","","",""
"","","","","","",""
"26 57212846700 (i) on (i)","Singh, Amit Kumar  Singh, Amit   singh, Amit K.   Singh, A. K.   Singh, A. Kumar   Singh, Amit K.","126","17","Indian Institute of Technology Banaras Hindu University","Varanasi","India"
"","View last title","","","",""
"","","","","","",""
"27 16686765100 (i) on (i)","Krishnamurthy, Sairam  Sairam, Krishnamurthy   Sairam, K.   Sairam, Krisnamurthy   Sairam, Kirshnamurthy   Krishnamurthy, S.","124","33","Indian Institute of Technology Banaras Hindu University","Varanasi","India"
"","View last title","","","",""
"","","","","","",""
"28 35575906700 (i) on (i)","Singh, Vakil  Singh, V.   Singh, V. K.","123","28","Indian Institute of Technology Banaras Hindu University","Varanasi","India"
"","View last title","","","",""
"","","","","","",""
"29 55547114246 (i) on (i)","Srivastava, Vijay Kumar  Srivastava, V. K.   Srivastava, Vijay K.   SRIVASTAVA, Vijay Kumar   Srivastava, V.","123","25","Indian Institute of Technology Banaras Hindu University","Varanasi","India"
"","View last title","","","",""
"","","","","","",""
"30 56426644800 (i) on (i)","Srivastava, Rajeev  Srivastava, R.","122","16","Indian Institute of Technology Banaras Hindu University","Varanasi","India"
"","View last title","","","",""
"","","","","","",""
"31 56452060700 (i) on (i)","Das, Santanu  Das, S.","120","20","Indian Institute of Technology Banaras Hindu University","Varanasi","India"
"","View last title","","","",""
"","","","","","",""
"32 36729277100 (i) on (i)","Kishore, Nawal  Kishore, N.","115","22","Indian Institute of Technology Banaras Hindu University","Varanasi","India"
"","View last title","","","",""
"","","","","","",""
"33 7102090572 (i) on (i)","Lele, Shrinkant  Lele, S.   Lele, Shrikant","111","16","Indian Institute of Technology Banaras Hindu University","Varanasi","India"
"","View last title","","","",""
"","","","","","",""
"34 57191437274 (i) on (i)","Prasad, Rameshwar Lakhan  Prasad, R.   Prasad, Ram L.   Prasad, Ram Lakhan   Prasad, Rameshwar   Prasad, R. L.   Prasad, Ram","111","27","Indian Institute of Technology Banaras Hindu University","Varanasi","India"
"","View last title","","","",""
"","","","","","",""
"35 7003714798 (i) on (i)","Vishvakarma, Babau R.  Vishvakarma, B. R.","107","15","Indian Institute of Technology Banaras Hindu University","Varanasi","India"
"","View last title","","","",""
"","","","","","",""
"36 6602733200 (i) on (i)","Meshram, Manoj Kumar  Kumar Meshram, Manoj   Meshram, M. Kumar   Meshram, M. K.   Meshram, Manoj K.","105","18","Indian Institute of Technology Banaras Hindu University","Varanasi","India"
"","View last title","","","",""
"","","","","","",""
"37 7005459899 (i) on (i)","Mondal, Monoj Kumar  Mondal, Manoj Kumar   Mondal, Monoj K.   Mondal, M. K.   Kumar Mondal, Monoj","104","28","Indian Institute of Technology Banaras Hindu University","Varanasi","India"
"","View last title","","","",""
"","","","","","",""
"38 57214823271 (i) on (i)","Singh, Rakesh Kumar  Singh, Rakesh K.","104","19","Indian Institute of Technology Banaras Hindu University","Varanasi","India"
"","View last title","","","",""
"","","","","","",""
"39 42961281300 (i) on (i)","Chandra, Pranjal  Chandra, Preeti   Chandra, P.","103","38","Indian Institute of Technology Banaras Hindu University","Varanasi","India"
"","View last title","","","",""
"","","","","","",""
"40 57378218300 (i) on (i)","Singh, Suryapal  Singh, Surya Pal   Singh, S. P.   Singh, Surya P.   Singh, Suryapal P.","103","14","Indian Institute of Technology Banaras Hindu University","Varanasi","India"
"","View last title","","","",""
"","","","","","",""
"41 7401807675 (i) on (i)","Mukhopadhyay, Santwana Banerjee  Mukhopadhyay, S.   Mukhopadhyay, Santwana","102","20","Indian Institute of Technology Banaras Hindu University","Varanasi","India"
"","View last title","","","",""
"","","","","","",""
"42 55423403200 (i) on (i)","Srivastava, Rakesh Kumar  Srivatava, Rakesh Kumar   Srivastava, R.   Srivastava, R. K.   Srivastava, Rakesh K.","102","12","Indian Institute of Technology Banaras Hindu University","Varanasi","India"
"","View last title","","","",""
"","","","","","",""
"43 55083157000 (i) on (i)","Gupta, Hari Prabhat  Gupta, H. P.","100","16","Indian Institute of Technology Banaras Hindu University","Varanasi","India"
"","View last title","","","",""
"","","","","","",""
"44 55496966500 (i) on (i)","Singh, R. S.  Singh, Ramesh   Singh, R. S.   Singh, Ram S.   Singh, Ram Sharan","100","31","Indian Institute of Technology Banaras Hindu University","Varanasi","India"
"","View last title","","","",""
"","","","","","",""
"45 56585660700 (i) on (i)","Kumar Singh, Sanjay  Singh, S. D.Jagdeesh   Singh, Sanjay   Singh, S.","99","34","Indian Institute of Technology Banaras Hindu University","Varanasi","India"
"","View last title","","","",""
"","","","","","",""
"46 57199924854 (i) on (i)","Sharma, Neeraj K.  Sharma, Neeraj   Sharma, N. K.   Sharma, N.","99","14","Indian Institute of Technology Banaras Hindu University","Varanasi","India"
"","View last title","","","",""
"","","","","","",""
"47 53868026300 (i) on (i)","Kamal, Shyam  Kamal, S.","97","18","Indian Institute of Technology Banaras Hindu University","Varanasi","India"
"","View last title","","","",""
"","","","","","",""
"48 6507095030 (i) on (i)","Saket, R. K.  Saket, R. K.   Saket, Ram Khelawan   Saket, Ram K.","97","13","Indian Institute of Technology Banaras Hindu University","Varanasi","India"
"","View last title","","","",""
"","","","","","",""
"49 56177229800 (i) on (i)","Singh, Santosh Kumar  Singh, Santosh   Singh, Santhosh Kumar   Singh, Santosh K.   Singh, S. K.","97","14","Indian Institute of Technology Banaras Hindu University","Varanasi","India"
"","View last title","","","",""
"","","","","","",""
"50 7406401328 (i) on (i)","Singh, Shiv Pujan  Singh, Shivanshu Kumar   Singh, Shiv P.   Singh, S. P.","96","17","Indian Institute of Technology Banaras Hindu University","Varanasi","India"
"","View last title","","","",""
"","","","","","",""
"51 15135757900 (i) on (i)","Dutta, Tanima  Dutta, T.   Datta, Tanima","95","13","Indian Institute of Technology Banaras Hindu University","Varanasi","India"
"","View last title","","","",""
"","","","","","",""
"52 7203076424 (i) on (i)","Singh, Yash Pal  Singh, Yash P.A.L.   Singh, Yaspal   Singh, Yash P.   Singh, Y.   Singh, Y. P.","95","14","Indian Institute of Technology Banaras Hindu University","Varanasi","India"
"","View last title","","","",""
"","","","","","",""
"53 55434934500 (i) on (i)","Ram, Shri N.  Shri Ram, Shri   Ram, S. N.   Ram, S.   Ram","94","16","Indian Institute of Technology Banaras Hindu University","Varanasi","India"
"","View last title","","","",""
"","","","","","",""
"54 57213217614 (i) on (i)","Srivastava, Manish  Srivastava, M.   Srivastava, M. K.   Srivastava, Manish Kumar   Srivastava, Manish K.","94","33","Indian Institute of Technology Banaras Hindu University","Varanasi","India"
"","View last title","","","",""
"","","","","","",""
"55 25926683300 (i) on (i)","Shrivastava, Sushant Kumar  Shrivastava, Sushant   Shrivastavai, Sushant K.   Shrivastava, S. K.   Shrivastava, Sushant K.   Shrivastava, Sushant K.umar   Shrivastava, S.","93","24","Indian Institute of Technology Banaras Hindu University","Varanasi","India"
"","View last title","","","",""
"","","","","","",""
"56 56298658700 (i) on (i)","Dwivedi, Ramashraya S.  Dwivedi, R. S.   Dwivedi, Ramashraya   Dwivedi, R.","92","18","Indian Institute of Technology Banaras Hindu University","Varanasi","India"
"","View last title","","","",""
"","","","","","",""
"57 8681001500 (i) on (i)","Hasan, Syed Hadi  Hasan, S. H.   Hasan, Syed H.","92","39","Indian Institute of Technology Banaras Hindu University","Varanasi","India"
"","View last title","","","",""
"","","","","","",""
"58 36442806900 (i) on (i)","Rai, Kabindra Nath  Rai, K. N.","91","19","Indian Institute of Technology Banaras Hindu University","Varanasi","India"
"","View last title","","","",""
"","","","","","",""
"59 7004971062 (i) on (i)","Rath, Chandana  Chandana Rath, C.   Rath","90","23","Indian Institute of Technology Banaras Hindu University","Varanasi","India"
"","View last title","","","",""
"","","","","","",""
"60 54795784200 (i) on (i)","Srivastava, Neha  Srivastava, N.","90","25","Indian Institute of Technology Banaras Hindu University","Varanasi","India"
"","View last title","","","",""
"","","","","","",""
"61 7003632185 (i) on (i)","Nagar, Shyam Krishna  Nagar, S. K.   Nagar, Shyam K.","89","16","Indian Institute of Technology Banaras Hindu University","Varanasi","India"
"","View last title","","","",""
"","","","","","",""
"62 36762617700 (i) on (i)","Srivastava, Pradeep L.  Srivastava, P.   Srivastava, P. L.   Srivastava, Pradeep","88","18","Indian Institute of Technology Banaras Hindu University","Varanasi","India"
"","View last title","","","",""
"","","","","","",""
"63 7102148580 (i) on (i)","Basu, Joysurya  Basu, J.   Basu, JOYSURYA","87","19","Indian Institute of Technology Banaras Hindu University","Varanasi","India"
"","View last title","","","",""
"","","","","","",""
"64 26538790200 (i) on (i)","Kumar, Amitesh  Kumar, A.   kumar, Amitesh","86","12","Indian Institute of Technology Banaras Hindu University","Varanasi","India"
"","View last title","","","",""
"","","","","","",""
"65 57195680521 (i) on (i)","Singh, Akhilendra Pratap  Singh, Akhilendra Paratap   Singh, Akhilendra P.   Pratap Singh, Akhilendra","86","21","Indian Institute of Technology Banaras Hindu University","Varanasi","India"
"","View last title","","","",""
"","","","","","",""
"66 57200266581 (i) on (i)","Verma, Amit Kumar  Verma, Amit   Verma, A. K.   Verma, Amit K.","85","23","Indian Institute of Technology Banaras Hindu University","Varanasi","India"
"","View last title","","","",""
"","","","","","",""
"67 56343485400 (i) on (i)","Biswas, Bhaskar","84","16","Indian Institute of Technology Banaras Hindu University","Varanasi","India"
"","View last title","","","",""
"","","","","","",""
"68 35315942900 (i) on (i)","S Muthu, Madaswamy  Muthu, M. S.   Muthu, Madaswamy S.   Muthu, Madaswamy Sona   Muthu, M.","84","34","Indian Institute of Technology Banaras Hindu University","Varanasi","India"
"","View last title","","","",""
"","","","","","",""
"69 34870785100 (i) on (i)","Tiwari, Vinod  Tiwari, V.   Tiwari, Vineeta","84","30","Indian Institute of Technology Banaras Hindu University","Varanasi","India"
"","View last title","","","",""
"","","","","","",""
"70 55584791898 (i) on (i)","Singh, Vakil  Singh, V.   Singh, Vikrant","81","20","Indian Institute of Technology Banaras Hindu University","Varanasi","India"
"","View last title","","","",""
"","","","","","",""
"71 57205238969 (i) on (i)","Mohan, Sunil  Mohan, S.","80","20","Indian Institute of Technology Banaras Hindu University","Varanasi","India"
"","View last title","","","",""
"","","","","","",""
"72 55314781400 (i) on (i)","Banerjee, Samya","79","26","Indian Institute of Technology Banaras Hindu University","Varanasi","India"
"","View last title","","","",""
"","","","","","",""
"73 7005445944 (i) on (i)","Pandit, Jayantha Kumar  Pandit, J. K. 		        Pandit, Jayanta K.   Pandit, Jay   Pandit, Jayanta   Pandit, Jayant Kumar   Pandit, J.   Pandit, Jayanta Kumar   Pandit, Jayantha K.","79","22","Indian Institute of Technology Banaras Hindu University","Varanasi","India"
"","View last title","","","",""
"","","","","","",""
"74 57203177243 (i) on (i)","Mohan, Anand  Mohan, A.","78","20","Indian Institute of Technology Banaras Hindu University","Varanasi","India"
"","View last title","","","",""
"","","","","","",""
"75 57285115900 (i) on (i)","Kumar, Vikas  Kumar, Vikash   Kumar, V.","77","17","Indian Institute of Technology Banaras Hindu University","Varanasi","India"
"","View last title","","","",""
"","","","","","",""
"76 56277335400 (i) on (i)","Ojha, Smriti N.  Ojha, Smriti   Ojha, S. N.","76","20","Indian Institute of Technology Banaras Hindu University","Varanasi","India"
"","View last title","","","",""
"","","","","","",""
"77 55070177700 (i) on (i)","Patel, Dinesh Kumar  Patel, Dinesh K.   Patel, D. K.   Pate, Dinesh Kumar   Kumar, R.   Patel, K.","76","24","Indian Institute of Technology Banaras Hindu University","Varanasi","India"
"","View last title","","","",""
"","","","","","",""
"78 56555915400 (i) on (i)","Tripathi, Anil Kumar  Tripathi, A. Kumar   Tripathi, A. K.   Triphathi, Anil Kumar   Tripathi, Anil K.   Tripathi, A.","76","17","Indian Institute of Technology Banaras Hindu University","Varanasi","India"
"","View last title","","","",""
"","","","","","",""
"79 16430798300 (i) on (i)","Sarma, Dharba Subhramanya  Sarma, Darbha S.   Sarma, D. S.   Sarma, Dharba Subramanya   Sarma, Darbha Subrahmanya","75","28","Indian Institute of Technology Banaras Hindu University","Varanasi","India"
"","View last title","","","",""
"","","","","","",""
"80 12790050800 (i) on (i)","Pal, Bhola Nath  Pal, B. N.   Pal, Bhola N.   Pal, Bholanath","73","19","Indian Institute of Technology Banaras Hindu University","Varanasi","India"
"","View last title","","","",""
"","","","","","",""
"81 36121173000 (i) on (i)","Pandey, Rajesh Kumar  Pandey, Rajesh K.   Pandey, R.   Pandey, R. K.","72","19","Indian Institute of Technology Banaras Hindu University","Varanasi","India"
"","View last title","","","",""
"","","","","","",""
"82 57212702050 (i) on (i)","Prasad, Rajendra  Prasad, R.","72","15","Indian Institute of Technology Banaras Hindu University","Varanasi","India"
"","View last title","","","",""
"","","","","","",""
"83 55813434300 (i) on (i)","Ghosh, Debdas K.  Ghosh, Debdas   Ghosh, D. K.","71","11","Indian Institute of Technology Banaras Hindu University","Varanasi","India"
"","View last title","","","",""
"","","","","","",""
"84 7101973861 (i) on (i)","Prakash, Ravi  Prakash, R.","71","18","Indian Institute of Technology Banaras Hindu University","Varanasi","India"
"","View last title","","","",""
"","","","","","",""
"85 7004713612 (i) on (i)","Sinha, Indrajit  Sinha, INDRAJIT   Sinha, I.","71","17","Indian Institute of Technology Banaras Hindu University","Varanasi","India"
"","View last title","","","",""
"","","","","","",""
"86 57220825489 (i) on (i)","Srivastava, Shweta K.  Srivastava, S. K.   Srivastava, S.   Srivastava, Shweta","71","15","Indian Institute of Technology Banaras Hindu University","Varanasi","India"
"","View last title","","","",""
"","","","","","",""
"87 37123199500 (i) on (i)","Thottappan, Muthiah  Thottappan, M.   Thottarman, M.","71","4","Indian Institute of Technology Banaras Hindu University","Varanasi","India"
"","View last title","","","",""
"","","","","","",""
"88 6603300979 (i) on (i)","Harsha, Allakonda P.  Harsha, A. P.   Harsha, Allakonda","70","22","Indian Institute of Technology Banaras Hindu University","Varanasi","India"
"","View last title","","","",""
"","","","","","",""
"89 57216377215 (i) on (i)","Singh, Devender P.  Singh, D.   Singh, D. P.   Singh, Devender","69","15","Indian Institute of Technology Banaras Hindu University","Varanasi","India"
"","View last title","","","",""
"","","","","","",""
"90 57216140079 (i) on (i)","Singh, Sanjay  Singh, S.","69","23","Indian Institute of Technology Banaras Hindu University","Varanasi","India"
"","View last title","","","",""
"","","","","","",""
"91 7006443123 (i) on (i)","Upadhyay, P. C.  Upadhyay, P. O.","69","12","Indian Institute of Technology Banaras Hindu University","Varanasi","India"
"","View last title","","","",""
"","","","","","",""
"92 24279749000 (i) on (i)","Chattopadhyay, Kausik  Chattopadhyay, K.","68","19","Indian Institute of Technology Banaras Hindu University","Varanasi","India"
"","View last title","","","",""
"","","","","","",""
"93 57189692379 (i) on (i)","Gupta, Ankit A.  Gupta, A.   Gupta, Ankit","68","13","Indian Institute of Technology Banaras Hindu University","Varanasi","India"
"","View last title","","","",""
"","","","","","",""
"94 7005189774 (i) on (i)","Mauger, Anthony B.  Mauger, A. B.   Mauger, Anthony   MAUGER, A. B.   Mauger, A.   MAUGER, ANTHONY B.","68","21","Indian Institute of Technology Banaras Hindu University","Varanasi","India"
"","View last title","","","",""
"","","","","","",""
"95 36722065500 (i) on (i)","Misra, Joy Prakash  Misra, Joy P.   Misra, J. P.","68","13","Indian Institute of Technology Banaras Hindu University","Varanasi","India"
"","View last title","","","",""
"","","","","","",""
"96 6602723626 (i) on (i)","Pyare, Ram  PYARE, RAM   Pyare, R.","68","13","Indian Institute of Technology Banaras Hindu University","Varanasi","India"
"","View last title","","","",""
"","","","","","",""
"97 7203046772 (i) on (i)","Ghosh, Mihir Kumar  Ghosh, Mihir K.   Ghoshb, M. K.   Ghosh, M. k.   GHOSH, M. K.   Ghosh, M. K.","67","15","Indian Institute of Technology Banaras Hindu University","Varanasi","India"
"","View last title","","","",""
"","","","","","",""
"98 55547114252 (i) on (i)","Srivastava, Vaibhav  Srivastava, V. K.   Srivastava, Vandana   Srivastava, V.","66","21","Indian Institute of Technology Banaras Hindu University","Varanasi","India"
"","View last title","","","",""
"","","","","","",""
"99 36748168900 (i) on (i)","Kumar Agrawal, Ashish  Agrawal, Ashish K.   Agrawal, A. K.   Agrawal, Ashish   Agrawal, Ashish Kumar","65","26","Indian Institute of Technology Banaras Hindu University","Varanasi","India"
"","View last title","","","",""
"","","","","","",""
"100 7004050032 (i) on (i)","Narang, Krishnan K.  Narang, Krishna K.   Narang, Krishan K.   Narang, K. K.   Narang, Kriskan K.","65","15","Indian Institute of Technology Banaras Hindu University","Varanasi","India"
"","View last title","","","",""
"","","","","","",""
"101 35111968900 (i) on (i)","Shukla, Shailendra Kumar  Shukla, Shailndra Kumar   Shukla, Shailendra K.   Shukla, S.   Shukla, Shailendra kumar   Shukla, S. K.","65","15","Indian Institute of Technology Banaras Hindu University","Varanasi","India"
"","View last title","","","",""
"","","","","","",""
"102 56957792800 (i) on (i)","Yadav, Dharmendra Kumar  Yadav, Dharmendra K.   Yadav, Dharmendra","65","17","Indian Institute of Technology Banaras Hindu University","Varanasi","India"
"","View last title","","","",""
"","","","","","",""
"103 56667217800 (i) on (i)","Pratap, Saurabh","64","16","Indian Institute of Technology Banaras Hindu University","Varanasi","India"
"","View last title","","","",""
"","","","","","",""
"104 36060996500 (i) on (i)","Dwivedi, Smrity  Dwivedi, S.","63","5","Indian Institute of Technology Banaras Hindu University","Varanasi","India"
"","View last title","","","",""
"","","","","","",""
"105 57216005090 (i) on (i)","Tyagi, Rajnesh  Tyagi, R.   Tyagi, Rajneesh","63","19","Indian Institute of Technology Banaras Hindu University","Varanasi","India"
"","View last title","","","",""
"","","","","","",""
"106 57209784786 (i) on (i)","Ghosh, Sandip  Ghosh, S.","62","10","Indian Institute of Technology Banaras Hindu University","Varanasi","India"
"","View last title","","","",""
"","","","","","",""
"107 24280635100 (i) on (i)","Indra, Arindam  Indra, A.","62","28","Indian Institute of Technology Banaras Hindu University","Varanasi","India"
"","View last title","","","",""
"","","","","","",""
"108 56432329100 (i) on (i)","Mohan, Devendra  Mohan, D.","62","21","Indian Institute of Technology Banaras Hindu University","Varanasi","India"
"","View last title","","","",""
"","","","","","",""
"109 7004306161 (i) on (i)","Dwivedi, Jai Prakash  Dwivedi, J. P.","61","12","Indian Institute of Technology Banaras Hindu University","Varanasi","India"
"","View last title","","","",""
"","","","","","",""
"110 9335293500 (i) on (i)","Dhayal, Marshal  Dhayal, M.","60","21","Indian Institute of Technology Banaras Hindu University","Varanasi","India"
"","View last title","","","",""
"","","","","","",""
"111 6603294234 (i) on (i)","Paik, Pradip  Paik, P.","60","19","Indian Institute of Technology Banaras Hindu University","Varanasi","India"
"","View last title","","","",""
"","","","","","",""
"112 36083752500 (i) on (i)","Srivastava, Rachana S.  SRIVASTAVA, R. S.   Srivastava, Rachana   Srivastava, R. S.","60","9","Indian Institute of Technology Banaras Hindu University","Varanasi","India"
"","View last title","","","",""
"","","","","","",""
"113 57225666920 (i) on (i)","Sahoo, Rashmi Rekha  Sahoo, Rashmi R.   Rekha Sahoo, Rashmi   Sahoo, R. R.","59","16","Indian Institute of Technology Banaras Hindu University","Varanasi","India"
"","View last title","","","",""
"","","","","","",""
"114 55418265800 (i) on (i)","Upadhyay, Shail  Upadhyay, Gurudeo Nirala Shail   Upadhyay, S.   Upadhyay, Shall","59","17","Indian Institute of Technology Banaras Hindu University","Varanasi","India"
"","View last title","","","",""
"","","","","","",""
"115 57203046448 (i) on (i)","Dubey, Ashutosh Kumar  Dubey, Ashutosh K.   Dubey, Ashutosh   Dubey, A. K.","58","16","Indian Institute of Technology Banaras Hindu University","Varanasi","India"
"","View last title","","","",""
"","","","","","",""
"116 55236903800 (i) on (i)","Jain, Shreyans K.  Jain, Shreyans   Jain, S. K.   Jain, Shreyans K.   Jain, S.   Jain, Shreyans Kumar","58","17","Indian Institute of Technology Banaras Hindu University","Varanasi","India"
"","View last title","","","",""
"","","","","","",""
"117 25628155400 (i) on (i)","Mahto, Sanjeev Kumar  Mahto, Sanjeev K.   Mahto, S. K.","58","15","Indian Institute of Technology Banaras Hindu University","Varanasi","India"
"","View last title","","","",""
"","","","","","",""
"118 24169180600 (i) on (i)","Pal, Sukomal","58","10","Indian Institute of Technology Banaras Hindu University","Varanasi","India"
"","View last title","","","",""
"","","","","","",""
"119 7403971310 (i) on (i)","Singh, Paras Nath  Singh, P. N.   Singh, Paras N.","58","16","Indian Institute of Technology Banaras Hindu University","Varanasi","India"
"","View last title","","","",""
"","","","","","",""
"120 14219574100 (i) on (i)","Singh, Preetam M.  Singh, P. M.   Singh, Preetam   Singh, P.   Singh, P. S.","58","28","Indian Institute of Technology Banaras Hindu University","Varanasi","India"
"","View last title","","","",""
"","","","","","",""
"121 36672975600 (i) on (i)","Kandasamy, Jeyakumar","57","19","Indian Institute of Technology Banaras Hindu University","Varanasi","India"
"","View last title","","","",""
"","","","","","",""
"122 16404764200 (i) on (i)","Chandra, Laltu  Chandra, L.","56","10","Indian Institute of Technology Banaras Hindu University","Varanasi","India"
"","View last title","","","",""
"","","","","","",""
"123 54890286500 (i) on (i)","Upadhyay, Chandan  Upadhyay, C.","56","19","Indian Institute of Technology Banaras Hindu University","Varanasi","India"
"","View last title","","","",""
"","","","","","",""
"124 7004162082 (i) on (i)","Khastgir, Prasad  Khastgir, P.","55","15","Indian Institute of Technology Banaras Hindu University","Varanasi","India"
"","View last title","","","",""
"","","","","","",""
"125 56125721800 (i) on (i)","Singh, Ravi Shankar  Singh, R.   Singh, R. S.   Singh, Ravi S.   Singh, Ravi","55","11","Indian Institute of Technology Banaras Hindu University","Varanasi","India"
"","View last title","","","",""
"","","","","","",""
"126 7404651366 (i) on (i)","Singh, Vineet Kumar  Singh, Vineet   Singh, V. K.   Singh, Vineet K.","55","16","Indian Institute of Technology Banaras Hindu University","Varanasi","India"
"","View last title","","","",""
"","","","","","",""
"127 38660919800 (i) on (i)","Chanak, Prasenjit  Chanak, Praseniit","54","11","Indian Institute of Technology Banaras Hindu University","Varanasi","India"
"","View last title","","","",""
"","","","","","",""
"128 24581342800 (i) on (i)","Mishra, Ravi Bhushan  Mishra, Ravi   Mishra, Ravi Bhusan   Mishra, R. B.","54","10","Indian Institute of Technology Banaras Hindu University","Varanasi","India"
"","View last title","","","",""
"","","","","","",""
"129 57213946036 (i) on (i)","Jha, Arun Kant  Jha, A. K.","53","14","Indian Institute of Technology Banaras Hindu University","Varanasi","India"
"","View last title","","","",""
"","","","","","",""
"130 57219768455 (i) on (i)","Kumar, Sunil  Kumar, S.","53","13","Indian Institute of Technology Banaras Hindu University","Varanasi","India"
"","View last title","","","",""
"","","","","","",""
"131 57109774300 (i) on (i)","Pandey, Rajendra Kumar  Pandey, Rajendra K.   Pandey, Rajan Kumar   Pandey, R. K.","53","10","Indian Institute of Technology Banaras Hindu University","Varanasi","India"
"","View last title","","","",""
"","","","","","",""
"132 36973722000 (i) on (i)","Rai, Birendra Nath  Rai, B. N.   Rai, Birendra N.","53","16","Indian Institute of Technology Banaras Hindu University","Varanasi","India"
"","View last title","","","",""
"","","","","","",""
"133 55579802200 (i) on (i)","Singh, Lalit Kumar  Kumar Singh, Lalit   Singh, Lalit K.   Singh, Lalit","53","13","Indian Institute of Technology Banaras Hindu University","Varanasi","India"
"","View last title","","","",""
"","","","","","",""
"134 57309439100 (i) on (i)","Singh, Sunil Kumar  Singh, S. K.   Singh, Sunil K.   Singh, S.","52","24","Indian Institute of Technology Banaras Hindu University","Varanasi","India"
"","View last title","","","",""
"","","","","","",""
"135 57210010048 (i) on (i)","Singh, Yogendra P.  Singh, Yogendra   Singh, Y.   Singh, Y. P.","52","16","Indian Institute of Technology Banaras Hindu University","Varanasi","India"
"","View last title","","","",""
"","","","","","",""
"136 14623205300 (i) on (i)","Srivastava, Monika  Srivastava, M.","52","17","Indian Institute of Technology Banaras Hindu University","Varanasi","India"
"","View last title","","","",""
"","","","","","",""
"137 57220991606 (i) on (i)","Mishra, Prerna S.  Mishra, P.   Mishra, Prerna   Mishra, P. S.","51","12","Indian Institute of Technology Banaras Hindu University","Varanasi","India"
"","View last title","","","",""
"","","","","","",""
"138 24384426900 (i) on (i)","Som, Tanmoy  Som, T.","51","8","Indian Institute of Technology Banaras Hindu University","Varanasi","India"
"","View last title","","","",""
"","","","","","",""
"139 23977209300 (i) on (i)","Talat, Mahe  Talat, M.","51","27","Indian Institute of Technology Banaras Hindu University","Varanasi","India"
"","View last title","","","",""
"","","","","","",""
"140 24722090500 (i) on (i)","Vashista, Meghanshu  Vashista, M.","51","15","Indian Institute of Technology Banaras Hindu University","Varanasi","India"
"","View last title","","","",""
"","","","","","",""
"141 7201951634 (i) on (i)","Singh, Onkar Nath  Singh, Onkar N.   Ii, O. N.Singh   Singh, O. N.   Singh, Onkar Nath   Singh, O. Nath   Singh, Onkar","50","11","Indian Institute of Technology Banaras Hindu University","Varanasi","India"
"","View last title","","","",""
"","","","","","",""
"142 36967726800 (i) on (i)","Singh, Prabhat Kumar  Singh, Prabhat K.   Singh, P.   Singh, Pramod Kumar   Singh, P. K.   Singh, Pramod K.","50","12","Indian Institute of Technology Banaras Hindu University","Varanasi","India"
"","View last title","","","",""
"","","","","","",""
"143 7202417520 (i) on (i)","Rastogi, Rashmi Bala  Rastogi, Rashmi B.   Rastogi, R. B.","49","17","Indian Institute of Technology Banaras Hindu University","Varanasi","India"
"","View last title","","","",""
"","","","","","",""
"144 55452703700 (i) on (i)","Singh, Hemant Hemanta  Singh, Hemant   Singh, H.   Singh, H. Hemanta   Singh, Hemanta   Singh, H. N.   Singh, Neelam","49","17","Indian Institute of Technology Banaras Hindu University","Varanasi","India"
"","View last title","","","",""
"","","","","","",""
"145 55573611500 (i) on (i)","Gautam, Rakesh Kumar C.  Gautam, Rakesh Kumar   Kumar Gautam, Rakesh   Gautam, R. K.C.   Gautam, Rakesh K.   Gautam, R. K.   Gautam, Rakesh Kr","48","16","Indian Institute of Technology Banaras Hindu University","Varanasi","India"
"","View last title","","","",""
"","","","","","",""
"146 57202477328 (i) on (i)","Kumar, Santosh  Kumar, S.","48","11","Indian Institute of Technology Banaras Hindu University","Varanasi","India"
"","View last title","","","",""
"","","","","","",""
"147 35579715600 (i) on (i)","Misra, Krishan Datta  Misra, K. D.","48","8","Indian Institute of Technology Banaras Hindu University","Varanasi","India"
"","View last title","","","",""
"","","","","","",""
"148 7402453281 (i) on (i)","Pandey, Sanjay Kumar  Kumar Pandey, Sanjay   Pandey, S. K.","48","18","Indian Institute of Technology Banaras Hindu University","Varanasi","India"
"","View last title","","","",""
"","","","","","",""
"149 18133827700 (i) on (i)","Parmar, Avanish Singh  Singh Parmar, Avanish   Parmar, Avanish S.","48","14","Indian Institute of Technology Banaras Hindu University","Varanasi","India"
"","View last title","","","",""
"","","","","","",""
"150 57811805500 (i) on (i)","Prasad, Nand Kishore  Prasad, N.   Prasad, N. K.","48","16","Indian Institute of Technology Banaras Hindu University","Varanasi","India"
"","View last title","","","",""
"","","","","","",""
"151 54991490100 (i) on (i)","Mukherjee, Bratindranath  Mukherjee, B.","47","16","Indian Institute of Technology Banaras Hindu University","Varanasi","India"
"","View last title","","","",""
"","","","","","",""
"152 57189687153 (i) on (i)","Roy, Pradip Kumar  Roy, P. K.   Roy, Pradip K.   Roy, P.","47","16","Indian Institute of Technology Banaras Hindu University","Varanasi","India"
"","View last title","","","",""
"","","","","","",""
"153 6602567667 (i) on (i)","Vishwakarma, Devendra Nath  Vishwakarma, Devendra N.   Vishwakarma, D. N.","47","10","Indian Institute of Technology Banaras Hindu University","Varanasi","India"
"","View last title","","","",""
"","","","","","",""
"154 7006160635 (i) on (i)","Bhan, Suraj  Bhan, S.","46","10","Indian Institute of Technology Banaras Hindu University","Varanasi","India"
"","View last title","","","",""
"","","","","","",""
"155 57212043589 (i) on (i)","Kumar, Pradeep V.Anil  Kumar, P.   Kumar, Pradeep   Kumar, P. V.Anil","46","13","Indian Institute of Technology Banaras Hindu University","Varanasi","India"
"","View last title","","","",""
"","","","","","",""
"156 35322712800 (i) on (i)","Mishra, Vishal  Mishra, V.","46","12","Indian Institute of Technology Banaras Hindu University","Varanasi","India"
"","View last title","","","",""
"","","","","","",""
"157 34969398200 (i) on (i)","Karak, Bidya Binay  Karak, Bidya B.   Binay Karak, Bidya   Karak, B. B.   Karak, Bidya Bina","45","18","Indian Institute of Technology Banaras Hindu University","Varanasi","India"
"","View last title","","","",""
"","","","","","",""
"158 57215903788 (i) on (i)","Santhi Srinivas, N. C.  Srinivas, N. C.S.   Santhi Srinivas, N. C.   Srinivas, N. C.Santhi","45","15","Indian Institute of Technology Banaras Hindu University","Varanasi","India"
"","View last title","","","",""
"","","","","","",""
"159 35392285900 (i) on (i)","Singh, Vishwa Nath  Singh, Viswa N.   Singh, Vishwa N.   Singh, V. N.","45","21","Indian Institute of Technology Banaras Hindu University","Varanasi","India"
"","View last title","","","",""
"","","","","","",""
"160 7201977955 (i) on (i)","Dwivedi, Shyam Bihari  Dwivedi, S. B.   Dwivedi, Shyam B.","44","10","Indian Institute of Technology Banaras Hindu University","Varanasi","India"
"","View last title","","","",""
"","","","","","",""
"161 57210083797 (i) on (i)","Karmakar, Netai Chandra  Karmakar, N. C.   Karmakar, Netai C.","44","10","Indian Institute of Technology Banaras Hindu University","Varanasi","India"
"","View last title","","","",""
"","","","","","",""
"162 7201407139 (i) on (i)","Kundu, Subir  Kundu, S.","44","14","Indian Institute of Technology Banaras Hindu University","Varanasi","India"
"","View last title","","","",""
"","","","","","",""
"163 57199145403 (i) on (i)","Roy, Prasun Kumar 						  Roy, Prasun   Roy, P. K.   Roy, Prasun K.","44","11","Indian Institute of Technology Banaras Hindu University","Varanasi","India"
"","View last title","","","",""
"","","","","","",""
"164 6603522324 (i) on (i)","Mankhand, Tilak Raj  Mankhand, Tilak R.   Mankhand, T. R.","43","18","Indian Institute of Technology Banaras Hindu University","Varanasi","India"
"","View last title","","","",""
"","","","","","",""
"165 7102697703 (i) on (i)","Misra, Nira  Misra, N.","43","15","Indian Institute of Technology Banaras Hindu University","Varanasi","India"
"","View last title","","","",""
"","","","","","",""
"166 57204760648 (i) on (i)","Sathiyamoorthi, Praveen  Praveen, Sathiyamoorthi   S, Praveen   Praveen, S.","43","24","Indian Institute of Technology Banaras Hindu University","Varanasi","India"
"","View last title","","","",""
"","","","","","",""
"167 57201236045 (i) on (i)","Srivastava, Radhey Shyam  Srivastava, Radhey S.hyam   Srivastava, Radhey S.   Srivastava, Radheyshyam   Srivastava, R. S.   Srivastava, Radheshyam S.","43","21","Indian Institute of Technology Banaras Hindu University","Varanasi","India"
"","View last title","","","",""
"","","","","","",""
"168 7005348396 (i) on (i)","Tare, Vasudeo Barburao  Tare, Vasudeo B.   Tare, V. B.","43","9","Indian Institute of Technology Banaras Hindu University","Varanasi","India"
"","View last title","","","",""
"","","","","","",""
"169 57740430400 (i) on (i)","Kumar, Ashish  Kumar, A.","42","11","Indian Institute of Technology Banaras Hindu University","Varanasi","India"
"","View last title","","","",""
"","","","","","",""
"170 57205655330 (i) on (i)","Patil, Swapnil  Patil, S.","42","15","Indian Institute of Technology Banaras Hindu University","Varanasi","India"
"","View last title","","","",""
"","","","","","",""
"171 7101923683 (i) on (i)","Samuel, Cherian  Samuel, C.","42","10","Indian Institute of Technology Banaras Hindu University","Varanasi","India"
"","View last title","","","",""
"","","","","","",""
"172 56183735300 (i) on (i)","Sarkar, Arnab  Sarkar, A.","41","13","Indian Institute of Technology Banaras Hindu University","Varanasi","India"
"","View last title","","","",""
"","","","","","",""
"173 35415561400 (i) on (i)","Agrawal, Anil Kumar  Agrawal, Anil K.   Agrawal, A. K.   Agrawal, Anil","40","9","Indian Institute of Technology Banaras Hindu University","Varanasi","India"
"","View last title","","","",""
"","","","","","",""
"174 6604002932 (i) on (i)","Banik, Rathindra Mohan  Banik, Ratindra Ram   Banik, R. M.   Banik, Rathindra M.","40","19","Indian Institute of Technology Banaras Hindu University","Varanasi","India"
"","View last title","","","",""
"","","","","","",""
"175 7103191973 (i) on (i)","Ghose, Animesh K.  Ghose, A. K.","40","8","Indian Institute of Technology Banaras Hindu University","Varanasi","India"
"","View last title","","","",""
"","","","","","",""
"176 57211875786 (i) on (i)","Kumar, Vikas  Kumar, Vikash   Kumar, V.","40","10","Indian Institute of Technology Banaras Hindu University","Varanasi","India"
"","View last title","","","",""
"","","","","","",""
"177 57225942514 (i) on (i)","Mishra, Sunil Kumar  Mishra, S. K.   Mishra, Sunil   Mishra, Sunil K.","40","8","Indian Institute of Technology Banaras Hindu University","Varanasi","India"
"","View last title","","","",""
"","","","","","",""
"178 36062046000 (i) on (i)","Sarawadekar, Kishor Prabhakar  Sarawadekar, Kishor P.   Sarawadekar, Kishor   Sarawadekar, K. P.","40","8","Indian Institute of Technology Banaras Hindu University","Varanasi","India"
"","View last title","","","",""
"","","","","","",""
"179 37107631400 (i) on (i)","Ghosh, Pradyumna","39","17","Indian Institute of Technology Banaras Hindu University","Varanasi","India"
"","View last title","","","",""
"","","","","","",""
"180 24483763000 (i) on (i)","Kumar, Virendra  Kumar, V.","39","14","Indian Institute of Technology Banaras Hindu University","Varanasi","India"
"","View last title","","","",""
"","","","","","",""
"181 6603870579 (i) on (i)","Kutumbarao, V. V.P.  Kutumbarao, V.   Kutumbarao, V. V.","39","15","Indian Institute of Technology Banaras Hindu University","Varanasi","India"
"","View last title","","","",""
"","","","","","",""
"182 16483807000 (i) on (i)","Misra, Rakesh Kumar  Kumar Misra, Rakesh   Misra, Rakesh K.   Misra, R. K.   Misra, Rakesh","39","11","Indian Institute of Technology Banaras Hindu University","Varanasi","India"
"","View last title","","","",""
"","","","","","",""
"183 57205861695 (i) on (i)","Mohan, Anita  Mohan, A.","39","13","Indian Institute of Technology Banaras Hindu University","Varanasi","India"
"","View last title","","","",""
"","","","","","",""
"184 7102030477 (i) on (i)","Ram, Rishi  Ram, R.","39","7","Indian Institute of Technology Banaras Hindu University","Varanasi","India"
"","View last title","","","",""
"","","","","","",""
"185 57225737002 (i) on (i)","Singh, Om Prakash  Singh, Om P.   Singh, O. P.","39","15","Indian Institute of Technology Banaras Hindu University","Varanasi","India"
"","View last title","","","",""
"","","","","","",""
"186 55704825700 (i) on (i)","Ghosh, Sandip  Ghosh, S. P.   Ghosh, S.","38","12","Indian Institute of Technology Banaras Hindu University","Varanasi","India"
"","View last title","","","",""
"","","","","","",""
"187 57196349305 (i) on (i)","Khan Yusufzai, Mohd Zaheer  Yusufzai, Mohd Zaheer Khan   Yusufzai, M. Z.Khan   Khan Yusufzai, M. Z.","38","9","Indian Institute of Technology Banaras Hindu University","Varanasi","India"
"","View last title","","","",""
"","","","","","",""
"188 57220995061 (i) on (i)","Kumar, Nikhil V.Ravi  Kumar, N. V.Ravi   KUMAR, Nikhil       Kumar, Nikhil   Kumar, N.","38","14","Indian Institute of Technology Banaras Hindu University","Varanasi","India"
"","View last title","","","",""
"","","","","","",""
"189 55630514200 (i) on (i)","Mahobia, Girija Shankar  Mahobia, G. S.","38","11","Indian Institute of Technology Banaras Hindu University","Varanasi","India"
"","View last title","","","",""
"","","","","","",""
"190 35345084300 (i) on (i)","Maiti, Pabitra Ranjan  Maiti, Pabitra R.   Maiti, P. R.","38","4","Indian Institute of Technology Banaras Hindu University","Varanasi","India"
"","View last title","","","",""
"","","","","","",""
"191 7102590463 (i) on (i)","Patnaik, Swaraj K.  Patnaik, S. K.   Patnaik, S.   PATNAIK, SWARAJ K.","38","10","Indian Institute of Technology Banaras Hindu University","Varanasi","India"
"","View last title","","","",""
"","","","","","",""
"192 57201871279 (i) on (i)","Singh, Sundaram  Singh, S.","38","9","Indian Institute of Technology Banaras Hindu University","Varanasi","India"
"","View last title","","","",""
"","","","","","",""
"193 57204110340 (i) on (i)","Singh, Veerendra Pratap  Singh, V. P.   Singh, Virendra Pratap","38","7","Indian Institute of Technology Banaras Hindu University","Varanasi","India"
"","View last title","","","",""
"","","","","","",""
"194 53979892100 (i) on (i)","Ji, Gopal  Ji, G.","37","16","Indian Institute of Technology Banaras Hindu University","Varanasi","India"
"","View last title","","","",""
"","","","","","",""
"195 7201674050 (i) on (i)","Khan, R. U.","37","11","Indian Institute of Technology Banaras Hindu University","Varanasi","India"
"","View last title","","","",""
"","","","","","",""
"196 57198558033 (i) on (i)","Kumar, Brind  Kumar, B.","37","11","Indian Institute of Technology Banaras Hindu University","Varanasi","India"
"","View last title","","","",""
"","","","","","",""
"197 57206762902 (i) on (i)","Kumar, Sanjay  Kumar, S.","37","16","Indian Institute of Technology Banaras Hindu University","Varanasi","India"
"","View last title","","","",""
"","","","","","",""
"198 54581560600 (i) on (i)","Sharma, Piyoosh A.  Sharma, P. A.   Sharma, Piyoosh A.   Sharma, Piyoosh","37","18","Indian Institute of Technology Banaras Hindu University","Varanasi","India"
"","View last title","","","",""
"","","","","","",""
"199 6507823939 (i) on (i)","Shrivastva, Bal Krishna  Shrivastva, B. K.   Shrivastava, B. K.   Shrivastva, Bal Krishan   Shrivastva, Bal Krshna","37","8","Indian Institute of Technology Banaras Hindu University","Varanasi","India"
"","View last title","","","",""
"","","","","","",""
"200 16424551600 (i) on (i)","Singh, Gauri Shankar Prasad  Singh, Gauri S.Prasad   Singh, G. S.P.","37","10","Indian Institute of Technology Banaras Hindu University","Varanasi","India"
"","View last title","","","",""
"","","","","","",""