"Result Number","Author","Documents","h-index          Author metrics Scopus is adding an array of metrics for researchers. As an initial step, the h-index has been added.  The h-graph is one way of displaying and comparing the productivity and impact of published work of scholars. It should only be used together with a mix of quantitative and qualitative metrics.  More metrics will be added in the course of the year.","Affiliation","City","Country/Territory"
"1401 57210191166 (i) on (i)","Dixit, Shiva","11","6","Indian Institute of Technology Bombay","Mumbai","India"
"","View last title","","","",""
"","","","","","",""
"1402 56115592900 (i) on (i)","Dixit, Viney  Dixit, V.","11","8","Indian Institute of Technology, Bombay","Mumbai","India"
"","View last title","","","",""
"","","","","","",""
"1403 38561188200 (i) on (i)","Dixit, Vishal  Dixit, Vishal V.","11","4","Indian Institute of Technology Bombay","Mumbai","India"
"","View last title","","","",""
"","","","","","",""
"1404 36631877500 (i) on (i)","Dommaraju, Yuvaraj","11","9","Indian Institute of Technology, Bombay","Mumbai","India"
"","View last title","","","",""
"","","","","","",""
"1405 55618855200 (i) on (i)","Dutta, Subhendu  Dutta, S.","11","4","Indian Institute of Technology, Bombay","Mumbai","India"
"","View last title","","","",""
"","","","","","",""
"1406 57076436400 (i) on (i)","Gade, Vinil Kumar  Gade, V. K.   Gade, Vinil K.","11","5","Indian Institute of Technology Bombay","Mumbai","India"
"","View last title","","","",""
"","","","","","",""
"1407 57200969180 (i) on (i)","Ganaraj, K.  Kuntikana, G.   Kuntikana, Ganaraj   Ganaraj, Kuntikana   Ganaraj, K.","11","6","Indian Institute of Technology Bombay","Mumbai","India"
"","View last title","","","",""
"","","","","","",""
"1408 24067118800 (i) on (i)","Ghavale, Ninad D.  Ghavale, Ninad","11","8","Indian Institute of Technology, Bombay","Mumbai","India"
"","View last title","","","",""
"","","","","","",""
"1409 7102060953 (i) on (i)","Goswami, Sanjib  Goswami, S.","11","6","Indian Institute of Technology, Bombay","Mumbai","India"
"","View last title","","","",""
"","","","","","",""
"1410 57203222347 (i) on (i)","Gote, Gopal D.  Gote, Gopal D.   Gote, Gopal","11","4","Indian Institute of Technology Bombay","Mumbai","India"
"","View last title","","","",""
"","","","","","",""
"1411 7005894502 (i) on (i)","Hariharan, M. V.","11","3","Indian Institute of Technology Bombay","Mumbai","India"
"","View last title","","","",""
"","","","","","",""
"1412 37112463600 (i) on (i)","Jain, Lokendra  Jain, L.","11","5","Indian Institute of Technology, Bombay","Mumbai","India"
"","View last title","","","",""
"","","","","","",""
"1413 56040158400 (i) on (i)","Jawa, Himani","11","5","Indian Institute of Technology Bombay","Mumbai","India"
"","View last title","","","",""
"","","","","","",""
"1414 57191330452 (i) on (i)","Joseph, Thomas","11","4","Indian Institute of Technology, Bombay","Mumbai","India"
"","View last title","","","",""
"","","","","","",""
"1415 53867950300 (i) on (i)","Kamble, Anvita","11","4","Indian Institute of Technology, Bombay","Mumbai","India"
"","View last title","","","",""
"","","","","","",""
"1416 57196054498 (i) on (i)","Karmakar, Siddhartha","11","4","Indian Institute of Technology Indore","Indore","India"
"","View last title","","","",""
"","","","","","",""
"1417 57190174603 (i) on (i)","Kartha, Moses J.  Kartha, Moses","11","5","Indian Institute of Technology Bombay","Mumbai","India"
"","View last title","","","",""
"","","","","","",""
"1418 57192318058 (i) on (i)","Katiyar, Richa  Katiyar, R.","11","7","Indian Institute of Technology Bombay","Mumbai","India"
"","View last title","","","",""
"","","","","","",""
"1419 57192177094 (i) on (i)","Kaushal, Vishal","11","4","Indian Institute of Technology Bombay","Mumbai","India"
"","View last title","","","",""
"","","","","","",""
"1420 54903126900 (i) on (i)","Khatua, Munmun","11","7","Indian Institute of Technology Bombay","Mumbai","India"
"","View last title","","","",""
"","","","","","",""
"1421 57204635171 (i) on (i)","Kolluru, Srinivas","11","3","Harbor Branch Oceanographic Institute at Florida Atlantic University","Fort Pierce FL,","United States"
"","View last title","","","",""
"","","","","","",""
"1422 6602502996 (i) on (i)","Kommineni, J. R.","11","8","Indian Institute of Technology, Bombay","Mumbai","India"
"","View last title","","","",""
"","","","","","",""
"1423 57204049177 (i) on (i)","Krishna, Kalpesh Adithya  Krishna, K. Adithya   Krishna, Kalpesh","11","5","Indian Institute of Technology Bombay","Mumbai","India"
"","View last title","","","",""
"","","","","","",""
"1424 57241625800 (i) on (i)","Kumar, Pawan","11","7","Indian Institute of Technology Bombay","Mumbai","India"
"","View last title","","","",""
"","","","","","",""
"1425 57207205795 (i) on (i)","Kumar, Piyush","11","5","Indian Institute of Technology Bombay","Mumbai","India"
"","View last title","","","",""
"","","","","","",""
"1426 57214054877 (i) on (i)","Kumar, Praveen Sudheer  Kumar, P. Sudheer   Kumar, Praveen","11","8","Indian Institute of Technology Bombay","Mumbai","India"
"","View last title","","","",""
"","","","","","",""
"1427 55492128300 (i) on (i)","Kumar, Ramanatham Vinod  Kumar, R. Vinod","11","9","Indian Institute of Technology Bombay","Mumbai","India"
"","View last title","","","",""
"","","","","","",""
"1428 57201942056 (i) on (i)","Kumari, Anuradha","11","6","Indian Institute of Technology Bombay","Mumbai","India"
"","View last title","","","",""
"","","","","","",""
"1429 51763883600 (i) on (i)","Kummer, Kim M.","11","7","Indian Institute of Technology Bombay","Mumbai","India"
"","View last title","","","",""
"","","","","","",""
"1430 57189498215 (i) on (i)","Kundu, Saptarshi  Kundu, S.","11","3","Indian Institute of Technology Bombay","Mumbai","India"
"","View last title","","","",""
"","","","","","",""
"1431 57202995003 (i) on (i)","Kurm, Shashank","11","3","Indian Institute of Technology Bombay","Mumbai","India"
"","View last title","","","",""
"","","","","","",""
"1432 6603171038 (i) on (i)","Magal, B. S.","11","0","Indian Institute of Technology Bombay","Mumbai","India"
"","View last title","","","",""
"","","","","","",""
"1433 52864097700 (i) on (i)","Mani, Sneh","11","7","Indian Institute of Technology, Bombay","Mumbai","India"
"","View last title","","","",""
"","","","","","",""
"1434 36973231000 (i) on (i)","Manoj, C. R.","11","7","Indian Institute of Technology, Bombay","Mumbai","India"
"","View last title","","","",""
"","","","","","",""
"1435 57211424577 (i) on (i)","Mantri, Manas Ranjan  Mantri, Manas R.","11","4","Indian Institute of Technology Bombay","Mumbai","India"
"","View last title","","","",""
"","","","","","",""
"1436 57201797454 (i) on (i)","Mitra, Ritayan","11","4","Indian Institute of Technology Bombay","Mumbai","India"
"","View last title","","","",""
"","","","","","",""
"1437 57192251168 (i) on (i)","Mrudul, M. S.  Mrudul, M.","11","6","Indian Institute of Technology Bombay","Mumbai","India"
"","View last title","","","",""
"","","","","","",""
"1438 57202331694 (i) on (i)","Murali, K.","11","3","Indian Institute of Technology Bombay","Mumbai","India"
"","View last title","","","",""
"","","","","","",""
"1439 57073331400 (i) on (i)","Muthu, R. Naresh  Naresh Muthu, R.   Muthu, R. Naresh   Muthu, Raja","11","6","Madurai Kamaraj University","Madurai","India"
"","View last title","","","",""
"","","","","","",""
"1440 55213538900 (i) on (i)","Nair, Divya K.","11","8","Indian Institute of Technology, Bombay","Mumbai","India"
"","View last title","","","",""
"","","","","","",""
"1441 55619714800 (i) on (i)","Nallasivam, Jothi Lakshmi  Nallasivam, Jothi L.","11","7","Indian Institute of Technology Bombay","Mumbai","India"
"","View last title","","","",""
"","","","","","",""
"1442 56931208200 (i) on (i)","Nandedkar, D. P.","11","2","Indian Institute of Technology, Bombay","Mumbai","India"
"","View last title","","","",""
"","","","","","",""
"1443 57205590059 (i) on (i)","Narayan, Surya","11","6","Indian Institute of Technology Bombay","Mumbai","India"
"","View last title","","","",""
"","","","","","",""
"1444 37087625500 (i) on (i)","Nataraj, K. S.","11","3","Indian Institute of Technology Bombay","Mumbai","India"
"","View last title","","","",""
"","","","","","",""
"1445 57196008582 (i) on (i)","Padhi, Deepak Ranjan  Ranjan Padhi, Deepak","11","2","Indian Institute of Technology Bombay","Mumbai","India"
"","View last title","","","",""
"","","","","","",""
"1446 57212166658 (i) on (i)","Pande, Shivam","11","4","Indian Institute of Technology Bombay","Mumbai","India"
"","View last title","","","",""
"","","","","","",""
"1447 57197458171 (i) on (i)","Pathak, Rakesh Kumar  Pathak, Rakesh K.","11","10","Indian Institute of Technology, Bombay","Mumbai","India"
"","View last title","","","",""
"","","","","","",""
"1448 57193263845 (i) on (i)","Pathak, Rohit  Pathak, R.","11","4","Indian Institute of Technology Bombay","Mumbai","India"
"","View last title","","","",""
"","","","","","",""
"1449 57213983947 (i) on (i)","Puniyani, Ram","11","3","Indian Institute of Technology, Bombay","Mumbai","India"
"","View last title","","","",""
"","","","","","",""
"1450 6602250938 (i) on (i)","Radha, C. H.  Radha, C.   Radha, Ch","11","6","Indian Institute of Technology, Bombay","Mumbai","India"
"","View last title","","","",""
"","","","","","",""
"1451 57205521119 (i) on (i)","Raj, Abhishek  Raj, A.","11","4","Indian Institute of Technology Bombay","Mumbai","India"
"","View last title","","","",""
"","","","","","",""
"1452 35223869000 (i) on (i)","Raje, Deepashree  Raje, D.","11","9","Indian Institute of Technology, Bombay","Mumbai","India"
"","View last title","","","",""
"","","","","","",""
"1453 56730318600 (i) on (i)","Rajeev, Karthik","11","5","Indian Institute of Technology Bombay","Mumbai","India"
"","View last title","","","",""
"","","","","","",""
"1454 57233027900 (i) on (i)","Raju, Saravanan","11","6","Indian Institute of Technology Bombay","Mumbai","India"
"","View last title","","","",""
"","","","","","",""
"1455 16492525800 (i) on (i)","Rana, Inder K.","11","4","Indian Institute of Technology Bombay","Mumbai","India"
"","View last title","","","",""
"","","","","","",""
"1456 57191572620 (i) on (i)","Reddy, Bhoja Sambi  Reddy, B. S.   Reddy, Bhoja   Reddy, B. Sambl   Reddy, B. Sambi","11","4","Indian Institute of Technology Bombay","Mumbai","India"
"","View last title","","","",""
"","","","","","",""
"1457 57202599202 (i) on (i)","Reddy, Kota Srinivas","11","4","Indian Institute of Technology Bombay","Mumbai","India"
"","View last title","","","",""
"","","","","","",""
"1458 55855634500 (i) on (i)","Revelly, A. K.  Kumar, A.   Ajaykumar, A. K.   Revelly, R. Ajay   Kumar, R.   Ajay Kumar","11","5","Indian Institute of Technology Bombay","Mumbai","India"
"","View last title","","","",""
"","","","","","",""
"1459 56743310500 (i) on (i)","Rudrapati, Sivaramakrishna  Sivaramakrishna, R.","11","4","Indian Institute of Technology Bombay","Mumbai","India"
"","View last title","","","",""
"","","","","","",""
"1460 57193651075 (i) on (i)","Sabu, Kamini","11","3","Indian Institute of Technology Bombay","Mumbai","India"
"","View last title","","","",""
"","","","","","",""
"1461 57200914496 (i) on (i)","Saha, Jayeeta","11","6","Indian Institute of Technology, Bombay","Mumbai","India"
"","View last title","","","",""
"","","","","","",""
"1462 57195073996 (i) on (i)","Saha, Pankaj","11","6","Indian Institute of Technology Bombay","Mumbai","India"
"","View last title","","","",""
"","","","","","",""
"1463 57189500573 (i) on (i)","Sai Ram, B.  Sai Ram, B.   Sairam, B.   Ram, Boggavarapu Sai   Ram, B. Sai   Ram, B. S.","11","6","Indian Institute of Technology Bombay","Mumbai","India"
"","View last title","","","",""
"","","","","","",""
"1464 57195761116 (i) on (i)","Sankaranarayanan, Anand  Sankaranarayanan, A.","11","4","Washington University in St. Louis","St. Louis","United States"
"","View last title","","","",""
"","","","","","",""
"1465 57212868239 (i) on (i)","Sarkar, Sudipta Kumar  Sarkar, S. K.   Sarkar, Sudipta K.","11","4","Indian Institute of Technology Bombay","Mumbai","India"
"","View last title","","","",""
"","","","","","",""
"1466 57206298946 (i) on (i)","Sasmal, Sheuli","11","6","Indian Institute of Technology Bombay","Mumbai","India"
"","View last title","","","",""
"","","","","","",""
"1467 56028458400 (i) on (i)","Sau, Shambhu","11","5","Indian Institute of Technology, Bombay","Mumbai","India"
"","View last title","","","",""
"","","","","","",""
"1468 7003644873 (i) on (i)","Saxena, C. L.","11","6","Indian Institute of Technology, Bombay","Mumbai","India"
"","View last title","","","",""
"","","","","","",""
"1469 6602329470 (i) on (i)","Shembekar, Prashant S.  Shembekar, P. S.","11","10","Indian Institute of Technology Bombay","Mumbai","India"
"","View last title","","","",""
"","","","","","",""
"1470 57213188267 (i) on (i)","Shinde, Rajat C.  Shinde, Rajat","11","3","Indian Institute of Technology Bombay","Mumbai","India"
"","View last title","","","",""
"","","","","","",""
"1471 57203988413 (i) on (i)","Shingare, K. B.  Shingare, K. B.   Shingare, Kishor Balasaheb","11","6","Indian Institute of Technology Bombay","Mumbai","India"
"","View last title","","","",""
"","","","","","",""
"1472 57210546936 (i) on (i)","Shukla, Rahul K.","11","6","Indian Institute of Technology Bombay","Mumbai","India"
"","View last title","","","",""
"","","","","","",""
"1473 57194612501 (i) on (i)","Sidhique, Aboobackkar  Sidhique, A.","11","2","Indian Institute of Technology Bombay","Mumbai","India"
"","View last title","","","",""
"","","","","","",""
"1474 57203895877 (i) on (i)","Singh, Ankit Rajkumar  Singh, Ankit R.   Singh, Ankit","11","4","Indian Institute of Technology Bombay","Mumbai","India"
"","View last title","","","",""
"","","","","","",""
"1475 57196427268 (i) on (i)","Singh, Mamraj Sanjoy  Singh, Mamraj   Singh, M. Sanjoy   Singh, M.","11","6","Indian Institute of Technology, Bombay","Mumbai","India"
"","View last title","","","",""
"","","","","","",""
"1476 57210543274 (i) on (i)","Srinivasan, Vijay S.Senthil  Srinivasan, Vijay   Srinivasan, V. S.Senthil   Srinivasan, V.","11","5","Indian Institute of Technology Bombay","Mumbai","India"
"","View last title","","","",""
"","","","","","",""
"1477 56418443400 (i) on (i)","Thool, Khushahal Sunil  Thool, Khushahal   Thool, K.   Thool, K. S.","11","5","Indian Institute of Technology Bombay","Mumbai","India"
"","View last title","","","",""
"","","","","","",""
"1478 57163857600 (i) on (i)","Tyagi, Lavi","11","3","Indian Institute of Technology Bombay","Mumbai","India"
"","View last title","","","",""
"","","","","","",""
"1479 56297962100 (i) on (i)","Varghese, Vinay","11","5","Indian Institute of Technology Bombay","Mumbai","India"
"","View last title","","","",""
"","","","","","",""
"1480 6603658791 (i) on (i)","Vartak, M. N.","11","5","Indian Institute of Technology, Bombay","Mumbai","India"
"","View last title","","","",""
"","","","","","",""
"1481 7004694248 (i) on (i)","Venkatesh, Apoorva","11","6","Indian Institute of Technology Bombay","Mumbai","India"
"","View last title","","","",""
"","","","","","",""
"1482 57210809234 (i) on (i)","Verma, Abhinav","11","2","Indian Institute of Technology Bombay","Mumbai","India"
"","View last title","","","",""
"","","","","","",""
"1483 57190579172 (i) on (i)","Waghmare, Sainath A.  Waghmare, Sainath A.","11","4","Indian Institute of Technology Bombay","Mumbai","India"
"","View last title","","","",""
"","","","","","",""
"1484 57140230000 (i) on (i)","Agashe, S. D.","10","2","Indian Institute of Technology, Bombay","Mumbai","India"
"","View last title","","","",""
"","","","","","",""
"1485 57220525559 (i) on (i)","Ahuja, Aakash","10","4","Indian Institute of Technology Bombay","Mumbai","India"
"","View last title","","","",""
"","","","","","",""
"1486 57201792526 (i) on (i)","Anand, Deepak","10","5","Indian Institute of Technology Bombay","Mumbai","India"
"","View last title","","","",""
"","","","","","",""
"1487 24778002700 (i) on (i)","Ananthnarayan, Hariharan  Ananthnarayan, H.","10","4","Indian Institute of Technology, Bombay","Mumbai","India"
"","View last title","","","",""
"","","","","","",""
"1488 6603303651 (i) on (i)","Angal, R. D.","10","4","Indian Institute of Technology, Bombay","Mumbai","India"
"","View last title","","","",""
"","","","","","",""
"1489 57209645046 (i) on (i)","Ansari, Kamal Uddin  Ansari, Kamaluddin","10","4","Indian Institute of Technology Bombay","Mumbai","India"
"","View last title","","","",""
"","","","","","",""
"1490 54884074100 (i) on (i)","Aravind, P. A.  Aravind., P. A.   Aravind, P.","10","3","Indian Institute of Technology, Bombay","Mumbai","India"
"","View last title","","","",""
"","","","","","",""
"1491 9635837800 (i) on (i)","Avhale, Appasaheb B.  Avhale, A.   Avhale, A. B.","10","8","Indian Institute of Technology Bombay","Mumbai","India"
"","View last title","","","",""
"","","","","","",""
"1492 6603035599 (i) on (i)","Awate, Prakash G.  Awate, P. G.","10","3","Indian Institute of Technology, Bombay","Mumbai","India"
"","View last title","","","",""
"","","","","","",""
"1493 57193851923 (i) on (i)","Banthia, Swastika","10","6","Indian Institute of Technology Bombay","Mumbai","India"
"","View last title","","","",""
"","","","","","",""
"1494 57221676656 (i) on (i)","Barbhuiya, Najmul Haque  Barbhuiya, Najmul H.","10","4","Indian Institute of Technology Bombay","Mumbai","India"
"","View last title","","","",""
"","","","","","",""
"1495 55602611600 (i) on (i)","Barik, Gayatree","10","5","Indian Institute of Technology Bombay","Mumbai","India"
"","View last title","","","",""
"","","","","","",""
"1496 56760036700 (i) on (i)","Basu, Aditya  Basu, A.","10","9","Indian Institute of Technology, Bombay","Mumbai","India"
"","View last title","","","",""
"","","","","","",""
"1497 16498012700 (i) on (i)","Bharathi, S. M.","10","5","Indian Institute of Technology, Bombay","Mumbai","India"
"","View last title","","","",""
"","","","","","",""
"1498 57203162466 (i) on (i)","Bhardwaj, Navneet  Bhardwaj, N.","10","5","Indian Institute of Technology Bombay","Mumbai","India"
"","View last title","","","",""
"","","","","","",""
"1499 57192948758 (i) on (i)","Bhosale, Amit C.  Bhosale, Amit C.","10","6","Indian Institute of Technology Bombay","Mumbai","India"
"","View last title","","","",""
"","","","","","",""
"1500 56417195300 (i) on (i)","Biswas, Pritam  Biswas, P.","10","6","Indian Institute of Technology, Bombay","Mumbai","India"
"","View last title","","","",""
"","","","","","",""
"1501 57002241100 (i) on (i)","Chakraborty, Arup  Chakraborty, A.","10","8","Indian Institute of Technology Bombay","Mumbai","India"
"","View last title","","","",""
"","","","","","",""
"1502 56084736400 (i) on (i)","Chandrashekhar, A. K.  Chandrashekhar, A. K.   Kashyap, Chandrashekhar Azad","10","3","Indian Institute of Technology, Bombay","Mumbai","India"
"","View last title","","","",""
"","","","","","",""
"1503 35893219800 (i) on (i)","Chaturvedi, R. C.","10","4","Indian Institute of Technology, Bombay","Mumbai","India"
"","View last title","","","",""
"","","","","","",""
"1504 54963989600 (i) on (i)","Chaudhari, Dipali A.","10","8","Indian Institute of Technology, Bombay","Mumbai","India"
"","View last title","","","",""
"","","","","","",""
"1505 57190843797 (i) on (i)","Chaurasia, Sudhanshu Shekhar  Chaurasi, Sudhanshu Shekhar","10","5","Indian Institute of Technology Bombay","Mumbai","India"
"","View last title","","","",""
"","","","","","",""
"1506 55628533424 (i) on (i)","Das, Amitava  Das, A.","10","4","Indian Institute of Technology, Bombay","Mumbai","India"
"","View last title","","","",""
"","","","","","",""
"1507 7402352843 (i) on (i)","Das, Debashish","10","5","Indian Institute of Technology Bombay","Mumbai","India"
"","View last title","","","",""
"","","","","","",""
"1508 57206573787 (i) on (i)","Das, Sonatan","10","2","Indian Institute of Technology Bombay","Mumbai","India"
"","View last title","","","",""
"","","","","","",""
"1509 7401498258 (i) on (i)","Datta, S. N.  Datta, S.","10","5","Indian Institute of Technology Bombay","Mumbai","India"
"","View last title","","","",""
"","","","","","",""
"1510 36739018000 (i) on (i)","Dhawangale, Arvind Ramrao  Dhawangale, Arvind","10","4","Indian Institute of Technology Bombay","Mumbai","India"
"","View last title","","","",""
"","","","","","",""
"1511 57206781518 (i) on (i)","Dolui, Dependu","10","5","Indian Institute of Technology Bombay","Mumbai","India"
"","View last title","","","",""
"","","","","","",""
"1512 57194712186 (i) on (i)","Dolui, Pravas","10","9","Indian Institute of Technology Bombay","Mumbai","India"
"","View last title","","","",""
"","","","","","",""
"1513 56257755800 (i) on (i)","Doshi, Sejal","10","8","Indian Institute of Technology Bombay","Mumbai","India"
"","View last title","","","",""
"","","","","","",""
"1514 23466532900 (i) on (i)","Dubey, Aditi  Dubey, A.","10","7","Indian Institute of Technology, Bombay","Mumbai","India"
"","View last title","","","",""
"","","","","","",""
"1515 56379589000 (i) on (i)","Dutta, Prasit Kumar  Dutta, P. K.","10","5","Indian Institute of Technology, Bombay","Mumbai","India"
"","View last title","","","",""
"","","","","","",""
"1516 36052984300 (i) on (i)","Gajarushi, Ashwini S.  Gajarushi, Ashwini   Gajarushi, A.","10","4","Indian Institute of Technology Bombay","Mumbai","India"
"","View last title","","","",""
"","","","","","",""
"1517 55358077000 (i) on (i)","Garg, Ila","10","5","Indian Institute of Technology, Bombay","Mumbai","India"
"","View last title","","","",""
"","","","","","",""
"1518 57192410393 (i) on (i)","Gawande, Neha","10","5","Indian Institute of Technology Bombay","Mumbai","India"
"","View last title","","","",""
"","","","","","",""
"1519 7102825715 (i) on (i)","Ghose, Sanjukta  Ghose, S.","10","8","Indian Institute of Technology, Bombay","Mumbai","India"
"","View last title","","","",""
"","","","","","",""
"1520 55016976600 (i) on (i)","Ghosh, Bhaswati","10","6","Indian Institute of Technology Bombay","Mumbai","India"
"","View last title","","","",""
"","","","","","",""
"1521 57225856285 (i) on (i)","Gupta, Ashutosh","10","3","Indian Institute of Technology Bombay","Mumbai","India"
"","View last title","","","",""
"","","","","","",""
"1522 57211862443 (i) on (i)","Gupta, Saurabh K.  Gupta, S.   Gupta, Saurabh   Gupta, S. K.","10","5","Indian Institute of Technology Bombay","Mumbai","India"
"","View last title","","","",""
"","","","","","",""
"1523 56149985800 (i) on (i)","Gurusideswar, S.  Gurusideswar, S.","10","6","Indian Institute of Technology Bombay","Mumbai","India"
"","View last title","","","",""
"","","","","","",""
"1524 6701527826 (i) on (i)","Haridas, Manoj M.  Haridas, Manoj   Haridas, M. M.","10","6","Indian Institute of Technology, Bombay","Mumbai","India"
"","View last title","","","",""
"","","","","","",""
"1525 56556300300 (i) on (i)","Jadhav, Manali  Jadhav, M.","10","4","Indian Institute of Technology Bombay","Mumbai","India"
"","View last title","","","",""
"","","","","","",""
"1526 57169977300 (i) on (i)","Jadhav, Ravi S.  Jadhav, Ravi S.   Jadhav, Ravi Sudam","10","4","Indian Institute of Technology Bombay","Mumbai","India"
"","View last title","","","",""
"","","","","","",""
"1527 57209870113 (i) on (i)","Jain, Shubham Anand  Jain, S.   Jain, Shubham","10","2","Indian Institute of Technology Bombay","Mumbai","India"
"","View last title","","","",""
"","","","","","",""
"1528 57193758564 (i) on (i)","Joshi, Kamlesh","10","4","Indian Institute of Technology Bombay","Mumbai","India"
"","View last title","","","",""
"","","","","","",""
"1529 57193760728 (i) on (i)","Judy, Eva","10","4","Indian Institute of Technology Bombay","Mumbai","India"
"","View last title","","","",""
"","","","","","",""
"1530 57203926321 (i) on (i)","Kadu, Pradeep  Kadu, P.","10","4","Indian Institute of Technology Bombay","Mumbai","India"
"","View last title","","","",""
"","","","","","",""
"1531 25031559800 (i) on (i)","Kane, Shantaram Govind  Kane, Shantaram G.   Kane, Shantaram   Kane, S. G.","10","7","Indian Institute of Technology, Bombay","Mumbai","India"
"","View last title","","","",""
"","","","","","",""
"1532 7005459533 (i) on (i)","Katoch, Rita","10","5","Indian Institute of Technology Bombay","Mumbai","India"
"","View last title","","","",""
"","","","","","",""
"1533 35119107800 (i) on (i)","Khan, Muntazir S.  Khan, M. S.","10","8","Indian Institute of Technology, Bombay","Mumbai","India"
"","View last title","","","",""
"","","","","","",""
"1534 56588938500 (i) on (i)","Khater, Shradha","10","5","Indian Institute of Technology Bombay","Mumbai","India"
"","View last title","","","",""
"","","","","","",""
"1535 55961577300 (i) on (i)","Khatri, Anjali","10","4","Indian Institute of Technology Bombay","Mumbai","India"
"","View last title","","","",""
"","","","","","",""
"1536 56071759600 (i) on (i)","Kottakki, Krishna Kumar","10","4","Indian Institute of Technology Bombay","Mumbai","India"
"","View last title","","","",""
"","","","","","",""
"1537 35776264800 (i) on (i)","Kulkarni, Onkar Vitthal 						  Kulkarni, Onkar V.","10","5","Indian Institute of Technology, Bombay","Mumbai","India"
"","View last title","","","",""
"","","","","","",""
"1538 57202877702 (i) on (i)","Kulkarni, S. D.","10","7","Indian Institute of Technology Bombay","Mumbai","India"
"","View last title","","","",""
"","","","","","",""
"1539 57209548132 (i) on (i)","Kumar, Sushant","10","5","Indian Institute of Technology Bombay","Mumbai","India"
"","View last title","","","",""
"","","","","","",""
"1540 56429114900 (i) on (i)","Kumbhar, Sandeep","10","5","Indian Institute of Technology Bombay","Mumbai","India"
"","View last title","","","",""
"","","","","","",""
"1541 7006786153 (i) on (i)","Kundu, Prabuddha K.  Kundu, P. K.","10","5","Indian Institute of Technology Bombay","Mumbai","India"
"","View last title","","","",""
"","","","","","",""
"1542 7003772844 (i) on (i)","Maharana, J. P.","10","7","Indian Institute of Technology, Bombay","Mumbai","India"
"","View last title","","","",""
"","","","","","",""
"1543 57212307525 (i) on (i)","Majumdar, Chayan","10","3","Indian Institute of Technology Bombay","Mumbai","India"
"","View last title","","","",""
"","","","","","",""
"1544 57193778391 (i) on (i)","Majumder, Priyanka","10","3","Indian Institute of Technology Bombay","Mumbai","India"
"","View last title","","","",""
"","","","","","",""
"1545 7003391983 (i) on (i)","Mandal, Gurudas  Mandal, G.","10","4","Indian Institute of Technology Bombay","Mumbai","India"
"","View last title","","","",""
"","","","","","",""
"1546 57200619997 (i) on (i)","Manjhi, Sanjeev Kumar  manjhi, Sanjeev Kumar","10","5","Indian Institute of Technology Bombay","Mumbai","India"
"","View last title","","","",""
"","","","","","",""
"1547 57210192407 (i) on (i)","Manohar, Swathy","10","3","Indian Institute of Technology Bombay","Mumbai","India"
"","View last title","","","",""
"","","","","","",""
"1548 57193808452 (i) on (i)","Maurya, Sandeep Kumar  Maurya, Sandeep K.   Maurya, Sandep Kumar   Maurya, Sandeep","10","6","Indian Institute of Technology Bombay","Mumbai","India"
"","View last title","","","",""
"","","","","","",""
"1549 7201837763 (i) on (i)","Menon, Saija C.  Menon, S. C.","10","9","Indian Institute of Technology, Bombay","Mumbai","India"
"","View last title","","","",""
"","","","","","",""
"1550 7101629892 (i) on (i)","Misra, D. S.","10","3","Indian Institute of Technology, Bombay","Mumbai","India"
"","View last title","","","",""
"","","","","","",""
"1551 55622634500 (i) on (i)","Mondal, Debasmita  Mondal, D.","10","7","Indian Institute of Technology Bombay","Mumbai","India"
"","View last title","","","",""
"","","","","","",""
"1552 57200503872 (i) on (i)","Muthuraj, Divyamahalakshmi","10","5","Indian Institute of Technology Bombay","Mumbai","India"
"","View last title","","","",""
"","","","","","",""
"1553 36904794300 (i) on (i)","Naik, Susmita","10","7","Indian Institute of Technology, Bombay","Mumbai","India"
"","View last title","","","",""
"","","","","","",""
"1554 55889206500 (i) on (i)","Najim, Abdul  Najim, A.","10","4","Indian Institute of Technology Bombay","Mumbai","India"
"","View last title","","","",""
"","","","","","",""
"1555 57201944842 (i) on (i)","Nandi, S.  Nandi, S.   Nandi, Saswata","10","5","Indian Institute of Technology Bombay","Mumbai","India"
"","View last title","","","",""
"","","","","","",""
"1556 6507630467 (i) on (i)","Naresh Patwari, G.","10","7","Indian Institute of Technology Bombay","Mumbai","India"
"","View last title","","","",""
"","","","","","",""
"1557 55955962500 (i) on (i)","Palekar, Manohar G.  Palekar, M. G.","10","3","Indian Institute of Technology, Bombay","Mumbai","India"
"","View last title","","","",""
"","","","","","",""
"1558 55874848500 (i) on (i)","Paliwal, Nidhi  Paliwal, N.","10","5","Indian Institute of Technology Bombay","Mumbai","India"
"","View last title","","","",""
"","","","","","",""
"1559 57192557214 (i) on (i)","Pandi, Pitchai  Pitchai, Pandi   Pandi, P.","10","4","Indian Institute of Technology Bombay","Mumbai","India"
"","View last title","","","",""
"","","","","","",""
"1560 57193360273 (i) on (i)","Pathan, Rumana","10","4","Indian Institute of Technology Bombay","Mumbai","India"
"","View last title","","","",""
"","","","","","",""
"1561 32367840700 (i) on (i)","Patil, Sandip","10","4","Indian Institute of Technology Bombay","Mumbai","India"
"","View last title","","","",""
"","","","","","",""
"1562 56385370200 (i) on (i)","Pattnaik, Amulya Bihari  Pattnaik, A. B.","10","3","Indian Institute of Technology Bombay","Mumbai","India"
"","View last title","","","",""
"","","","","","",""
"1563 10140104800 (i) on (i)","Pawar, Vaishali","10","6","Indian Institute of Technology Bombay","Mumbai","India"
"","View last title","","","",""
"","","","","","",""
"1564 10044583400 (i) on (i)","Porwal, Pankaj Kumar  Porwal, P. K.   Porwal, Pankaj K.","10","8","Indian Institute of Technology, Bombay","Mumbai","India"
"","View last title","","","",""
"","","","","","",""
"1565 55827030500 (i) on (i)","Pradhan, Priyabrata  Pradhan, P.","10","7","Indian Institute of Technology, Bombay","Mumbai","India"
"","View last title","","","",""
"","","","","","",""
"1566 56266492100 (i) on (i)","Prasad, Poonam Rajesh  Prasad, Poonam R.   Prasad, P.","10","6","Indian Institute of Technology Bombay","Mumbai","India"
"","View last title","","","",""
"","","","","","",""
"1567 57205393178 (i) on (i)","Priyadarshani, Divya","10","6","Indian Institute of Technology Bombay","Mumbai","India"
"","View last title","","","",""
"","","","","","",""
"1568 35113814300 (i) on (i)","Radhakrishnan, Ratheesh  Radhakrishnan, R.","10","5","Indian Institute of Technology Bombay","Mumbai","India"
"","View last title","","","",""
"","","","","","",""
"1569 57217089778 (i) on (i)","Raghuvanshi, Parul Rani  Raghuvanshi, Parul R.","10","4","Indian Institute of Technology Bombay","Mumbai","India"
"","View last title","","","",""
"","","","","","",""
"1570 56667389600 (i) on (i)","Rahaman, Rajjakfur","10","9","Indian Institute of Technology Bombay","Mumbai","India"
"","View last title","","","",""
"","","","","","",""
"1571 57190405301 (i) on (i)","Rajhans, Chinmay","10","3","Indian Institute of Technology Bombay","Mumbai","India"
"","View last title","","","",""
"","","","","","",""
"1572 6602817712 (i) on (i)","Ramachandra Rao, Bellur S.  Ramachandra Rao, B. S.","10","2","Indian Institute of Technology, Bombay","Mumbai","India"
"","View last title","","","",""
"","","","","","",""
"1573 7003337038 (i) on (i)","RamaMohan, Tallapragada R.  RamaMohan, T. R.   Ramamohan, T. R.   Ramamohan, Tallapragada R.","10","4","Indian Institute of Technology, Bombay","Mumbai","India"
"","View last title","","","",""
"","","","","","",""
"1574 7003805867 (i) on (i)","Rane, Vishwanath Chango  Rane, V. C.   Rane, Vishwanath C.","10","5","Indian Institute of Technology Delhi","New Delhi","India"
"","View last title","","","",""
"","","","","","",""
"1575 6602624501 (i) on (i)","Ranga Rao, Melam P.  Ranga Rao, M. P.","10","4","Indian Institute of Technology Bombay","Mumbai","India"
"","View last title","","","",""
"","","","","","",""
"1576 57193903201 (i) on (i)","Rangarajan, Sriram  Rengarajan, Sriram","10","4","Indian Institute of Technology Bombay","Mumbai","India"
"","View last title","","","",""
"","","","","","",""
"1577 7404631337 (i) on (i)","Rao, Melam Parameswara Ranga  Rao, M. P.Ranga   Rao, Melam P.Ranga   Rao, M. Parameswara","10","4","Indian Institute of Technology, Bombay","Mumbai","India"
"","View last title","","","",""
"","","","","","",""
"1578 57198230854 (i) on (i)","Ravikumar, G.","10","8","Indian Institute of Technology, Bombay","Mumbai","India"
"","View last title","","","",""
"","","","","","",""
"1579 57219466367 (i) on (i)","Rawat, Amita","10","2","Indian Institute of Technology Bombay","Mumbai","India"
"","View last title","","","",""
"","","","","","",""
"1580 56323119200 (i) on (i)","Saha, Sourav  Saha, S.","10","6","Indian Institute of Technology Bombay","Mumbai","India"
"","View last title","","","",""
"","","","","","",""
"1581 55509639300 (i) on (i)","Sarangi, Asish Kumar  Sarangi, A. K.   Sarangi, Asish K.","10","5","Indian Institute of Technology Bombay","Mumbai","India"
"","View last title","","","",""
"","","","","","",""
"1582 55644986500 (i) on (i)","Sarkar, Chirantan  Sarkar, C.","10","9","Bose Institute","Kolkata","India"
"","View last title","","","",""
"","","","","","",""
"1583 57212868220 (i) on (i)","Sarkar, Sudeep  Sarkar, S.","10","9","Indian Institute of Technology, Bombay","Mumbai","India"
"","View last title","","","",""
"","","","","","",""
"1584 57205146333 (i) on (i)","Sebastian, C. D.","10","1","Indian Institute of Technology, Bombay","Mumbai","India"
"","View last title","","","",""
"","","","","","",""
"1585 57225472282 (i) on (i)","Seshan, K.","10","5","Indian Institute of Technology Bombay","Mumbai","India"
"","View last title","","","",""
"","","","","","",""
"1586 56646100000 (i) on (i)","Seth, Jyoti R.","10","3","Indian Institute of Technology Bombay","Mumbai","India"
"","View last title","","","",""
"","","","","","",""
"1587 57201982009 (i) on (i)","Shah, Shikha Y.  Shah, S.   Shah, S. Y.   Shah, Shikha","10","7","Indian Institute of Technology, Bombay","Mumbai","India"
"","View last title","","","",""
"","","","","","",""
"1588 57195668389 (i) on (i)","Sharma, Sailaja","10","8","Indian Institute of Technology Bombay","Mumbai","India"
"","View last title","","","",""
"","","","","","",""
"1589 57214304602 (i) on (i)","Singh, Shiva Nandan  Singh, S. N.","10","4","Indian Institute of Technology, Bombay","Mumbai","India"
"","View last title","","","",""
"","","","","","",""
"1590 57197361672 (i) on (i)","Sivakumar, Rallapalli  Sivakumar, R.","10","5","Indian Institute of Technology, Bombay","Mumbai","India"
"","View last title","","","",""
"","","","","","",""
"1591 57204279153 (i) on (i)","Sreekumar, Arun","10","5","Indian Institute of Technology Bombay","Mumbai","India"
"","View last title","","","",""
"","","","","","",""
"1592 55485685500 (i) on (i)","Sreenithya, Avadakkam  Sreenithya, A.","10","9","Indian Institute of Technology, Bombay","Mumbai","India"
"","View last title","","","",""
"","","","","","",""
"1593 57226459872 (i) on (i)","Srivastava, Rohit  Srivastava, R.","10","3","Indian Institute of Technology Bombay","Mumbai","India"
"","View last title","","","",""
"","","","","","",""
"1594 35356945200 (i) on (i)","Srivastava, Shalini","10","8","Indian Institute of Technology, Bombay","Mumbai","India"
"","View last title","","","",""
"","","","","","",""
"1595 57117706300 (i) on (i)","Sudheer, S.","10","6","Indian Institute of Technology, Bombay","Mumbai","India"
"","View last title","","","",""
"","","","","","",""
"1596 57191531328 (i) on (i)","Talukdar, Kaushik","10","5","Indian Institute of Technology, Bombay","Mumbai","India"
"","View last title","","","",""
"","","","","","",""
"1597 55972582300 (i) on (i)","Tharion, Joseph  Tharion, J.","10","5","Indian Institute of Technology, Bombay","Mumbai","India"
"","View last title","","","",""
"","","","","","",""
"1598 7103140558 (i) on (i)","Vasudevan, Sheeja V.  Vasudaven, Sheeja       Vasudevan, Sheeja","10","7","Indian Institute of Technology Bombay","Mumbai","India"
"","View last title","","","",""
"","","","","","",""
"1599 55538458100 (i) on (i)","Vellore Sunder, Avinash  Sunder, Avinash V.   Sunder, Avinash Vellore","10","5","Indian Institute of Technology Bombay","Mumbai","India"
"","View last title","","","",""
"","","","","","",""
"1600 57209146146 (i) on (i)","Verma, Sonam  Verma, S.","10","5","Indian Institute of Technology Bombay","Mumbai","India"
"","View last title","","","",""
"","","","","","",""