"Result Number","Author","Documents","h-index          Author metrics Scopus is adding an array of metrics for researchers. As an initial step, the h-index has been added.  The h-graph is one way of displaying and comparing the productivity and impact of published work of scholars. It should only be used together with a mix of quantitative and qualitative metrics.  More metrics will be added in the course of the year.","Affiliation","City","Country/Territory"
"401 8934533500 (i) on (i)","Venugopalan, Thirumalachari  Venugopalan, T.","56","13","Indian Institute of Technology Madras","Chennai","India"
"","View last title","","","",""
"","","","","","",""
"402 57188622806 (i) on (i)","Bera, Amal Kanti  Bera, Amal K.   Bera, A. K.","55","20","Indian Institute of Technology Madras","Chennai","India"
"","View last title","","","",""
"","","","","","",""
"403 15072203600 (i) on (i)","Rao, Balkrishna C.  Rao, Balkrishna C.   Rao, B. C.   Rao, Balkrishna","55","14","Indian Institute of Technology Madras","Chennai","India"
"","View last title","","","",""
"","","","","","",""
"404 36509372100 (i) on (i)","Sahu, Srikrishna  Sahu, S.   Srikrishna, Sahu","55","12","Indian Institute of Technology Madras","Chennai","India"
"","View last title","","","",""
"","","","","","",""
"405 7003536499 (i) on (i)","Sriramulu, V.","55","9","Indian Institute of Technology Madras","Chennai","India"
"","View last title","","","",""
"","","","","","",""
"406 7005772509 (i) on (i)","Sundararajan, Govindarajan  Sundararajan, G.","55","18","Indian Institute of Technology Madras","Chennai","India"
"","View last title","","","",""
"","","","","","",""
"407 8367552100 (i) on (i)","Augustine, John E.  Augustine, John","54","13","Indian Institute of Technology Madras","Chennai","India"
"","View last title","","","",""
"","","","","","",""
"408 35567935400 (i) on (i)","Malhotra, Santa Kumar  Malhotra, S. K.","54","18","Indian Institute of Technology Madras","Chennai","India"
"","View last title","","","",""
"","","","","","",""
"409 35275730500 (i) on (i)","Nasre, Rupesh  Nasre., Rupesh","54","10","Indian Institute of Technology Madras","Chennai","India"
"","View last title","","","",""
"","","","","","",""
"410 14030314300 (i) on (i)","Sarvepalli, Pradeep Kiran  Sarvepalli, Pradeep   Kiran, S. Pradeep   Sarvepalli, Pradeep K.   Sarvepalli, P.","54","13","Indian Institute of Technology Madras","Chennai","India"
"","View last title","","","",""
"","","","","","",""
"411 6603820292 (i) on (i)","Seshasayee, Maha  Seshasayee, M.","54","13","Indian Institute of Technology Madras","Chennai","India"
"","View last title","","","",""
"","","","","","",""
"412 56676969800 (i) on (i)","Bhattacharyya, Somnath  Battacharyya, Somnath   Bhattacharyya, S.   Bhattacharyya, Sommnath","53","19","Indian Institute of Technology Madras","Chennai","India"
"","View last title","","","",""
"","","","","","",""
"413 14035207900 (i) on (i)","Bhikkaji, Bharath  Bharath, B.   Bhikkaji, B.","53","14","Indian Institute of Technology Madras","Chennai","India"
"","View last title","","","",""
"","","","","","",""
"414 6601974005 (i) on (i)","Krishnamurthi, Ganapathy  Krishnamurthi, Ganapathi   Krishnamurthi, G.","53","20","Indian Institute of Technology Madras","Chennai","India"
"","View last title","","","",""
"","","","","","",""
"415 7005754667 (i) on (i)","Nair, Deleep R.  Nair, Deleep   Nair, Deleep R.   Nair, D. R.   Nair, D.","53","11","Indian Institute of Technology Madras","Chennai","India"
"","View last title","","","",""
"","","","","","",""
"416 56648102700 (i) on (i)","Preejith, S. P.  Sp, Preejith   Preejith, S.","53","10","Indian Institute of Technology Madras","Chennai","India"
"","View last title","","","",""
"","","","","","",""
"417 18042509000 (i) on (i)","Ramu, Palaniappan  Ramu, P.","53","13","Indian Institute of Technology Madras","Chennai","India"
"","View last title","","","",""
"","","","","","",""
"418 54891921900 (i) on (i)","Asokan, Thondiyath  Asokan, T.   Thondiyath, Asokan","52","10","Indian Institute of Technology Madras","Chennai","India"
"","View last title","","","",""
"","","","","","",""
"419 7402070740 (i) on (i)","Jain, Mahaveer K.  Jain, Mahaveer K.   Jain, M. K.   Jain, Mahaveer Kumar   Jain, Mahveer K.","52","20","Indian Institute of Technology Madras","Chennai","India"
"","View last title","","","",""
"","","","","","",""
"420 24166982200 (i) on (i)","Kannan, Krishna  Kannan, K.","52","13","Indian Institute of Technology Madras","Chennai","India"
"","View last title","","","",""
"","","","","","",""
"421 36111220300 (i) on (i)","Kumar, Amit  Kumar, A.","52","13","Indian Institute of Technology Madras","Chennai","India"
"","View last title","","","",""
"","","","","","",""
"422 26531669600 (i) on (i)","Mitra, Kaushik","52","14","Indian Institute of Technology Madras","Chennai","India"
"","View last title","","","",""
"","","","","","",""
"423 6507073087 (i) on (i)","Nallayarasu, S.  Nallayarasu, S.   Nallayarasu, Seeninaidu   Nallavarasu, S.","52","9","Indian Institute of Technology Madras","Chennai","India"
"","View last title","","","",""
"","","","","","",""
"424 13612339700 (i) on (i)","Narasimhan, Balaji  Narasimhan, B.   Narashimhan, B.","52","17","Indian Institute of Technology Madras","Chennai","India"
"","View last title","","","",""
"","","","","","",""
"425 24438347400 (i) on (i)","Pasupathy, Raghu","52","15","Indian Institute of Technology Madras","Chennai","India"
"","View last title","","","",""
"","","","","","",""
"426 24072060000 (i) on (i)","Ramadurai, Gitakrishnan","52","18","Indian Institute of Technology Madras","Chennai","India"
"","View last title","","","",""
"","","","","","",""
"427 8715164900 (i) on (i)","Sujatha, Narayanan Unni  Unni, Sujatha Narayanan   Sujatha, Narayanan U.   Sujatha, N.","52","11","Indian Institute of Technology Madras","Chennai","India"
"","View last title","","","",""
"","","","","","",""
"428 7004850448 (i) on (i)","Kalyanaraman, Venkatakrishnan  Kalyanaraman, V.","51","12","Indian Institute of Technology Madras","Chennai","India"
"","View last title","","","",""
"","","","","","",""
"429 8888755000 (i) on (i)","Mahesh, Sivasambu  Mahesh, S.","51","16","Indian Institute of Technology Madras","Chennai","India"
"","View last title","","","",""
"","","","","","",""
"430 57200876221 (i) on (i)","Manivannan, Pudureddiyur Venkataraman  Manivannan, P. V.   Manivannan, P.   Manivannan, pv","51","8","Indian Institute of Technology Madras","Chennai","India"
"","View last title","","","",""
"","","","","","",""
"431 24830714000 (i) on (i)","Narasimhamurthy, Vagesh D.  Narasimhamurthy, Vagesh D.   Narasimhamurthy, V. D.","51","13","Indian Institute of Technology Madras","Chennai","India"
"","View last title","","","",""
"","","","","","",""
"432 24825650400 (i) on (i)","Prashanth, L. A.  Prashanth, L.   Prashanth, L. A.   L.A., Prashanth   L.a., Prashanth","51","13","Indian Institute of Technology Madras","Chennai","India"
"","View last title","","","",""
"","","","","","",""
"433 24391259300 (i) on (i)","Renganathan, Balusamy  Renganathan, B.","51","18","Indian Institute of Technology Madras","Chennai","India"
"","View last title","","","",""
"","","","","","",""
"434 7102992515 (i) on (i)","Srinivasan, T. K.K.  Srinivasan, T.   Srinivasan, T. K.","51","16","Indian Institute of Technology Madras","Chennai","India"
"","View last title","","","",""
"","","","","","",""
"435 7006201269 (i) on (i)","Bakshi, Shamit  Bakshi Phd, Shamit   Bakshi, S.","50","12","Indian Institute of Technology Madras","Chennai","India"
"","View last title","","","",""
"","","","","","",""
"436 56898442400 (i) on (i)","Ghosh, Pijush  Ghosh, Pi Jush","50","15","Indian Institute of Technology Madras","Chennai","India"
"","View last title","","","",""
"","","","","","",""
"437 6602862826 (i) on (i)","Khemani, Deepak  KHEMANI, D. E.E.P.A.K.","50","7","Indian Institute of Technology Madras","Chennai","India"
"","View last title","","","",""
"","","","","","",""
"438 6506201549 (i) on (i)","Lakshmana Rao, C.  Lakshmana Rao, Chebolu   Lakshmana Rao, C.","50","9","Indian Institute of Technology Madras","Chennai","India"
"","View last title","","","",""
"","","","","","",""
"439 9045170400 (i) on (i)","Mahalingam, Ashwin  Mahalingam, A.   Mahalingham, Ashwin","50","15","Indian Institute of Technology Madras","Chennai","India"
"","View last title","","","",""
"","","","","","",""
"440 57197753607 (i) on (i)","Murthy, Narasimha N.  Murthy, Narasimha N.   Narasimhamurthy, N.   Murthy, N. N.   Narasimhamurthy, Narasappa   Murthy, Narasimha   Murthy, N. Narasimha","50","25","Indian Institute of Technology Madras","Chennai","India"
"","View last title","","","",""
"","","","","","",""
"441 15521054200 (i) on (i)","Sai, V. V.Raghavendra  Sai, Vemulakonda Venkata Raghavendra   Sai, V. V.R.   V V R, Sai   Sai, V. V.Raghavendra   Sai, Vemulakonda V.R.","50","18","Indian Institute of Technology Madras","Chennai","India"
"","View last title","","","",""
"","","","","","",""
"442 7003323279 (i) on (i)","Sethuraman, Raju  Sethuraman, R.   Raju, Sethuraman","50","17","Indian Institute of Technology Madras","Chennai","India"
"","View last title","","","",""
"","","","","","",""
"443 7202706121 (i) on (i)","Sinha, Nandan K.  Sinha, Nandan Kumar   Sinha, Nandan Kutnar   Sinha, N. K.   Sinha, Nandan K.   Kumar Sinha, Nandan","50","10","Indian Institute of Technology Madras","Chennai","India"
"","View last title","","","",""
"","","","","","",""
"444 7202796385 (i) on (i)","Subramanian, Ramachandran  Subramanian, R.","50","10","Indian Institute of Technology Madras","Chennai","India"
"","View last title","","","",""
"","","","","","",""
"445 6603846659 (i) on (i)","Radha, R.  Radha, R.   Radha, Ramakrishnan   Ramakrishnan, Radha","49","8","University of Madras","Chennai","India"
"","View last title","","","",""
"","","","","","",""
"446 34877656100 (i) on (i)","Santhanakrishnan, Soundarapandian  Santhanakrishnan, S.   Soundarapandian, Santhanakrishnan   Soundarapandian, S.","49","14","Indian Institute of Technology Madras","Chennai","India"
"","View last title","","","",""
"","","","","","",""
"447 9639081600 (i) on (i)","Srinivasan, Balaji  Srinivasan, B.","49","11","Indian Institute of Technology Madras","Chennai","India"
"","View last title","","","",""
"","","","","","",""
"448 7004136620 (i) on (i)","Tulapurkara, E. G.","49","10","Indian Institute of Technology Madras","Chennai","India"
"","View last title","","","",""
"","","","","","",""
"449 57216181685 (i) on (i)","Vijayakumar, R.  Vijayakumar, Rajgopalan   Rajagopalan, Vijayakumar   Vijay Kumar, R.   Vijayakumar, R.","49","7","Indian Institute of Technology Madras","Chennai","India"
"","View last title","","","",""
"","","","","","",""
"450 26026798600 (i) on (i)","Amirthalingam, Murugaiyan  Murugaiyan, A.   Amirthalingam, M.","48","12","Indian Institute of Technology Madras","Chennai","India"
"","View last title","","","",""
"","","","","","",""
"451 7007026423 (i) on (i)","Elango, K.  Elango, Kalaimani   ELANGO, K.   Elango, K.","48","7","Indian Institute of Technology Madras","Chennai","India"
"","View last title","","","",""
"","","","","","",""
"452 57201494489 (i) on (i)","Krishnamoorthy, C. S.  KRISHNAMOORTHY, C. S.","48","13","Indian Institute of Technology Madras","Chennai","India"
"","View last title","","","",""
"","","","","","",""
"453 9738905600 (i) on (i)","Ray, Debdutta  Ray, D.","48","14","Indian Institute of Technology Madras","Chennai","India"
"","View last title","","","",""
"","","","","","",""
"454 57189031456 (i) on (i)","Venkatesh, Tiruchirai Gopalakrishnan  Venkatesh, Tirucherai Gopalakrishnan   Venkatesh, T. G.","48","9","Indian Institute of Technology Madras","Chennai","India"
"","View last title","","","",""
"","","","","","",""
"455 7202928806 (i) on (i)","Chaudhuri, Abhijit  Chaudhuri, A.","47","15","Indian Institute of Technology Madras","Chennai","India"
"","View last title","","","",""
"","","","","","",""
"456 7004518783 (i) on (i)","Jayaraman, Guhan  Jayaraman, G.","47","18","Indian Institute of Technology Madras","Chennai","India"
"","View last title","","","",""
"","","","","","",""
"457 7004566449 (i) on (i)","Kurian, Job  Kurian, J.","47","12","Indian Institute of Technology Madras","Chennai","India"
"","View last title","","","",""
"","","","","","",""
"458 23092218300 (i) on (i)","Sarma, Jayalal  Sarma, Jayalal M.N.   Sarma, M. N.Jayalal   Jayalal Sarma, M. N.","47","5","Indian Institute of Technology Madras","Chennai","India"
"","View last title","","","",""
"","","","","","",""
"459 16032972800 (i) on (i)","Arul Jayachandran, S.  Jayachandran, S. A.   Jayachandran, S. Arul   Arul Jayachandran, S.   Aruljayachandran, S.   Jayachandran, Arul","46","10","Indian Institute of Technology Madras","Chennai","India"
"","View last title","","","",""
"","","","","","",""
"460 7103007405 (i) on (i)","Dixit, Madhulika  Dixit, M.","46","21","Indian Institute of Technology Madras","Chennai","India"
"","View last title","","","",""
"","","","","","",""
"461 51261137700 (i) on (i)","Krishnan, Sivarama  Krishnan, S. R.   Krishnan, S. Siva Rama   Krishnan, S. Rama   Krishnan, Sivarama R.   Krishnan, Siva Rama   Krishnan, Sivaram   Krishnan, Siva R.","46","12","Indian Institute of Technology Madras","Chennai","India"
"","View last title","","","",""
"","","","","","",""
"462 7202286406 (i) on (i)","Paul, H. S.","46","14","Indian Institute of Technology Madras","Chennai","India"
"","View last title","","","",""
"","","","","","",""
"463 7003767945 (i) on (i)","Raman, Harihara  RAMAN, H.   Raman, H.","46","12","Indian Institute of Technology Madras","Chennai","India"
"","View last title","","","",""
"","","","","","",""
"464 57196643744 (i) on (i)","Sastry, Shakuntala B.S.  Sastry, S.   Sastry, S. B.   Sastry, S. B.S.   Sastry, Shakuntala","46","11","Indian Institute of Technology Madras","Chennai","India"
"","View last title","","","",""
"","","","","","",""
"465 57189312978 (i) on (i)","Vasa, Nilesh J.  Vasa, Nilesh   Vasa, N.   Vasa, N. J.","46","6","Indian Institute of Technology Madras","Chennai","India"
"","View last title","","","",""
"","","","","","",""
"466 55445040300 (i) on (i)","Vasudevan, Ramaswami  Vasudevan, R.","46","11","Indian Institute of Technology Madras","Chennai","India"
"","View last title","","","",""
"","","","","","",""
"467 7007049571 (i) on (i)","Bhaskar, K.  Bhaskar, K.","45","17","Indian Institute of Technology Madras","Chennai","India"
"","View last title","","","",""
"","","","","","",""
"468 13007974200 (i) on (i)","Mukherjee, M.  Mukherjee, M.   Mukherjee, Manas","45","18","Indian Institute of Technology Madras","Chennai","India"
"","View last title","","","",""
"","","","","","",""
"469 23985523000 (i) on (i)","Neelakantan, Lakshman  Neelakantan, L.","45","15","Indian Institute of Technology Madras","Chennai","India"
"","View last title","","","",""
"","","","","","",""
"470 7006375883 (i) on (i)","Ramanujam, Parthasarathy  Ramanujam, P.   Parthasarathy, R.","45","7","Indian Institute of Technology Madras","Chennai","India"
"","View last title","","","",""
"","","","","","",""
"471 57196898961 (i) on (i)","Ravikrishna, Raghunathan  Raghunathan, Ravikrishna   RaviKrishna, R.   Ravikrishna, R.","45","18","Indian Institute of Technology Madras","Chennai","India"
"","View last title","","","",""
"","","","","","",""
"472 7201378183 (i) on (i)","Sengupta, Amlan K.  Sengupta, Amlan Kumar   Sengupta, Amlan K.   Sengupta, A. K.","45","6","Indian Institute of Technology Madras","Chennai","India"
"","View last title","","","",""
"","","","","","",""
"473 57638080000 (i) on (i)","Srinivasan, R. S.","45","15","Indian Institute of Technology Madras","Chennai","India"
"","View last title","","","",""
"","","","","","",""
"474 57188726059 (i) on (i)","Sujatha, S.  Sujatha, Srinivasan   Sujatha, S.   Srinivasan, S.   Srinivasan, Sujatha","45","8","Indian Institute of Technology Madras","Chennai","India"
"","View last title","","","",""
"","","","","","",""
"475 56217479500 (i) on (i)","Agrawal, Shweta  Agarwal, Shweta","44","15","Indian Institute of Technology Madras","Chennai","India"
"","View last title","","","",""
"","","","","","",""
"476 23983922300 (i) on (i)","Christopher, S.","44","6","Indian Institute of Technology Madras","Chennai","India"
"","View last title","","","",""
"","","","","","",""
"477 7102763483 (i) on (i)","Govindarajan, Suresh","44","13","Indian Institute of Technology Madras","Chennai","India"
"","View last title","","","",""
"","","","","","",""
"478 6602628940 (i) on (i)","Idichandy, V. G.  IDICHANDY, V. G.","44","9","Indian Institute of Technology Madras","Chennai","India"
"","View last title","","","",""
"","","","","","",""
"479 26221312900 (i) on (i)","Jagan, R.  Jagan, R.   Rajamoni, Jagan   Jagan, Rajamony","44","10","Indian Institute of Technology Madras","Chennai","India"
"","View last title","","","",""
"","","","","","",""
"480 35092608200 (i) on (i)","Khuntia, Panchanana  Khuntia, P.   Khuntia, Panchanan","44","14","Indian Institute of Technology Madras","Chennai","India"
"","View last title","","","",""
"","","","","","",""
"481 8939144400 (i) on (i)","Krishnan, Ananth  Krishnan, A.","44","10","Indian Institute of Technology Madras","Chennai","India"
"","View last title","","","",""
"","","","","","",""
"482 6602283358 (i) on (i)","Lakshmibala, S.  Lakshmibala, S.","44","10","Indian Institute of Technology Madras","Chennai","India"
"","View last title","","","",""
"","","","","","",""
"483 57224234608 (i) on (i)","Madaboosi, Narayanan  Narayanan, Madaboosi S.   Madaboosi, N.","44","18","Indian Institute of Technology Madras","Chennai","India"
"","View last title","","","",""
"","","","","","",""
"484 55619320933 (i) on (i)","Mathew, Saji K.  Mathew, Saji   Mathew, S. K.   Mathew, Saji K.","44","10","Indian Institute of Technology Madras","Chennai","India"
"","View last title","","","",""
"","","","","","",""
"485 7006065839 (i) on (i)","Mohan, L.  Mohan, Loganathan   Mohan, L.   MOHAN, Loganathan","44","17","Indian Institute of Technology Madras","Chennai","India"
"","View last title","","","",""
"","","","","","",""
"486 37122492700 (i) on (i)","Murthy, H.  Murthy, H.   Murthy, H. S.N.","44","10","Indian Institute of Technology Madras","Chennai","India"
"","View last title","","","",""
"","","","","","",""
"487 7007046849 (i) on (i)","Murugan, Rajamanickam  Murugan, R.","44","10","Indian Institute of Technology Madras","Chennai","India"
"","View last title","","","",""
"","","","","","",""
"488 6603915889 (i) on (i)","Reghu, Manoj  Reghu, M.   Reghu., M.","44","19","Indian Institute of Technology Madras","Chennai","India"
"","View last title","","","",""
"","","","","","",""
"489 56717168100 (i) on (i)","Sarkar, Abhijit  Sarkar, A.","44","9","Indian Institute of Technology Madras","Chennai","India"
"","View last title","","","",""
"","","","","","",""
"490 7103328301 (i) on (i)","Sundar, S.  Sundar, Subbiah   Sundar, S.","44","8","Indian Institute of Technology Madras","Chennai","India"
"","View last title","","","",""
"","","","","","",""
"491 7003881616 (i) on (i)","Surendran, S.  Surendran, Sankunny   Surendran, S.   Sankunny, Surendran","44","11","Indian Institute of Technology Madras","Chennai","India"
"","View last title","","","",""
"","","","","","",""
"492 57487708000 (i) on (i)","Vadlamani, Nagabhushana Rao  Vadlamani, N.   Rao, Nagabhushana V.   Nagabhushana Rao, V.   Vadlamani, Nagabushana Rao   Rao, V. Nagabhushana   Vadlamani, N. R.   Vadlamani, R.","44","12","Indian Institute of Technology Madras","Chennai","India"
"","View last title","","","",""
"","","","","","",""
"493 56460176400 (i) on (i)","Vellingiri, Kowsalya","44","26","Indian Institute of Technology Madras","Chennai","India"
"","View last title","","","",""
"","","","","","",""
"494 14068810800 (i) on (i)","Arshinder, Kaur  Kaur, Arshinder   Arshinder, K.   Arshinder","43","18","Indian Institute of Technology Madras","Chennai","India"
"","View last title","","","",""
"","","","","","",""
"495 36469703100 (i) on (i)","Bhatt, Nirav P.  Bhatt, Nirav   Bhatt, Nirav Pravinbhai   Bhatt, Nirav P.","43","12","Indian Institute of Technology Madras","Chennai","India"
"","View last title","","","",""
"","","","","","",""
"496 6603375456 (i) on (i)","Gajendra Babu, M. K.","43","6","Indian Institute of Technology Madras","Chennai","India"
"","View last title","","","",""
"","","","","","",""
"497 7005693157 (i) on (i)","Guha, Bimalendu  Guha, B.","43","12","Indian Institute of Technology Madras","Chennai","India"
"","View last title","","","",""
"","","","","","",""
"498 7403987673 (i) on (i)","Gupta, Makam C.  Gupta, M. C.","43","7","Indian Institute of Technology Madras","Chennai","India"
"","View last title","","","",""
"","","","","","",""
"499 12754659800 (i) on (i)","Iyer, Kudli Jatavallabha Lakshminarayana  IYER, K. J.L.   Iyer, K. J.L.","43","11","Indian Institute of Technology Madras","Chennai","India"
"","View last title","","","",""
"","","","","","",""
"500 57192660635 (i) on (i)","Lakshmi Ganapathi, Kolla 				       Ganapathi, K. Lakshmi   Ganapathi, K. L.   Ganapathi, Kolla Lakshmi   Lakshmi Ganapathi, K.   Kolla, Lakshmi Ganapathi   Kolia, Lakshmi Ganapathi","43","10","Indian Institute of Technology Madras","Chennai","India"
"","View last title","","","",""
"","","","","","",""
"501 12645183400 (i) on (i)","Sameen, A.  Sameen, A.","43","12","Indian Institute of Technology Madras","Chennai","India"
"","View last title","","","",""
"","","","","","",""
"502 7003967473 (i) on (i)","Sankaran, Panchapagesa  Sankaran, P.","43","7","Indian Institute of Technology Madras","Chennai","India"
"","View last title","","","",""
"","","","","","",""
"503 16043568900 (i) on (i)","Swaminathan, Narasimhan  Swaminathan, N.","43","14","Indian Institute of Technology Madras","Chennai","India"
"","View last title","","","",""
"","","","","","",""
"504 56782391200 (i) on (i)","Swarnamani, Seetharaman  Swarnamani, S.","43","15","Indian Institute of Technology Madras","Chennai","India"
"","View last title","","","",""
"","","","","","",""
"505 15046041100 (i) on (i)","Venkatakrishnan, Parthasarathy  Venkatakrishnan, P.   Venkatakrishnan, Parthasarathi   Parthasarathy, Venkatakrishnan","43","19","Indian Institute of Technology Madras","Chennai","India"
"","View last title","","","",""
"","","","","","",""
"506 23392538300 (i) on (i)","Gopalakrishnan, Manoj  Manoj, G.   Gopalakrishnan, M.","42","11","Indian Institute of Technology Madras","Chennai","India"
"","View last title","","","",""
"","","","","","",""
"507 14056373400 (i) on (i)","Kanjarla, Anand K.  Kanjarla, A. K.   Kanjarla, Anand K.   Kanjarla, Anand Krishna","42","14","Indian Institute of Technology Madras","Chennai","India"
"","View last title","","","",""
"","","","","","",""
"508 12804390300 (i) on (i)","Khankhoje, Uday K.  Khankhoje, Uday K.   Khankhoje, U. K.   Khankhoje, U.   Khankhoje, Uday","42","7","Indian Institute of Technology Madras","Chennai","India"
"","View last title","","","",""
"","","","","","",""
"509 36059677100 (i) on (i)","Mani, Ethayaraja","42","15","Indian Institute of Technology Madras","Chennai","India"
"","View last title","","","",""
"","","","","","",""
"510 7004237693 (i) on (i)","Muraleedharan, Kannoth Manheri  Muraleedharan, Kannoth M.   Muraleedharan, K. M.","42","14","Indian Institute of Technology Madras","Chennai","India"
"","View last title","","","",""
"","","","","","",""
"511 6506772160 (i) on (i)","Saravanan, Umakanthan  Sarvanan, U.   Saravanan, U.   Umakanthan, S.","42","11","Indian Institute of Technology Madras","Chennai","India"
"","View last title","","","",""
"","","","","","",""
"512 7102865967 (i) on (i)","Sastry, Venkata V.  Sastry, V. V.","42","7","Indian Institute of Technology Madras","Chennai","India"
"","View last title","","","",""
"","","","","","",""
"513 25723727300 (i) on (i)","Sharmila Deva Selvi, S.  Selvi, S.   Selvi, S. Sharmila Deva","42","12","Indian Institute of Technology Madras","Chennai","India"
"","View last title","","","",""
"","","","","","",""
"514 7004559960 (i) on (i)","Viswanath, Ram Prasad  Viswanath, R. P.   Viswanath, Ram P.","42","19","Indian Institute of Technology Madras","Chennai","India"
"","View last title","","","",""
"","","","","","",""
"515 6603456597 (i) on (i)","Yedida, Sanyasiraju V.S.S.  Sanyasiraju, Yedida V.S.S.   Sanyasiraju, Yvss   Sanyasiraju, Y. V.S.S.S.   Yedida, Sanyasiraju V.S.S.   Sanyasiraju, Y. V.S.S.","42","11","Indian Institute of Technology Madras","Chennai","India"
"","View last title","","","",""
"","","","","","",""
"516 35199479800 (i) on (i)","Borthakur, Rosmita  Borthakur, R.   Borthakur, Roshmita","41","14","Indian Institute of Technology Madras","Chennai","India"
"","View last title","","","",""
"","","","","","",""
"517 57199662573 (i) on (i)","Dutta, Soumya  DUTTA, SOUMYA   Dutta, S.","41","10","Indian Institute of Technology Madras","Chennai","India"
"","View last title","","","",""
"","","","","","",""
"518 24553942200 (i) on (i)","Gedupudi, Sateesh  Gedupudi, S.","41","10","Indian Institute of Technology Madras","Chennai","India"
"","View last title","","","",""
"","","","","","",""
"519 57213748595 (i) on (i)","Ghosh, A.  Ghosh, Amitava   Ghosh, A.","41","18","Indian Institute of Technology Madras","Chennai","India"
"","View last title","","","",""
"","","","","","",""
"520 7005879426 (i) on (i)","Gopalakrishnan, K. V.","41","8","Indian Institute of Technology Madras","Chennai","India"
"","View last title","","","",""
"","","","","","",""
"521 7005470113 (i) on (i)","Kalidindi, Satyanarayana N.  Kalidindi, Satyanarayana   Satyanarayana, N. Kalidindi   Kalidindi, S. N.   Kalidindi, Satyanaranaya N.","41","14","Indian Institute of Technology Madras","Chennai","India"
"","View last title","","","",""
"","","","","","",""
"522 7202324190 (i) on (i)","Menon, Arun  Menon, A.","41","8","Indian Institute of Technology Madras","Chennai","India"
"","View last title","","","",""
"","","","","","",""
"523 35107532800 (i) on (i)","Mohan, Ranjith 		    Mohan, R.","41","5","Indian Institute of Technology Madras","Chennai","India"
"","View last title","","","",""
"","","","","","",""
"524 8599201000 (i) on (i)","Muthuvijayan, Vignesh  Muthuvijayan, V.   MuthuVijayan, Vignesh","41","15","Indian Institute of Technology Madras","Chennai","India"
"","View last title","","","",""
"","","","","","",""
"525 57190111459 (i) on (i)","Raghavendra Rao, B. V.Raghavendra  Rao, B. V.Raghavendra   Raghavendra Rao, B. V.","41","7","Indian Institute of Technology Madras","Chennai","India"
"","View last title","","","",""
"","","","","","",""
"526 56234029800 (i) on (i)","Ramar, K.","41","11","Indian Institute of Technology Madras","Chennai","India"
"","View last title","","","",""
"","","","","","",""
"527 39262433700 (i) on (i)","Senguttuvan, Nagendra Boopathy  Senguttuvan, N. Boopathy   Senguttuvan, N.","41","7","Sri Ramachandra Institute of Higher Education and Research","Chennai","India"
"","View last title","","","",""
"","","","","","",""
"528 6603086310 (i) on (i)","Thamizh Arasan, Venkatachalam  Arasan, Venkatachalam Tamizh   Arasan, Venkatachalam Thamizh   Thamizh Arasan, V.   Arasan, V. T.   Arasan, V. Thamizh","41","17","Indian Institute of Technology Madras","Chennai","India"
"","View last title","","","",""
"","","","","","",""
"529 6603415439 (i) on (i)","Varughese, Susy  Varughese, S.","41","14","Indian Institute of Technology Madras","Chennai","India"
"","View last title","","","",""
"","","","","","",""
"530 36489017200 (i) on (i)","Chandiran, Aravind Kumar  Kumar, Aravind C.   Chandiran, A. Kumar   Chandiran, Aravindkumar","40","19","Indian Institute of Technology Madras","Chennai","India"
"","View last title","","","",""
"","","","","","",""
"531 36617214500 (i) on (i)","Govindarajan, Bharath M.  Govindarajan, B. M.   Govindarajan, Bharath","40","10","Indian Institute of Technology Madras","Chennai","India"
"","View last title","","","",""
"","","","","","",""
"532 6602966739 (i) on (i)","Kumar, Narayanan Harish  Harish Kumar, N.   Kumar, N. H.   Kumar, N. Harish   Harishkumar, N.","40","16","Indian Institute of Technology Madras","Chennai","India"
"","View last title","","","",""
"","","","","","",""
"533 7404812721 (i) on (i)","Prasad Rao, Kalvala  Prasad Rao, K.","40","13","Indian Institute of Technology Madras","Chennai","India"
"","View last title","","","",""
"","","","","","",""
"534 6602317971 (i) on (i)","Rajaram, Jayaraman  Rajaram, J.","40","12","Indian Institute of Technology Madras","Chennai","India"
"","View last title","","","",""
"","","","","","",""
"535 7403017204 (i) on (i)","Rao, Chebolu Lakshmana  Rao, C. Lakshmana   RAO, C. LAKSHMANA","40","9","Indian Institute of Technology Madras","Chennai","India"
"","View last title","","","",""
"","","","","","",""
"536 36019467900 (i) on (i)","Rit, Arnab","40","21","Indian Institute of Technology Madras","Chennai","India"
"","View last title","","","",""
"","","","","","",""
"537 8617783800 (i) on (i)","Sree Vivek, S.  Vivek, S. Sree","40","12","Indian Institute of Technology Madras","Chennai","India"
"","View last title","","","",""
"","","","","","",""
"538 6603146084 (i) on (i)","Veeramani, P.  Veeramani, P.","40","19","Indian Institute of Technology Madras","Chennai","India"
"","View last title","","","",""
"","","","","","",""
"539 6603774429 (i) on (i)","Achar, D. R.Gopalakrishna  Achar, D. R.G.","39","11","Indian Institute of Technology Madras","Chennai","India"
"","View last title","","","",""
"","","","","","",""
"540 57212759034 (i) on (i)","Anita","39","14","Indian Institute of Technology Madras","Chennai","India"
"","View last title","","","",""
"","","","","","",""
"541 6505477040 (i) on (i)","Aradhyam, Gopala Krishna  Krishna, A. Gopala   Gopalakrishna, Aradhyam   Krishna Aradhyam, Gopala   Aradhyam, Gopala K.   Aradhyam, G. K.","39","13","Indian Institute of Technology Madras","Chennai","India"
"","View last title","","","",""
"","","","","","",""
"542 9270056900 (i) on (i)","Bhattacharyya, Jayeeta  Bhattacharyya, J.","39","10","Indian Institute of Technology Madras","Chennai","India"
"","View last title","","","",""
"","","","","","",""
"543 6603795237 (i) on (i)","Gokularathnam, C. V.  GOKULARATHNAM, C. V.","39","10","Indian Institute of Technology Madras","Chennai","India"
"","View last title","","","",""
"","","","","","",""
"544 6602819609 (i) on (i)","Jayachandran, T.","39","7","Indian Institute of Technology Madras","Chennai","India"
"","View last title","","","",""
"","","","","","",""
"545 7202643044 (i) on (i)","Mathur, Manikandan","39","12","Indian Institute of Technology Madras","Chennai","India"
"","View last title","","","",""
"","","","","","",""
"546 35797420800 (i) on (i)","Nair, Rajesh R.  Rajesh, R. S.   Nair, Rajesh   Nair, Rajesh R.","39","8","Indian Institute of Technology Madras","Chennai","India"
"","View last title","","","",""
"","","","","","",""
"547 35609377200 (i) on (i)","Rajappan, Kannazuthu Puthanmadam  Rajappan, Kannazuthu P.   Rajappan, K. P.   Rajappan, Kannazuthu","39","5","Indian Institute of Technology Madras","Chennai","India"
"","View last title","","","",""
"","","","","","",""
"548 36673742200 (i) on (i)","Rajavelu, Arumugam","39","17","Indian Institute of Technology Madras","Chennai","India"
"","View last title","","","",""
"","","","","","",""
"549 6602890624 (i) on (i)","Ramalingam, C. S.  Ramalingam, C. S.","39","8","Indian Institute of Technology Madras","Chennai","India"
"","View last title","","","",""
"","","","","","",""
"550 7403488850 (i) on (i)","Rao, B. V.A.  RAO, B. V.A.","39","10","Indian Institute of Technology Madras","Chennai","India"
"","View last title","","","",""
"","","","","","",""
"551 6603524369 (i) on (i)","Shet, U. S.Premananda  Shet, U. S.P.","39","7","Indian Institute of Technology Madras","Chennai","India"
"","View last title","","","",""
"","","","","","",""
"552 57196825638 (i) on (i)","Subramanian, G.  SUBRAMANIAN, G.","39","10","Indian Institute of Technology Madras","Chennai","India"
"","View last title","","","",""
"","","","","","",""
"553 12775092700 (i) on (i)","Sundararaman, Thiagarajan  Thiagarajan, S.   Sundararaman, Thiagrajan   Sundararaman, T.   Thiagarajan, Sundararaman","39","12","Indian Institute of Technology Madras","Chennai","India"
"","View last title","","","",""
"","","","","","",""
"554 8357444100 (i) on (i)","Banerjee, Anuradha  Banerjee, A.","38","11","Indian Institute of Technology Madras","Chennai","India"
"","View last title","","","",""
"","","","","","",""
"555 19640386800 (i) on (i)","Kothawala, Dawood  Kothawala, D.   Kothawala, Dawood A.","38","16","Indian Institute of Technology Madras","Chennai","India"
"","View last title","","","",""
"","","","","","",""
"556 8940304200 (i) on (i)","Nandivada, V. Krishna  Nandivada, Krishna V.   Krishna Nandivada, V.   Nandivada, V. Krishna","38","8","Indian Institute of Technology Madras","Chennai","India"
"","View last title","","","",""
"","","","","","",""
"557 7102226580 (i) on (i)","Patil, K. Mothiram  Mothiram Patil, K.   Patil, K. M.","38","11","Indian Institute of Technology","Belgaum","India"
"","View last title","","","",""
"","","","","","",""
"558 57195241890 (i) on (i)","Raj Kiran, V.  Kiran, Raj   Kiran, Raj V.","38","4","Indian Institute of Technology Madras","Chennai","India"
"","View last title","","","",""
"","","","","","",""
"559 24449514600 (i) on (i)","Ramachandran, H.  Ramachandran, Harishankar   Ramachandran, H.   Ramachandran, H. S.","38","7","Indian Institute of Technology Madras","Chennai","India"
"","View last title","","","",""
"","","","","","",""
"560 57218692280 (i) on (i)","Ramanujam, Kothandaraman  Ramanujam, K.","38","6","Indian Institute of Technology Madras","Chennai","India"
"","View last title","","","",""
"","","","","","",""
"561 57196045035 (i) on (i)","Renganathan, Thiruvengadam  Renganathan, T.","38","12","Indian Institute of Technology Madras","Chennai","India"
"","View last title","","","",""
"","","","","","",""
"562 57211691987 (i) on (i)","Roy, Dipayan  Roy, D.","38","9","All India Institute of Medical Sciences, Jodhpur","Jodhpur","India"
"","View last title","","","",""
"","","","","","",""
"563 36110469600 (i) on (i)","Swaminathan, P.  Swaminathan, Parasuraman   Swaminathan, P.","38","12","Indian Institute of Technology Madras","Chennai","India"
"","View last title","","","",""
"","","","","","",""
"564 6604064276 (i) on (i)","Vancheesan, S.","38","13","Indian Institute of Technology Madras","Chennai","India"
"","View last title","","","",""
"","","","","","",""
"565 37091876200 (i) on (i)","Yadav, Satyesh Kumar  Yadav, Satyesh   Yadav, Satyesh K.   Yadav, S. K.","38","14","Indian Institute of Technology Madras","Chennai","India"
"","View last title","","","",""
"","","","","","",""
"566 23097254200 (i) on (i)","Alagusundaramoorthy, Paramasivan  Alagusundaramoorthy, P.","37","12","Indian Institute of Technology Madras","Chennai","India"
"","View last title","","","",""
"","","","","","",""
"567 55485677800 (i) on (i)","Anupindi, Kameswararao  Anupindi, K.   Rao, A. Kameswara","37","11","Indian Institute of Technology Madras","Chennai","India"
"","View last title","","","",""
"","","","","","",""
"568 55478977500 (i) on (i)","Ghosh, Santanu  Ghoshy, Santanu   Ghosh, S.","37","8","Indian Institute of Technology Madras","Chennai","India"
"","View last title","","","",""
"","","","","","",""
"569 7006785856 (i) on (i)","Kesavan, Srinivasan  Kesavan, S.","37","13","Indian Institute of Technology Madras","Chennai","India"
"","View last title","","","",""
"","","","","","",""
"570 57084432200 (i) on (i)","Krishna Kumar, Ramarathnam  Krishna Kumar, R. K.   Kumar, R. Krishna   Kumar, Ramarathnam Krishna   Kumar, R.   Ramarathnam, Krishna Kumar   Krishna Kumar, R.","37","16","Indian Institute of Technology Madras","Chennai","India"
"","View last title","","","",""
"","","","","","",""
"571 56723811700 (i) on (i)","Manoj, Narayanan  Manoj, N.","37","12","Indian Institute of Technology Madras","Chennai","India"
"","View last title","","","",""
"","","","","","",""
"572 6602189757 (i) on (i)","Muraleedharan, V. R.  Muraleedharan, Vangal R.   Muraleedharan, V. R.","37","10","Indian Institute of Technology Madras","Chennai","India"
"","View last title","","","",""
"","","","","","",""
"573 56279030500 (i) on (i)","Narayanan, Rajesh  Narayanan, R.","37","15","Indian Institute of Technology Madras","Chennai","India"
"","View last title","","","",""
"","","","","","",""
"574 56989640500 (i) on (i)","Sarangi, Chandan  Sarangi, C.","37","17","Indian Institute of Technology Madras","Chennai","India"
"","View last title","","","",""
"","","","","","",""
"575 6602676671 (i) on (i)","Sivanandan, R.  Sivanandan, Ramaswamy   Sivanandan, R.","37","14","Indian Institute of Technology Madras","Chennai","India"
"","View last title","","","",""
"","","","","","",""
"576 23029251300 (i) on (i)","Thiyagarajan, Raman  Thiyagarajan, R.","37","11","Bharathidasan University","Tiruchirappalli","India"
"","View last title","","","",""
"","","","","","",""
"577 6504369483 (i) on (i)","Annamalai, Thillai Rajan  Thillairajan, A.   Thillai, Rajan A.   Rajan, Thillai   Rajan, Thillai A.   Rajan Annamalai, Thillai   Thillai Rajan, A.   Rajan, A. Thillai","36","10","Indian Institute of Technology Madras","Chennai","India"
"","View last title","","","",""
"","","","","","",""
"578 37057181200 (i) on (i)","Balaganesan, G.  Balaganeshan, G.   Balaganesan, Gurusamy   Gurusamy, Balaganesan   Balaganesan, G.   Balaganesan, Gurusami","36","11","Indian Institute of Technology Madras","Chennai","India"
"","View last title","","","",""
"","","","","","",""
"579 36023521100 (i) on (i)","Baral, Rupashree","36","12","Indian Institute of Technology Madras","Chennai","India"
"","View last title","","","",""
"","","","","","",""
"580 6603338453 (i) on (i)","Guhathakurta, Soma  Guhathakurta, S.","36","10","Indian Institute of Technology Madras","Chennai","India"
"","View last title","","","",""
"","","","","","",""
"581 56196507000 (i) on (i)","Kar, Srabani  Kar, S.","36","10","University of Cambridge","Cambridge","United Kingdom"
"","View last title","","","",""
"","","","","","",""
"582 6602642213 (i) on (i)","Kumaravel, Munusamy  Kumaravel, M.","36","7","Indian Institute of Technology Madras","Chennai","India"
"","View last title","","","",""
"","","","","","",""
"583 57197668620 (i) on (i)","Misra, Abhishek  Mishra, A.   Mishra, Abhishek   Misra, A.","36","14","Indian Institute of Technology Madras","Chennai","India"
"","View last title","","","",""
"","","","","","",""
"584 57200143451 (i) on (i)","Pachai Kannu, Arun  Kannu, Arun P.   Kannu, Arun Pachai","36","9","Indian Institute of Technology Madras","Chennai","India"
"","View last title","","","",""
"","","","","","",""
"585 25961041900 (i) on (i)","Rajendran, Suresh  Rajendran, S.","36","11","Indian Institute of Technology Madras","Chennai","India"
"","View last title","","","",""
"","","","","","",""
"586 6603787924 (i) on (i)","Ramadas, Sukuru Raghu  Ramadas, Sukuru R.   Ramadas, S. R.","36","7","Indian Institute of Technology Madras","Chennai","India"
"","View last title","","","",""
"","","","","","",""
"587 56963890600 (i) on (i)","Thenmozhi, M.  Thenmozhi, M.   Thenmozhi, Muthuveerappan","36","8","Indian Institute of Technology Madras","Chennai","India"
"","View last title","","","",""
"","","","","","",""
"588 14047668100 (i) on (i)","Vani, Janakiraman  Janakiraman, Vani   Vani, J.","36","13","Indian Institute of Technology Madras","Chennai","India"
"","View last title","","","",""
"","","","","","",""
"589 12345417800 (i) on (i)","Anand, T. N. C.  Anand, T. N.C.","35","6","Indian Institute of Technology Palakkad","Palakkad","India"
"","View last title","","","",""
"","","","","","",""
"590 6504033380 (i) on (i)","Aravind, G.  Gopalan, Aravind","35","9","Indian Institute of Technology Madras","Chennai","India"
"","View last title","","","",""
"","","","","","",""
"591 16233833100 (i) on (i)","Keralavarma, Shyam M.  Keralavarma, S. M.","35","14","Indian Institute of Technology Madras","Chennai","India"
"","View last title","","","",""
"","","","","","",""
"592 57193059938 (i) on (i)","Kumar, Deepak  Kumar, D.","35","8","Indian Institute of Technology Madras","Chennai","India"
"","View last title","","","",""
"","","","","","",""
"593 21934199200 (i) on (i)","Maji, Vidya Bhushan  Maji, V. B.","35","8","Indian Institute of Technology Madras","Chennai","India"
"","View last title","","","",""
"","","","","","",""
"594 15750998600 (i) on (i)","Mukhopadhyay, Ayan","35","11","Indian Institute of Technology Madras","Chennai","India"
"","View last title","","","",""
"","","","","","",""
"595 57190760341 (i) on (i)","Panneer Selvam, R.  Selvam, Rajamanickam Panneer   Selvam, R. Panneer   Panneer Selvam, R.   Rajamanickam, Panneer Selvam   Panneer Selvam, Rajamanickam","35","7","Indian Institute of Technology Madras","Chennai","India"
"","View last title","","","",""
"","","","","","",""
"596 56937943700 (i) on (i)","Pawar, Samadhan A.  Pawar, S. A.   Pawar, Samadhan A.","35","12","Indian Institute of Technology Madras","Chennai","India"
"","View last title","","","",""
"","","","","","",""
"597 36097408500 (i) on (i)","Sasidharan, Subash  Subash, S.","35","9","Indian Institute of Technology Madras","Chennai","India"
"","View last title","","","",""
"","","","","","",""
"598 55413089200 (i) on (i)","Saxena, Saurabh  Saxena, S.","35","12","Indian Institute of Technology Madras","Chennai","India"
"","View last title","","","",""
"","","","","","",""
"599 57196859452 (i) on (i)","Seshadri, Satyanarayanan  Seshadri, Swarooph Nirmal   Satyanarayanan, S.   Seshadri, S.","35","7","Indian Institute of Technology Madras","Chennai","India"
"","View last title","","","",""
"","","","","","",""
"600 56254174200 (i) on (i)","Subrahmanyam, Papagudi Venkatachalam  Subrahmanyam, P. V.","35","9","Indian Institute of Technology Madras","Chennai","India"
"","View last title","","","",""
"","","","","","",""