"Result Number","Author","Documents","h-index          Author metrics Scopus is adding an array of metrics for researchers. As an initial step, the h-index has been added.  The h-graph is one way of displaying and comparing the productivity and impact of published work of scholars. It should only be used together with a mix of quantitative and qualitative metrics.  More metrics will be added in the course of the year.","Affiliation","City","Country/Territory"
"801 7402724596 (i) on (i)","Mishra, S.  Mishra, S.   Mishra, Sounaka","23","6","Indian Institute of Technology Madras","Chennai","India"
"","View last title","","","",""
"","","","","","",""
"802 38361936500 (i) on (i)","Mukherjee, Kunal  Mukherjee, Kunal K.","23","6","Indian Institute of Technology Madras","Chennai","India"
"","View last title","","","",""
"","","","","","",""
"803 57208710399 (i) on (i)","Nagendra, Shiva M.  Nagendra, S. M.Shiva   Nagendra, Shiva S.M.   Nagendra, S. M.","23","8","Indian Institute of Technology Madras","Chennai","India"
"","View last title","","","",""
"","","","","","",""
"804 7005443146 (i) on (i)","Parameswaran, M. A.  PARAMESWARAN, M. A.","23","5","Indian Institute of Technology Madras","Chennai","India"
"","View last title","","","",""
"","","","","","",""
"805 55569100200 (i) on (i)","Prasanna, P. Krishna  Prasanna, P. Krishna   Prasanna, Krishna   Prasanna, Krishna P.","23","5","Indian Institute of Technology Madras","Chennai","India"
"","View last title","","","",""
"","","","","","",""
"806 9276783100 (i) on (i)","Puthenveettil, Baburaj A.  Puthenveettil, Baburaj A.","23","10","Indian Institute of Technology Madras","Chennai","India"
"","View last title","","","",""
"","","","","","",""
"807 9044868000 (i) on (i)","Radhakrishnan, Swaminathan  Radhakrishnan, S.","23","7","Indian Institute of Technology Madras","Chennai","India"
"","View last title","","","",""
"","","","","","",""
"808 7003947217 (i) on (i)","Raje, Salil  Raje, S.","23","9","Xilinx Inc.","San Jose","United States"
"","View last title","","","",""
"","","","","","",""
"809 15073245600 (i) on (i)","Rakshit, Sourav  Rakshit, S.","23","5","Indian Institute of Technology Madras","Chennai","India"
"","View last title","","","",""
"","","","","","",""
"810 57212771522 (i) on (i)","Seshadri, V.","23","3","Indian Institute of Technology Madras","Chennai","India"
"","View last title","","","",""
"","","","","","",""
"811 7004694232 (i) on (i)","Venkatesh, A.","23","6","Indian Institute of Technology Madras","Chennai","India"
"","View last title","","","",""
"","","","","","",""
"812 56313494300 (i) on (i)","Yesudhas, Dhanusha","23","10","Indian Institute of Technology Madras","Chennai","India"
"","View last title","","","",""
"","","","","","",""
"813 57192873787 (i) on (i)","Acharjya, Amitava","22","13","Indian Institute of Technology Madras","Chennai","India"
"","View last title","","","",""
"","","","","","",""
"814 6701528453 (i) on (i)","Annamalai, V. E.","22","5","Indian Institute of Technology Madras","Chennai","India"
"","View last title","","","",""
"","","","","","",""
"815 6505538027 (i) on (i)","Bhallamudi, Vidya Praveen  Bhallamudi, V. P.   Bhallamudi, Vidya P.","22","9","Indian Institute of Technology Madras","Chennai","India"
"","View last title","","","",""
"","","","","","",""
"816 56879834200 (i) on (i)","Chaudhary, Soniya  Chaudhary, S.","22","11","Indian Institute of Technology Madras","Chennai","India"
"","View last title","","","",""
"","","","","","",""
"817 57193439148 (i) on (i)","Das, Abinash","22","8","National Institute of Technology Silchar","Silchar","India"
"","View last title","","","",""
"","","","","","",""
"818 56875153100 (i) on (i)","Das, Tapan Kumar  Kumar Das, Tapan","22","13","Indian Institute of Technology Madras","Chennai","India"
"","View last title","","","",""
"","","","","","",""
"819 55512391700 (i) on (i)","De, Partha Sarathi  De, P. S.","22","7","Indian Institute of Technology Madras","Chennai","India"
"","View last title","","","",""
"","","","","","",""
"820 7102334575 (i) on (i)","Ganesan, Viswanath Kumar  Kumar Ganesan, Viswanath   Ganesan, V. K.   Ganesan, Viswanath","22","7","Indian Institute of Technology Madras","Chennai","India"
"","View last title","","","",""
"","","","","","",""
"821 56902463900 (i) on (i)","Gopi, Soundhararajan  Soundhara Rajan, G.   Rajan, Soundhara G.   Gopi, Soundhara Rajan","22","9","Indian Institute of Technology Madras","Chennai","India"
"","View last title","","","",""
"","","","","","",""
"822 55630755100 (i) on (i)","Gunaseelan, M.  GUNASEELAN, M.   Gunaseelan, M.   M., Gunaseelan","22","8","Indian Institute of Technology Madras","Chennai","India"
"","View last title","","","",""
"","","","","","",""
"823 6603360784 (i) on (i)","Jagadeesh, M. S.  Jagadeesh, MS","22","11","Indian Institute of Technology Madras","Chennai","India"
"","View last title","","","",""
"","","","","","",""
"824 56653644200 (i) on (i)","Karmakar, Madhuparna","22","6","Indian Institute of Technology Madras","Chennai","India"
"","View last title","","","",""
"","","","","","",""
"825 57200736996 (i) on (i)","Krishna, S.  Krishna, S.   Krishna, Sai","22","6","Indian Institute of Technology Madras","Chennai","India"
"","View last title","","","",""
"","","","","","",""
"826 57198891765 (i) on (i)","Kumar, Amritesh","22","5","Indian Institute of Technology Madras","Chennai","India"
"","View last title","","","",""
"","","","","","",""
"827 6603735165 (i) on (i)","Majhi, J.","22","6","Indian Institute of Technology Madras","Chennai","India"
"","View last title","","","",""
"","","","","","",""
"828 57196998923 (i) on (i)","Murty, V. S.  Murty, Vs   Murty, V.","22","4","Indian Institute of Technology Madras","Chennai","India"
"","View last title","","","",""
"","","","","","",""
"829 8890031800 (i) on (i)","Palaniappan, Sivakumar  Palaniappan, S.        Sivakumar, P. L.","22","9","Indian Institute of Technology Madras","Chennai","India"
"","View last title","","","",""
"","","","","","",""
"830 57200117143 (i) on (i)","Paulraj, Maheandera Prabu  Prabu, P. Maheandera   Maheandera Prabu, P.   Paulraj, M. P.","22","5","Indian Institute of Technology Madras","Chennai","India"
"","View last title","","","",""
"","","","","","",""
"831 6603426566 (i) on (i)","Radha Krishna, H. C.  RADHA KRISHNA, H. C.","22","4","Indian Institute of Technology Madras","Chennai","India"
"","View last title","","","",""
"","","","","","",""
"832 56461042000 (i) on (i)","Rajkumar, Arun  Arun, R.","22","8","Indian Institute of Technology Madras","Chennai","India"
"","View last title","","","",""
"","","","","","",""
"833 7005773934 (i) on (i)","Ramachandran, J.","22","11","Indian Institute of Technology Madras","Chennai","India"
"","View last title","","","",""
"","","","","","",""
"834 57199499847 (i) on (i)","Raman, Sangeetha Ganesh Sundara  Raman, Sangeetha   Raman, S. Ganesh Sundara   Raman, S.","22","9","Indian Institute of Technology Madras","Chennai","India"
"","View last title","","","",""
"","","","","","",""
"835 7801673060 (i) on (i)","Ramanujachari, V.","22","5","Indian Institute of Technology Madras","Chennai","India"
"","View last title","","","",""
"","","","","","",""
"836 50262958000 (i) on (i)","Sankaran, Ganesh Chennimalai  Sankaran, Ganesh   Sankaran, Ganesh C.","22","6","Indian Institute of Technology Madras","Chennai","India"
"","View last title","","","",""
"","","","","","",""
"837 55455895800 (i) on (i)","Sarkar, Soumen  SARKAR, SOUMEN   Sarkar, S.","22","5","Indian Institute of Technology Madras","Chennai","India"
"","View last title","","","",""
"","","","","","",""
"838 57192157617 (i) on (i)","Singh, Rajesh K.  Singh, Rajesh   Singh, R. K.","22","9","Faculty of Mathematics","Cambridge","United Kingdom"
"","View last title","","","",""
"","","","","","",""
"839 36769325200 (i) on (i)","Sivasakthikumaran, Ramakrishnan  Sivasakthikumaran, R.","22","8","Indian Institute of Technology Madras","Chennai","India"
"","View last title","","","",""
"","","","","","",""
"840 56800985500 (i) on (i)","Srikrishnarka, Pillalamarri  Srikrishnarka, P.","22","7","Indian Institute of Technology Madras","Chennai","India"
"","View last title","","","",""
"","","","","","",""
"841 7006788398 (i) on (i)","Sriram, P.  Sriram, P.","22","9","Indian Institute of Technology Madras","Chennai","India"
"","View last title","","","",""
"","","","","","",""
"842 14047540300 (i) on (i)","Sudarsanam, Nandan","22","4","Indian Institute of Technology Madras","Chennai","India"
"","View last title","","","",""
"","","","","","",""
"843 7201566670 (i) on (i)","Tao, Luoyi  Tao, L.","22","9","Indian Institute of Technology Madras","Chennai","India"
"","View last title","","","",""
"","","","","","",""
"844 55878063900 (i) on (i)","Thanka Rajan, S.  Rajan, Senthilperumal Thanka   Rajan, S. Thanka   Thanka Rajan, S.","22","9","Indian Institute of Technology Madras","Chennai","India"
"","View last title","","","",""
"","","","","","",""
"845 57200124534 (i) on (i)","Unni, Sujatha Narayanan  Sujatha, N.   Unni, Sujatha N.","22","3","Indian Institute of Technology Madras","Chennai","India"
"","View last title","","","",""
"","","","","","",""
"846 15063727100 (i) on (i)","Upadhye, Neelesh S.  Upadhye, Neelesh   Upadhye, Neelesh S.   Upadhye, N. S.","22","6","Indian Institute of Technology Madras","Chennai","India"
"","View last title","","","",""
"","","","","","",""
"847 57205122903 (i) on (i)","Varadhan, S. K.M.  Varadhan, Skm   Skm, Varadhan   SKM, Varadhan   Varadhan, S. K.M.   Varadhan, SKM K.M.   S.K.M., Varadhan","22","5","Indian Institute of Technology Madras","Chennai","India"
"","View last title","","","",""
"","","","","","",""
"848 55553108000 (i) on (i)","Arivazhagan, Ponnusamy  Arivazhagan, P.","21","5","Indian Institute of Technology Madras","Chennai","India"
"","View last title","","","",""
"","","","","","",""
"849 54982706100 (i) on (i)","Athreya, C. N.  Cheekur Nagaraja, Athreya   Athreya, C. N.","21","10","Indian Institute of Technology Madras","Chennai","India"
"","View last title","","","",""
"","","","","","",""
"850 35759655600 (i) on (i)","Babu, Suresh  Babu, M. Suresh   Babu, Suresh M.   Suresh Babu, Muchukota  	    Suresh Babu, M.","21","5","Indian Institute of Technology Madras","Chennai","India"
"","View last title","","","",""
"","","","","","",""
"851 57208539598 (i) on (i)","Banerjee, Abhishek  Banerjee, A.","21","8","Indian Institute of Technology Madras","Chennai","India"
"","View last title","","","",""
"","","","","","",""
"852 57194562842 (i) on (i)","Dutta, Saikat","21","9","Indian Institute of Technology Madras","Chennai","India"
"","View last title","","","",""
"","","","","","",""
"853 57212734094 (i) on (i)","Ganesan, N.  Ganesan, n.","21","6","Indian Institute of Technology Madras","Chennai","India"
"","View last title","","","",""
"","","","","","",""
"854 57211463922 (i) on (i)","Kar, Sourav","21","7","Indian Institute of Technology Madras","Chennai","India"
"","View last title","","","",""
"","","","","","",""
"855 55929611700 (i) on (i)","Koundinya, N. T.B.N.  Koundinya, N. T.B.N.","21","8","Indian Institute of Technology Madras","Chennai","India"
"","View last title","","","",""
"","","","","","",""
"856 36447488200 (i) on (i)","Koushik, Chandramouli Venkataraman  Koushik, Chandramouli Venkatraman   Koushik, cv   Koushik, Chandramouli   Koushik, C. V.","21","9","Indian Institute of Technology Madras","Chennai","India"
"","View last title","","","",""
"","","","","","",""
"857 16305507500 (i) on (i)","Krishnamoorthy, Sarayu  SARAYU, K.   Sarayu, K.","21","12","Indian Institute of Technology Madras","Chennai","India"
"","View last title","","","",""
"","","","","","",""
"858 57211951433 (i) on (i)","Kumar, Nitish Jeevan  Kumar, Nitish   Kumar, N. Jeevan   Kumar, Naveen","21","4","Indian Institute of Technology Madras","Chennai","India"
"","View last title","","","",""
"","","","","","",""
"859 25631073300 (i) on (i)","Madhok, Vaibhav","21","9","Indian Institute of Technology Madras","Chennai","India"
"","View last title","","","",""
"","","","","","",""
"860 36107056500 (i) on (i)","Manathara, Joel George  Manathara, Joel G.   Manathara, J. G.   George, J. M.   George, Joel","21","10","Indian Institute of Technology Madras","Chennai","India"
"","View last title","","","",""
"","","","","","",""
"861 57210861779 (i) on (i)","Manoj, Rahul","21","2","Indian Institute of Technology Madras","Chennai","India"
"","View last title","","","",""
"","","","","","",""
"862 23489753600 (i) on (i)","Mohan, Usha  Usha, M.","21","9","Indian Institute of Technology Madras","Chennai","India"
"","View last title","","","",""
"","","","","","",""
"863 57213217689 (i) on (i)","Muraleedharan, K.","21","9","Indian Institute of Technology Madras","Chennai","India"
"","View last title","","","",""
"","","","","","",""
"864 7203000674 (i) on (i)","Pathak, S. D.","21","10","Indian Institute of Technology Madras","Chennai","India"
"","View last title","","","",""
"","","","","","",""
"865 56108586900 (i) on (i)","Pradhan, Shantanu  Pradhan, S.","21","10","Indian Institute of Technology Madras","Chennai","India"
"","View last title","","","",""
"","","","","","",""
"866 56902256600 (i) on (i)","Prakash, Rini","21","5","Indian Institute of Technology Madras","Chennai","India"
"","View last title","","","",""
"","","","","","",""
"867 56593751500 (i) on (i)","Prasada Rao, Tetali A.  Prasada Rao, T. A.","21","8","Indian Institute of Technology Madras","Chennai","India"
"","View last title","","","",""
"","","","","","",""
"868 55791991000 (i) on (i)","Priyanga, G. Sudha  Priyanga, G. Sudha","21","9","Indian Institute of Technology Madras","Chennai","India"
"","View last title","","","",""
"","","","","","",""
"869 56894860500 (i) on (i)","Raghavan, S.","21","5","Indian Institute of Technology Madras","Chennai","India"
"","View last title","","","",""
"","","","","","",""
"870 36858738100 (i) on (i)","Ramanamurthy, P. V.M.  RAMANAMURTHY, P. V.   Ramanamurthy, P. V.","21","14","Indian Institute of Technology Madras","Chennai","India"
"","View last title","","","",""
"","","","","","",""
"871 57203626221 (i) on (i)","S. Krishnan, Gokul  Krishnan, Gokul S.   Krishnan, Gokul","21","7","Indian Institute of Technology Madras","Chennai","India"
"","View last title","","","",""
"","","","","","",""
"872 8379539200 (i) on (i)","Sankaranarayanan, Jagadis","21","16","Indian Institute of Technology Madras","Chennai","India"
"","View last title","","","",""
"","","","","","",""
"873 56574195700 (i) on (i)","Santhana Krishnan, P. T.  Krishnan, P. Santhana   Santhana Krishnan, Perumal   Perumal, Santhana Krishnan   Santhana krishnan, P.   Krishnan, Perumal Santhana   Santhana Krishnan, P.","21","12","Indian Institute of Technology Madras","Chennai","India"
"","View last title","","","",""
"","","","","","",""
"874 7004018921 (i) on (i)","Sarma, L. V.K.Viswanadha  Sarma, L. V.   SARMA, L. V.K.V.   Sarma, L. V.K.V.","21","5","Indian Institute of Technology Madras","Chennai","India"
"","View last title","","","",""
"","","","","","",""
"875 57204119635 (i) on (i)","Sharma, Ankush P.  Sharma, Ankush   Sharma, Ankush P.   Sharma, A. P.   Sharma, A.","21","10","Indian Institute of Technology Madras","Chennai","India"
"","View last title","","","",""
"","","","","","",""
"876 56963533600 (i) on (i)","Srinivas, M.  Srinivas, M.","21","8","Indian Institute of Technology Madras","Chennai","India"
"","View last title","","","",""
"","","","","","",""
"877 7005601052 (i) on (i)","Subrahmanyam, B. V.  Subrahmanyam, B.","21","5","Indian Institute of Technology Madras","Chennai","India"
"","View last title","","","",""
"","","","","","",""
"878 44661715800 (i) on (i)","Usha Rajalakshmi, Parthasarathy  Usha Rajalakshmi, P.   Rajalakshmi, P. Usha   Rajalakshmi, P. U.","21","6","Avinashilingam Institute for Home Science and Higher Education for Women","Coimbatore","India"
"","View last title","","","",""
"","","","","","",""
"879 57211539477 (i) on (i)","Vaippully, Rahul  Vaippully, R.   VAIPPULLY, RAHUL","21","5","Indian Institute of Technology Madras","Chennai","India"
"","View last title","","","",""
"","","","","","",""
"880 15837700500 (i) on (i)","Venkatesan, Vaidyanathan  Venkatesan, V.","21","12","Indian Institute of Technology Madras","Chennai","India"
"","View last title","","","",""
"","","","","","",""
"881 6701731386 (i) on (i)","Ahila, S.","20","5","Indian Institute of Technology Madras","Chennai","India"
"","View last title","","","",""
"","","","","","",""
"882 6603876876 (i) on (i)","Avudainayagam, A.  Avudainayagan, A.","20","7","Indian Institute of Technology Madras","Chennai","India"
"","View last title","","","",""
"","","","","","",""
"883 7004547950 (i) on (i)","Bhat, Vasudeva  Bhat, V.","20","11","Indian Institute of Technology Madras","Chennai","India"
"","View last title","","","",""
"","","","","","",""
"884 36660573300 (i) on (i)","Chaunsali, Piyush","20","9","Indian Institute of Technology Madras","Chennai","India"
"","View last title","","","",""
"","","","","","",""
"885 26026254100 (i) on (i)","Chithra Lekha, P.  Chithra lekha, P.   lekha, P. Chithra","20","10","Indian Institute of Technology Madras","Chennai","India"
"","View last title","","","",""
"","","","","","",""
"886 7202948015 (i) on (i)","Iyer, Srinivasa Ramakrishna K  Iyer, Srinivasa Ramakrishna   Iyer, S. R K   Iyer, S. Ramakrishna   IYER, S. R K   Iyer, S. R.","20","5","Indian Institute of Technology, Madras","Chennai","India"
"","View last title","","","",""
"","","","","","",""
"887 55987046200 (i) on (i)","Murugan, Divagar  Divagar, M.   Divagar, Muthukumar   M, Divagar","20","9","Indian Institute of Technology Madras","Chennai","India"
"","View last title","","","",""
"","","","","","",""
"888 55443014800 (i) on (i)","Nagini, M.","20","8","Indian Institute of Technology Madras","Chennai","India"
"","View last title","","","",""
"","","","","","",""
"889 57212377082 (i) on (i)","Nair, Radhika Vadakkini  Nair, Radhika V.","20","6","Indian Institute of Technology Madras","Chennai","India"
"","View last title","","","",""
"","","","","","",""
"890 37073147900 (i) on (i)","Narayana Rao, Kandukuri V.L.  Narayana Rao, K.   Rao, K. Narayana   Rao, Kandukuri Narayana   Narayana Rao, K. V.L.","20","9","Hindustan Aeronautics Ltd","Bengaluru","India"
"","View last title","","","",""
"","","","","","",""
"891 36918997800 (i) on (i)","Pervin, Nargis  Pervin, Nargin","20","8","Indian Institute of Technology Madras","Chennai","India"
"","View last title","","","",""
"","","","","","",""
"892 8672170500 (i) on (i)","Pradeep, V.","20","9","Indian Institute of Technology Madras","Chennai","India"
"","View last title","","","",""
"","","","","","",""
"893 37010429300 (i) on (i)","Pratapa, Phanisri P.  Pratapa, Phanisri P.   Pratapa, Phanisri Pradeep","20","8","Indian Institute of Technology Madras","Chennai","India"
"","View last title","","","",""
"","","","","","",""
"894 57196550680 (i) on (i)","Raj, K. Joseph Antony","20","10","Indian Institute of Technology Madras","Chennai","India"
"","View last title","","","",""
"","","","","","",""
"895 7402242414 (i) on (i)","Reddy, M. A.","20","5","Indian Institute of Technology Madras","Chennai","India"
"","View last title","","","",""
"","","","","","",""
"896 55450583300 (i) on (i)","Singh, Karamdeep  SINGH, KARAMDEEP","20","6","Indian Institute of Technology Madras","Chennai","India"
"","View last title","","","",""
"","","","","","",""
"897 56016639500 (i) on (i)","Somayajula, Abhilash  Somayajula, Abhilash S.","20","8","Indian Institute of Technology Madras","Chennai","India"
"","View last title","","","",""
"","","","","","",""
"898 55536440400 (i) on (i)","Subramanian, Lakshmi","20","13","Indian Institute of Technology Madras","Chennai","India"
"","View last title","","","",""
"","","","","","",""
"899 57215966543 (i) on (i)","Suin, Maitreya","20","13","Indian Institute of Technology Madras","Chennai","India"
"","View last title","","","",""
"","","","","","",""
"900 57195072024 (i) on (i)","Talluri, Bhusankar","20","8","Indian Institute of Technology Madras","Chennai","India"
"","View last title","","","",""
"","","","","","",""
"901 7404414005 (i) on (i)","Thomas, Colacot J.  Thomas, C. J.","20","10","Indian Institute of Technology Madras","Chennai","India"
"","View last title","","","",""
"","","","","","",""
"902 55880837100 (i) on (i)","Vijay, Amrendra","20","7","Indian Institute of Technology Madras","Chennai","India"
"","View last title","","","",""
"","","","","","",""
"903 22996436500 (i) on (i)","Achuthan, P.","19","3","Indian Institute of Technology Madras","Chennai","India"
"","View last title","","","",""
"","","","","","",""
"904 7003644799 (i) on (i)","Ananth, Madaboosi S.  Ananth, M. S.","19","7","Indian Institute of Technology Madras","Chennai","India"
"","View last title","","","",""
"","","","","","",""
"905 6603249177 (i) on (i)","Ananthanarayanan, Kuppuswamy  Kuppuswamy, Ananthanarayanan   Ananthanarayanan, K.","19","9","Indian Institute of Technology Madras","Chennai","India"
"","View last title","","","",""
"","","","","","",""
"906 54402311900 (i) on (i)","Ayush, Kumar","19","7","Indian Institute of Technology Madras","Chennai","India"
"","View last title","","","",""
"","","","","","",""
"907 57193809187 (i) on (i)","Bhattacharya, Shubhayan  Bhattacharya, S.","19","4","Indian Institute of Technology Madras","Chennai","India"
"","View last title","","","",""
"","","","","","",""
"908 56737241500 (i) on (i)","Bodiuzzaman, Mohammad","19","10","Indian Institute of Technology Madras","Chennai","India"
"","View last title","","","",""
"","","","","","",""
"909 56660546800 (i) on (i)","Jagadeesh, V. Kumar  Jagadeesh, Vk   Jagadeesh, V. K.   Vellakudiyan, Jagadeesh","19","8","Indian Institute of Technology Madras","Chennai","India"
"","View last title","","","",""
"","","","","","",""
"910 55804419900 (i) on (i)","Kandasami, Ramesh Kannan  Kandasami, R. K.   Kandasami, Ramesh K.","19","4","Indian Institute of Technology Madras","Chennai","India"
"","View last title","","","",""
"","","","","","",""
"911 57193071061 (i) on (i)","Khatun, Esma","19","10","Indian Institute of Technology Madras","Chennai","India"
"","View last title","","","",""
"","","","","","",""
"912 7103043281 (i) on (i)","Mathews, M. S.","19","5","Indian Institute of Technology Madras","Chennai","India"
"","View last title","","","",""
"","","","","","",""
"913 57209072872 (i) on (i)","Nagabooshanam, Shalini  Nagabooshanam, S.","19","8","Indian Institute of Technology Madras","Chennai","India"
"","View last title","","","",""
"","","","","","",""
"914 35730193800 (i) on (i)","Narayanan, Manikandan","19","12","Indian Institute of Technology Madras","Chennai","India"
"","View last title","","","",""
"","","","","","",""
"915 57219482067 (i) on (i)","P, Deepak","19","1","Queen's University Belfast","Belfast","United Kingdom"
"","View last title","","","",""
"","","","","","",""
"916 56370832700 (i) on (i)","Raman, Maya","19","11","Indian Institute of Technology Madras","Chennai","India"
"","View last title","","","",""
"","","","","","",""
"917 35180425400 (i) on (i)","Sahu, Bhavani Shankar  Sahu, Bhavani S.","19","10","Indian Institute of Technology Madras","Chennai","India"
"","View last title","","","",""
"","","","","","",""
"918 6602464412 (i) on (i)","Sangras, Ravikiran  Sangras, R.","19","7","Indian Institute of Technology Madras","Chennai","India"
"","View last title","","","",""
"","","","","","",""
"919 57213216888 (i) on (i)","Sharma, D. K.","19","6","Indian Institute of Technology Madras","Chennai","India"
"","View last title","","","",""
"","","","","","",""
"920 56534350000 (i) on (i)","Singaravelu, Sivakumar  Sivakumar, Singaravelu","19","13","Indian Institute of Technology Madras","Chennai","India"
"","View last title","","","",""
"","","","","","",""
"921 7403971674 (i) on (i)","Singh, Paramanand Paramanano  Singh, P.   Singh, Paramanand   Singh, P. Paramanano","19","10","Indian Institute of Technology Madras","Chennai","India"
"","View last title","","","",""
"","","","","","",""
"922 56823204200 (i) on (i)","Sriram, Rengarajan  Sriram, R.","19","5","Indian Institute of Technology Madras","Chennai","India"
"","View last title","","","",""
"","","","","","",""
"923 7005269488 (i) on (i)","Swamy, N. V.Chandrasekhara  Swamy, N. V.C.   SWAMY, N. V.C.","19","5","Indian Institute of Technology Madras","Chennai","India"
"","View last title","","","",""
"","","","","","",""
"924 57133862400 (i) on (i)","Balaji, Ramamurthy  Balaji, R.   BALAJI, R.","18","5","Indian Institute of Technology Madras","Chennai","India"
"","View last title","","","",""
"","","","","","",""
"925 55375578100 (i) on (i)","Chandramouli, Gadisetti V.R.  Chandramouli, G. V.R.","18","10","Indian Institute of Technology Madras","Chennai","India"
"","View last title","","","",""
"","","","","","",""
"926 56091500300 (i) on (i)","Das, Mithun","18","5","Indian Institute of Technology Madras","Chennai","India"
"","View last title","","","",""
"","","","","","",""
"927 57202022581 (i) on (i)","Kulandaisamy, A.  Kulandaisamy, A.   Kulandaisamy, Arulsamy","18","7","Indian Institute of Technology Madras","Chennai","India"
"","View last title","","","",""
"","","","","","",""
"928 57215054682 (i) on (i)","Kumar, Sumit Anjan  Kumar, Sumit   Kumar, S. Anjan","18","6","Indian Institute of Technology Madras","Chennai","India"
"","View last title","","","",""
"","","","","","",""
"929 57406270700 (i) on (i)","Libby, J.","18","2","Indian Institute of Technology Madras","Chennai","India"
"","View last title","","","",""
"","","","","","",""
"930 57190089645 (i) on (i)","Mandal, Anup","18","13","Indian Institute of Technology Madras","Chennai","India"
"","View last title","","","",""
"","","","","","",""
"931 14831545000 (i) on (i)","Manokaran, Rajsekar  Manokaran, R.","18","8","Indian Institute of Technology Madras","Chennai","India"
"","View last title","","","",""
"","","","","","",""
"932 9437116000 (i) on (i)","Muduli, Prasanta K.  Muduli, P.   Muduli, Prasanta K.   Muduli, P. K.   Muduli, Prasanta   Muduli, Prasanta Kumar","18","8","Indian Institute of Technology Madras","Chennai","India"
"","View last title","","","",""
"","","","","","",""
"933 55888557100 (i) on (i)","Mukherjee, Shantanu  Mukherjee, S.","18","7","Indian Institute of Technology Madras","Chennai","India"
"","View last title","","","",""
"","","","","","",""
"934 6603380928 (i) on (i)","Mukunda Rao, M.","18","2","Indian Institute of Technology Madras","Chennai","India"
"","View last title","","","",""
"","","","","","",""
"935 7102508753 (i) on (i)","Murthy, M. S.R.C.  Murthy, M. S.","18","9","Indian Institute of Technology Madras","Chennai","India"
"","View last title","","","",""
"","","","","","",""
"936 57203838554 (i) on (i)","Murugesan, Balamurali","18","6","Healthcare Technology Innovation Centre","Chennai","India"
"","View last title","","","",""
"","","","","","",""
"937 57192154429 (i) on (i)","Nair, Vishnu Chandrasekharan  Chandrasekharan Nair, Vishnu","18","10","Indian Institute of Technology Madras","Chennai","India"
"","View last title","","","",""
"","","","","","",""
"938 36642667900 (i) on (i)","Nambiar, Athira M.  Nambiar, Athira   Nambiar, Athira M.","18","7","SRM Institute of Science and Technology","Chennai","India"
"","View last title","","","",""
"","","","","","",""
"939 56669490800 (i) on (i)","Rajendran, Prakash  Rajendran, P.   Prakash, Raghu V.   Prakash, R.","18","6","Indian Institute of Technology Madras","Chennai","India"
"","View last title","","","",""
"","","","","","",""
"940 57198865914 (i) on (i)","Ramanan, S.  Ramanan, S.","18","10","Indian Institute of Technology Madras","Chennai","India"
"","View last title","","","",""
"","","","","","",""
"941 36457882700 (i) on (i)","Rao, Chitturi Venkateswara Narasimha  Rao, Ch Venkateswara   Rao, Chitturi Venkateswara   Rao, C. V.Narasimha","18","14","Indian Institute of Technology Madras","Chennai","India"
"","View last title","","","",""
"","","","","","",""
"942 7404660808 (i) on (i)","Rao, P. R.S.  Rao, P. R.","18","4","Indian Institute of Technology, Madras","Chennai","India"
"","View last title","","","",""
"","","","","","",""
"943 23971363800 (i) on (i)","Sajanlal, Panikkanvalappil Ravindranathan  Sajanlal, Panikkanvalappil R.   Sajanlal, P. R.","18","11","Indian Institute of Technology Madras","Chennai","India"
"","View last title","","","",""
"","","","","","",""
"944 7202961602 (i) on (i)","Shukla, Priyanka","18","7","Indian Institute of Technology Madras","Chennai","India"
"","View last title","","","",""
"","","","","","",""
"945 57203428026 (i) on (i)","Singh, Simarpreet","18","6","Indian Institute of Technology Madras","Chennai","India"
"","View last title","","","",""
"","","","","","",""
"946 56695087000 (i) on (i)","Urias, Müller Gonçalves  Urias, Müller G.   Urias, Muller Gonçalves   Urias, Muller   Urias, Muller G.","18","4","Wilmer Eye Institute","Baltimore","United States"
"","View last title","","","",""
"","","","","","",""
"947 35147120200 (i) on (i)","Vaiapury, Karthikeyan  Karthikeyan, V.   Vaiapury, K.","18","4","Indian Institute of Technology Madras","Chennai","India"
"","View last title","","","",""
"","","","","","",""
"948 51865030400 (i) on (i)","Varunkumar, S.  Varunkumar, S.   S, Varunkumar","18","7","Indian Institute of Technology Madras","Chennai","India"
"","View last title","","","",""
"","","","","","",""
"949 57209144362 (i) on (i)","Venkatasubramani, Lakshmi Narayanan","18","3","Indian Institute of Technology Madras","Chennai","India"
"","View last title","","","",""
"","","","","","",""
"950 56228379100 (i) on (i)","Venkateswarlu, D.  VENKATESWARLU, D.","18","8","Indian Institute of Technology Madras","Chennai","India"
"","View last title","","","",""
"","","","","","",""
"951 57191841057 (i) on (i)","Verma, Pranjal Pragya  Verma, Pranjal   Verma, P.","18","7","Indian Institute of Technology Madras","Chennai","India"
"","View last title","","","",""
"","","","","","",""
"952 53983848700 (i) on (i)","Annavarapu, Chandrasekhar  Annavarapu, C.","17","10","Indian Institute of Technology Madras","Chennai","India"
"","View last title","","","",""
"","","","","","",""
"953 7102944081 (i) on (i)","Balakrishnan, Sunder  Balakrishnan, S.","17","12","Indian Institute of Technology Madras","Chennai","India"
"","View last title","","","",""
"","","","","","",""
"954 55702079100 (i) on (i)","Banerjee, Samik","17","5","Indian Institute of Technology Madras","Chennai","India"
"","View last title","","","",""
"","","","","","",""
"955 57196436179 (i) on (i)","Bhattacharya, Sukannya  Bhattacharya, Sukanny","17","6","Indian Institute of Technology Madras","Chennai","India"
"","View last title","","","",""
"","","","","","",""
"956 57203165075 (i) on (i)","Chakraborty, Ayon","17","8","Indian Institute of Technology Madras","Chennai","India"
"","View last title","","","",""
"","","","","","",""
"957 56924592800 (i) on (i)","Datta, Priyankan","17","9","Indian Institute of Technology Madras","Chennai","India"
"","View last title","","","",""
"","","","","","",""
"958 56310071400 (i) on (i)","Dinesh Kumar, Sakthivel  Dinesh kumar, S.   Dinesh Kumar, S.","17","9","Indian Institute of Technology Madras","Chennai","India"
"","View last title","","","",""
"","","","","","",""
"959 57209043788 (i) on (i)","Gayathri, Prakasam K.  Gayathri, P. K.   Gayathri, Prakasam   Gayathri, P.","17","7","Indian Institute of Technology Madras","Chennai","India"
"","View last title","","","",""
"","","","","","",""
"960 56966697100 (i) on (i)","Govarthanan, Kavitha","17","6","Indian Institute of Technology Madras","Chennai","India"
"","View last title","","","",""
"","","","","","",""
"961 56781572200 (i) on (i)","Hebbar, Vidyashree  Hebbar, V.","17","6","Indian Institute of Technology Madras","Chennai","India"
"","View last title","","","",""
"","","","","","",""
"962 56538683200 (i) on (i)","Jayoti, Divya","17","7","Indian Institute of Technology Madras","Chennai","India"
"","View last title","","","",""
"","","","","","",""
"963 22967253300 (i) on (i)","Kamath, S. Gopinath  Kamath, S. G.","17","3","Indian Institute of Technology Madras","Chennai","India"
"","View last title","","","",""
"","","","","","",""
"964 56190596100 (i) on (i)","Kandhasamy, Subramani  Kandhasamy, S.","17","6","Indian Institute of Technology Madras","Chennai","India"
"","View last title","","","",""
"","","","","","",""
"965 57216081280 (i) on (i)","Kandregula, Ganapathi Rao","17","5","Indian Institute of Technology Madras","Chennai","India"
"","View last title","","","",""
"","","","","","",""
"966 57194027361 (i) on (i)","Kumar, R. S.Ashwin  Kumar, Ashwin Kumar Siva   Kumar, Rahul   Kumar, R. S.A.   Kumar, R. S.Ashwin","17","3","Indian Institute of Technology Madras","Chennai","India"
"","View last title","","","",""
"","","","","","",""
"967 36460085000 (i) on (i)","Lokachari, Prakash Sai  Sai Lokachari, Prakash   Prakash Sai, L.   Sai, L. Prakash","17","9","Indian Institute of Technology Madras","Chennai","India"
"","View last title","","","",""
"","","","","","",""
"968 55075401500 (i) on (i)","Maity, Sandeepan  Maity, Subhankar","17","7","C. V. Raman Global University","Bhubaneswar","India"
"","View last title","","","",""
"","","","","","",""
"969 57188812080 (i) on (i)","Moses, William K.  Moses, William K.","17","4","Indian Institute of Technology Madras","Chennai","India"
"","View last title","","","",""
"","","","","","",""
"970 55313688000 (i) on (i)","Nandigana, Vishal V.R.  Vishal, Nandigana   Nandigana, Vishal   Nandigana, Vishal V.R.","17","8","Indian Institute of Technology Madras","Chennai","India"
"","View last title","","","",""
"","","","","","",""
"971 6602442759 (i) on (i)","Pandalai, K. A.V.","17","8","Indian Institute of Technology Madras","Chennai","India"
"","View last title","","","",""
"","","","","","",""
"972 56618770700 (i) on (i)","Prashantha Kumar, H. G.  Prashantha Kumar, H. G.   H.G, Prashantha Kumar","17","9","Indian Institute of Technology Madras","Chennai","India"
"","View last title","","","",""
"","","","","","",""
"973 26868016900 (i) on (i)","Rabha, Swapna Singha  Rabha, Swapna S.   Rabha, Swapna   Rabha, S.","17","11","Indian Institute of Technology Madras","Chennai","India"
"","View last title","","","",""
"","","","","","",""
"974 36869454100 (i) on (i)","Rajagopalan, T.","17","2","Indian Institute of Technology Madras","Chennai","India"
"","View last title","","","",""
"","","","","","",""
"975 57215450489 (i) on (i)","Ravichandran, Rajan  Ravichandran, R.","17","6","Indian Institute of Technology Madras","Chennai","India"
"","View last title","","","",""
"","","","","","",""
"976 57202820492 (i) on (i)","Rawat, Puneet","17","6","Indian Institute of Technology Madras","Chennai","India"
"","View last title","","","",""
"","","","","","",""
"977 7402231659 (i) on (i)","Roy, P. K.","17","7","Indian Institute of Technology, Madras","Chennai","India"
"","View last title","","","",""
"","","","","","",""
"978 56810806600 (i) on (i)","Sahoo, Harekrishna","17","15","Indian Institute of Technology Madras","Chennai","India"
"","View last title","","","",""
"","","","","","",""
"979 57191483155 (i) on (i)","Sahoo, Malaya K.","17","7","Indian Institute of Technology Madras","Chennai","India"
"","View last title","","","",""
"","","","","","",""
"980 57212698504 (i) on (i)","Sakthivel, Somansundar  Sakthivel, S.","17","0","Indian Institute of Technology Madras","Chennai","India"
"","View last title","","","",""
"","","","","","",""
"981 55194657200 (i) on (i)","Sasi, Binu K.  Sasi, Binu   Sasi, Binu K.","17","10","Indian Institute of Technology Madras","Chennai","India"
"","View last title","","","",""
"","","","","","",""
"982 24462820600 (i) on (i)","Sethy, Satya Sundar","17","4","Indian Institute of Technology Madras","Chennai","India"
"","View last title","","","",""
"","","","","","",""
"983 57200241283 (i) on (i)","Shanti Swarup, Kesanakurthy  Swamp, K. Shanti   Shanti Swarup, K.   Swamp, K. S.","17","3","Indian Institute of Technology Madras","Chennai","India"
"","View last title","","","",""
"","","","","","",""
"984 55376404800 (i) on (i)","Srivastava, Abhinav  Srivastava, A.","17","9","Indian Institute of Technology Madras","Chennai","India"
"","View last title","","","",""
"","","","","","",""
"985 57201184774 (i) on (i)","Srivastava, Ambuj","17","5","Indian Institute of Technology Madras","Chennai","India"
"","View last title","","","",""
"","","","","","",""
"986 56041344800 (i) on (i)","Suchita, undefined  Suchita, Yadav   Suchita, Suchita   Yadav","17","3","Indian Institute of Technology Madras","Chennai","India"
"","View last title","","","",""
"","","","","","",""
"987 55639172400 (i) on (i)","Thirugnanam, Lavanya  Lavanya, Thirugnanam   Thirugunanam, Lavanya   Lavanya, T.","17","11","Indian Institute of Technology Madras","Chennai","India"
"","View last title","","","",""
"","","","","","",""
"988 41262687200 (i) on (i)","Vayalamkuzhi, Pramitha","17","4","Indian Institute of Technology Madras","Chennai","India"
"","View last title","","","",""
"","","","","","",""
"989 35270239600 (i) on (i)","Veetil, Vipin P.  Veetil, Vipin P.   Veetil, Vipin","17","5","Indian Institute of Technology Madras","Chennai","India"
"","View last title","","","",""
"","","","","","",""
"990 55452796600 (i) on (i)","Bakthavachalam, Kirubakaran  Bakthavachalam, K.","16","9","Indian Institute of Technology Madras","Chennai","India"
"","View last title","","","",""
"","","","","","",""
"991 55596915400 (i) on (i)","Balavigneswaran, Chelladurai Karthikeyan  Balavigneswaran, C. K.","16","10","Indian Institute of Technology Madras","Chennai","India"
"","View last title","","","",""
"","","","","","",""
"992 56338024500 (i) on (i)","Bongu, Sudhakara Reddy  Bongu, Sudhakara R.   Bongu, S. R.","16","6","Indian Institute of Technology Madras","Chennai","India"
"","View last title","","","",""
"","","","","","",""
"993 57191974096 (i) on (i)","Chandrasekaran, Nivedhini Iswarya  Nivedhini Iswarya, Chandrasekaran   Iswarya, Chandrasekaran Nivedhini","16","11","Indian Institute of Technology Madras","Chennai","India"
"","View last title","","","",""
"","","","","","",""
"994 55780040000 (i) on (i)","De, Somnath","16","5","Indian Institute of Technology Madras","Chennai","India"
"","View last title","","","",""
"","","","","","",""
"995 57209567704 (i) on (i)","Ghosh, Jyotirmoy","16","9","Indian Institute of Technology Madras","Chennai","India"
"","View last title","","","",""
"","","","","","",""
"996 55478976100 (i) on (i)","Ghosh, Shankar  Ghosh, S.","16","3","Indian Institute of Technology Madras","Chennai","India"
"","View last title","","","",""
"","","","","","",""
"997 57189470995 (i) on (i)","Gurrala, Lakshmiprasad  Gurrala, L.","16","7","Indian Institute of Technology Madras","Chennai","India"
"","View last title","","","",""
"","","","","","",""
"998 56313919100 (i) on (i)","Hernandez-Tamargo, Carlos Ernesto  Hernandez-Tamargo, Carlos   Hernandez-Tamargo, Carlos E.   Hernandez Tamargo, Carlos Ernesto   Hernandez Tamargo, Carlos","16","7","Cardiff University","Cardiff","United Kingdom"
"","View last title","","","",""
"","","","","","",""
"999 8525286700 (i) on (i)","Jayakumar, Jaikishan  Jayakumar, J.","16","6","University of Melbourne","Parkville","Australia"
"","View last title","","","",""
"","","","","","",""
"1000 26324959700 (i) on (i)","Kaluri, Ram Satish  Satish Kaluri, Ram","16","12","Indian Institute of Technology Madras","Chennai","India"
"","View last title","","","",""
"","","","","","",""