"Result Number","Author","Documents","h-index          Author metrics Scopus is adding an array of metrics for researchers. As an initial step, the h-index has been added.  The h-graph is one way of displaying and comparing the productivity and impact of published work of scholars. It should only be used together with a mix of quantitative and qualitative metrics.  More metrics will be added in the course of the year.","Affiliation","City","Country/Territory"
"1 57021830600 (i) on (i)","Kumar Kaushik, Brajesh  Kaushik, Brajesh   Kaushik, Brijesh Kumar   Kaushik, Brajesh Kumar   Kaushik, B. K.   Kaushik Govind, B. K.   Kaushik, Brajesh K.","376","32","Indian Institute of Technology Roorkee","Roorkee","India"
"","View last title","","","",""
"","","","","","",""
"2 57203774508 (i) on (i)","Kumar, Ashok  Kumar, A.   Kumar, Asok   kumar, Ashok","310","32","Indian Institute of Technology Roorkee","Roorkee","India"
"","View last title","","","",""
"","","","","","",""
"3 7202793324 (i) on (i)","Goyal, Rajendra N.  Goyal, R. N.   Goyal, Rajendra N.   Goyal, Rajendra Nath   GoYAL, R. N.","298","47","Indian Institute of Technology Roorkee","Roorkee","India"
"","View last title","","","",""
"","","","","","",""
"4 23467551900 (i) on (i)","Pant, Millie  Pant, M.   Pant, Milie","292","33","Indian Institute of Technology Roorkee","Roorkee","India"
"","View last title","","","",""
"","","","","","",""
"5 36912015700 (i) on (i)","Singh, Dharmendra  Singh, D.   Singhb, D.","264","26","Indian Institute of Technology Roorkee","Roorkee","India"
"","View last title","","","",""
"","","","","","",""
"6 7004206177 (i) on (i)","Ojha, C. S. P.  Ojha, C. P.   Ojha, Chandrashekhar Prasad   Ojha, Chandra Sekhar P.   Ojha, Chandra S.P.   Ojha, Chandra Shekhar P.   Ojha, C. S.   Ojha, C. S.P.   Ojha, Chandra Shakhar P.   Ojha, Chandra   Shekhar Prasad Ojha, Chandra   Ojha, Chandra Shekhar Prasad   OJHA, C. S.P.   Ohja, C. S.P.   Ojha, Chandra Shekher P.","261","25","Indian Institute of Technology Roorkee","Roorkee","India"
"","View last title","","","",""
"","","","","","",""
"7 57193351909 (i) on (i)","Singh, Girish Kumar  Singh, G. K.   Kumar Singh, Girish   Singh, Girish K.","258","42","Indian Institute of Technology Roorkee","Roorkee","India"
"","View last title","","","",""
"","","","","","",""
"8 6603631347 (i) on (i)","Kartikeyan, Machavaram Venkata  Kartikeyan, Machavaram Venkateshwar   Machavaram, Kartikeyan V.   Kartikeyan, M. V.   Kartikeyan, Mac Havaram V.   Kartikeyan, Machavaram V.   Kartikeyan, Machavaram   MacHavaram, Kartikeyan V.   Kartikeyan, Mac Havazam V.   Kartikeyan, M.   Kartikeyan, Macha Varam","246","21","Indian Institute of Technology Roorkee","Roorkee","India"
"","View last title","","","",""
"","","","","","",""
"9 55952759400 (i) on (i)","Kumar, Pradeep  Kumar, P.   Kumar, Pradeed   Kumar, P. K.   KUMAR, P.","245","51","Indian Institute of Technology Roorkee","Roorkee","India"
"","View last title","","","",""
"","","","","","",""
"10 56880478500 (i) on (i)","Pratim Roy, Partha  Roy, P. P.   Pratim-Roy, Partha   Roy, Partha Pratim   Roy, Partha P.   Roy, P. Pratim","236","32","Indian Institute of Technology Roorkee","Roorkee","India"
"","View last title","","","",""
"","","","","","",""
"11 35517075500 (i) on (i)","Padhy, Narayana Prasad  Padhy, Narayana   Padhy, Narayan Prasad   Prasad Padhy, Narayana   Prasad Padhy, N.   Padhy, N. P.","233","35","Indian Institute of Technology Roorkee","Roorkee","India"
"","View last title","","","",""
"","","","","","",""
"12 35475516300 (i) on (i)","Kundu, Patit Paban  Kundu, Petit P.   Kundu, Patit P.   Kundu, P. P.","231","42","Indian Institute of Technology Roorkee","Roorkee","India"
"","View last title","","","",""
"","","","","","",""
"13 23135470700 (i) on (i)","Raman, Balasubramanian  Raman, B.   Balasubramanian, Raman   Raman, Balasubrmanian","231","27","Indian Institute of Technology Roorkee","Roorkee","India"
"","View last title","","","",""
"","","","","","",""
"14 7005426145 (i) on (i)","Bhushan, Ravi  BHUSHAN., R.   Bhushan, R.   BHUSHAN, R.","222","31","Indian Institute of Technology Roorkee","Roorkee","India"
"","View last title","","","",""
"","","","","","",""
"15 7402070856 (i) on (i)","Jain, Madhu  JAIN, MADHU   Jain, M.","220","22","Indian Institute of Technology Roorkee","Roorkee","India"
"","View last title","","","",""
"","","","","","",""
"16 35509207200 (i) on (i)","Roy, Partha  Roy, Parta   Roy, P.","219","33","Indian Institute of Technology Roorkee","Roorkee","India"
"","View last title","","","",""
"","","","","","",""
"17 6603548398 (i) on (i)","Harsha, Suraj Prakash  HARSHA, SP P.   Harsha, Suraj P.   Harsha, Suraj   Harsha, S. P.","216","32","Indian Institute of Technology Roorkee","Roorkee","India"
"","View last title","","","",""
"","","","","","",""
"18 8142901100 (i) on (i)","Sharma, Satish Chandra  Sharma, Satish C.   Satish, C. Sharma   Sharma, S. C.   Sharma, Satish   Sharma, Sathish","211","26","Indian Institute of Technology Roorkee","Roorkee","India"
"","View last title","","","",""
"","","","","","",""
"19 57212702052 (i) on (i)","Prasad, Rajendra  Prasad, R.   Prasad, Raiendra   Rajendra Prasad, B.","204","31","Indian Institute of Technology Roorkee","Roorkee","India"
"","View last title","","","",""
"","","","","","",""
"20 7005825645 (i) on (i)","Yadav, Kamlesh Kumar  Yadav, K. L.   Yadav, Kanhaiya   Yadav, Kanhaiya L.   Yadav, Kanhaiya Lal","198","38","Indian Institute of Technology Roorkee","Roorkee","India"
"","View last title","","","",""
"","","","","","",""
"21 57191737302 (i) on (i)","Dasgupta, Sudeb  Dasgupta, S.","196","21","Indian Institute of Technology Roorkee","Roorkee","India"
"","View last title","","","",""
"","","","","","",""
"22 9733363000 (i) on (i)","Agarwal, Pramod  Agrawal, Promod   Agarwal, Promod   Agarwal, P.   Agrawal, Pramod   Agrawal, P.","195","23","Indian Institute of Technology Roorkee","Roorkee","India"
"","View last title","","","",""
"","","","","","",""
"23 7003850867 (i) on (i)","Malik, Wahid Uddin  Malik, Wahid U.   Malik, W. U.","191","16","Indian Institute of Technology Roorkee","Roorkee","India"
"","View last title","","","",""
"","","","","","",""
"24 8561208900 (i) on (i)","Deep, K.  Deep, Kusum   Deep, K.","190","29","Indian Institute of Technology Roorkee","Roorkee","India"
"","View last title","","","",""
"","","","","","",""
"25 56591551200 (i) on (i)","Chandra, Ramesh  Chandra, R.","189","34","Indian Institute of Technology Roorkee","Roorkee","India"
"","View last title","","","",""
"","","","","","",""
"26 7401868829 (i) on (i)","Srivastava, Rajesh  Shrivastava, Rajeev   Srivastava, R.","186","19","Indian Institute of Technology Roorkee","Roorkee","India"
"","View last title","","","",""
"","","","","","",""
"27 7005255411 (i) on (i)","Maurya, Mannar Ram  Maurya, M. R.   Maurya, Manar Ram   Maurya, Mannar R.   Maurya, Mannan Rai   Maurya, Mannan Ram","183","49","Indian Institute of Technology Roorkee","Roorkee","India"
"","View last title","","","",""
"","","","","","",""
"28 57203389297 (i) on (i)","Justin Thomas, K. R.  Justin Thomas, K. Rajapandian   Thomas, K. R.J.   Justin Thomas, R.      Thomas, K. Rajapandian Justin   Justin Thomas, K. R.   Thomas, K. R.Justin   Thomas Justin, K. R.","181","51","Indian Institute of Technology Roorkee","Roorkee","India"
"","View last title","","","",""
"","","","","","",""
"29 35568239200 (i) on (i)","Bhargava, Devendra Swaroop  Bhargava, D. S.   Bhargava, Devendra S.   Bhargava, Davendra Swaroop","177","17","Indian Institute of Technology Roorkee","Roorkee","India"
"","View last title","","","",""
"","","","","","",""
"30 57204061377 (i) on (i)","Singh, Indra Vir  Singh, I. V.   Singh, I.","176","34","Indian Institute of Technology Roorkee","Roorkee","India"
"","View last title","","","",""
"","","","","","",""
"31 35459954300 (i) on (i)","Ghosh, Prakriti Kumar  Ghosh, P. K.   Ghosh, Prakriti K.","172","28","Indian Institute of Technology Roorkee","Roorkee","India"
"","View last title","","","",""
"","","","","","",""
"32 23668474600 (i) on (i)","Mishra, Indra Mani  Mishra, I. M.   Mishra, I.   Mishra, Indir Mani   Mani Mishra, Indra   Mishra, Indramani   Mishra, Indra M.","170","53","Indian Institute of Technology Roorkee","Roorkee","India"
"","View last title","","","",""
"","","","","","",""
"33 57649843400 (i) on (i)","Singh, Udai Pratap  Singh, U. P.   Singh, Udai P.","170","24","Indian Institute of Technology Roorkee","Roorkee","India"
"","View last title","","","",""
"","","","","","",""
"34 7004266679 (i) on (i)","Dwivedi, Dheerendra Kumar  Dwivedi, D. K.   Dwivedi, Dheerendra K.   DWIVEDI, D. K.","169","32","Indian Institute of Technology Roorkee","Roorkee","India"
"","View last title","","","",""
"","","","","","",""
"35 7006364661 (i) on (i)","Rastogi, Vipul K.  Rastogi, V.   Rastogi, Vipul   Rastogi, V. K.","162","19","Indian Institute of Technology Roorkee","Roorkee","India"
"","View last title","","","",""
"","","","","","",""
"36 7005642176 (i) on (i)","Pathak, Nagendra Prasad  Pathak, N.   Pathak, N. P.   Pathak, Nagendra P.   Prasad Pathak, Nagendra","158","14","Indian Institute of Technology Roorkee","Roorkee","India"
"","View last title","","","",""
"","","","","","",""
"37 7402520507 (i) on (i)","Jain, P. K.  Jain, P. K.   Jain, Promod Kumar   Jain, Pramod Kumar   Jain, Pramod K.","157","27","Indian Institute of Technology Roorkee","Roorkee","India"
"","View last title","","","",""
"","","","","","",""
"38 6701514485 (i) on (i)","Kazmi, Absar Ahmad  Kazmi, Absar   Kazmi, A. A.   Kazmi, Absar A.   Kazmi, Absar Ahmed   Kaza, Absar Ahmad   Kazmi, A.","157","28","Indian Institute of Technology Roorkee","Roorkee","India"
"","View last title","","","",""
"","","","","","",""
"39 55290298100 (i) on (i)","Singh, Bhawani P.  Singh, Bhawani   Singh, B. P.   Singh, B.","155","21","Indian Institute of Technology Roorkee","Roorkee","India"
"","View last title","","","",""
"","","","","","",""
"40 6701821524 (i) on (i)","Negi, Yuvraj Singh  Singh Negi, Yuvraj   Negi, Yuvraj   Negi, Yurvaj Singh   Negi, Y. S.   Negi, Yuvraj S.   Negi, Yuvra S.","154","35","Indian Institute of Technology Roorkee","Roorkee","India"
"","View last title","","","",""
"","","","","","",""
"41 7404463053 (i) on (i)","Jain, Ajay Kumar  Jain, A. K.   Jain, Ajay K.   Jain, A.","152","40","Indian Institute of Technology Roorkee","Roorkee","India"
"","View last title","","","",""
"","","","","","",""
"42 55463271000 (i) on (i)","Mishra, Surendra Kumar  Mishra, Surendra K.   Mishra, S. K.   Mishra, Surendra kumar","149","36","Indian Institute of Technology Roorkee","Roorkee","India"
"","View last title","","","",""
"","","","","","",""
"43 7401671278 (i) on (i)","Chandra, Satish  Chandra, S.   Chandra, Satis","145","26","Indian Institute of Technology Roorkee","Roorkee","India"
"","View last title","","","",""
"","","","","","",""
"44 56242963200 (i) on (i)","Gopinath, Packirisamy  Packirisamy, Gopinath   Gopinath, P.","143","37","Indian Institute of Technology Roorkee","Roorkee","India"
"","View last title","","","",""
"","","","","","",""
"45 24173118500 (i) on (i)","Hote, Yogesh Vijay  Hote, Yogesh V.   Hote, Y. V.","143","20","Indian Institute of Technology Roorkee","Roorkee","India"
"","View last title","","","",""
"","","","","","",""
"46 23488945100 (i) on (i)","Joshi, S. K.","143","16","Indian Institute of Technology Roorkee","Roorkee","India"
"","View last title","","","",""
"","","","","","",""
"47 56375560400 (i) on (i)","Singh, Inderdeep  Singh, I.","143","33","Indian Institute of Technology Roorkee","Roorkee","India"
"","View last title","","","",""
"","","","","","",""
"48 18837702800 (i) on (i)","Pruthi, Vikas 	                Pruthi, V.","141","37","Indian Institute of Technology Roorkee","Roorkee","India"
"","View last title","","","",""
"","","","","","",""
"49 8683737500 (i) on (i)","Toshniwal, Durga  Toshniowal, Durga","140","22","Indian Institute of Technology Roorkee","Roorkee","India"
"","View last title","","","",""
"","","","","","",""
"50 14068541600 (i) on (i)","Bhargava, Pradeep  Bhargava, Pardeep   Bhargava, P.","138","22","Indian Institute of Technology Roorkee","Roorkee","India"
"","View last title","","","",""
"","","","","","",""
"51 56363331000 (i) on (i)","Anand, Radhey Shyam  ANAND, R. S.   Anand, R. S.","137","24","Indian Institute of Technology Roorkee","Roorkee","India"
"","View last title","","","",""
"","","","","","",""
"52 12790894600 (i) on (i)","Bhalja, Bhavesh R.  Bhalja, B.   Bhalja, B. R.   Bhalja, Bhaveshkumar R.   Bhalja, Bhavesh","137","24","Indian Institute of Technology Roorkee","Roorkee","India"
"","View last title","","","",""
"","","","","","",""
"53 57204513823 (i) on (i)","Ghosh, Kaushik  Ghosh, Koushik   GHOSH, KAUSHIK   Ghosh, K.","137","31","Indian Institute of Technology Roorkee","Roorkee","India"
"","View last title","","","",""
"","","","","","",""
"54 55491955100 (i) on (i)","Gupta, Akhilesh Kumar  Gupta, A. K.   Gupta, Akhilesh   Gupta, A.   Gupta, Akhilesh Kr   Gupta, Akhilesh K.","135","23","Indian Institute of Technology Roorkee","Roorkee","India"
"","View last title","","","",""
"","","","","","",""
"55 26427760700 (i) on (i)","Pal, Kaushik  Pal, Kausik   Pal, K.","135","26","Indian Institute of Technology Roorkee","Roorkee","India"
"","View last title","","","",""
"","","","","","",""
"56 15760954200 (i) on (i)","Rahman, Zillur  Rahman, Z.","134","43","Indian Institute of Technology Roorkee","Roorkee","India"
"","View last title","","","",""
"","","","","","",""
"57 15135210300 (i) on (i)","Agrawal, Purshottam Narain  Agrawal, Pn   Agrawal, P. N.   Agrawal, Purshottam N.   Agrawal, Purshottam Narayan  						    Narain Agrawal, Purshottam   Agrawal, Purshottam","133","17","Indian Institute of Technology Roorkee","Roorkee","India"
"","View last title","","","",""
"","","","","","",""
"58 57424996700 (i) on (i)","Kumar, Anil V.  Kumar, A.   Kumar, Anil","132","19","Indian Institute of Technology Roorkee","Roorkee","India"
"","View last title","","","",""
"","","","","","",""
"59 7005242439 (i) on (i)","Agarwala, Vijaya  Agarwala, V.","131","26","Indian Institute of Technology Roorkee","Roorkee","India"
"","View last title","","","",""
"","","","","","",""
"60 29767443800 (i) on (i)","Jain, Sharad K.  Kumar Jain, Sharad   Jain, Sharad K.   Jain, S. K.   Jain, S.   Jain, Sharad   Jain, Sharad Kumar","131","30","Indian Institute of Technology Roorkee","Roorkee","India"
"","View last title","","","",""
"","","","","","",""
"61 7004805387 (i) on (i)","Kaur, Davinder  Kaur, D.   Kaur, Devinder","131","28","Indian Institute of Technology Roorkee","Roorkee","India"
"","View last title","","","",""
"","","","","","",""
"62 26326345700 (i) on (i)","Lahiri, Debrupa  Lahiri, D.   Lahiri Mondal, Debrupa","131","41","Indian Institute of Technology Roorkee","Roorkee","India"
"","View last title","","","",""
"","","","","","",""
"63 55578538300 (i) on (i)","Mishra, B. K.  Mishra, Bhanu Kumar   Mishra, Bhanu K.   Mishra, Banu K.   Mishra, B. K.   Mishra, Bhanu","131","29","Indian Institute of Technology Roorkee","Roorkee","India"
"","View last title","","","",""
"","","","","","",""
"64 7005982560 (i) on (i)","Dutt, Dharm  Dutt, D.   Dutt, Dliarm   Dutt, Dharam   Dutt, Dharma   Dutt, Dliami","130","21","Indian Institute of Technology Roorkee","Roorkee","India"
"","View last title","","","",""
"","","","","","",""
"65 8386080200 (i) on (i)","Pathak, Pushparaj Mani  Pathak, Pushparaj M.   Pathak, P. M.   Pathak, Pushpraj M.   Pathak, Pushpraj Mani   Mani Pathak, Pushparaj   Pushparaj, Mani Pathak","129","17","Indian Institute of Technology Roorkee","Roorkee","India"
"","View last title","","","",""
"","","","","","",""
"66 57218113365 (i) on (i)","Kumar, Ravi  Kumar, R.   kumar, Ravi","128","27","Indian Institute of Technology Roorkee","Roorkee","India"
"","View last title","","","",""
"","","","","","",""
"67 10046255200 (i) on (i)","Chowdhury, Rajib  Chowdhury, R.","127","32","Indian Institute of Technology Roorkee","Roorkee","India"
"","View last title","","","",""
"","","","","","",""
"68 55466569500 (i) on (i)","Kumar, Praveen Kishore  Kumar, P.   Kumar, P. Kishore   Kumar, Praveen","127","23","Indian Institute of Technology Roorkee","Roorkee","India"
"","View last title","","","",""
"","","","","","",""
"69 56223635000 (i) on (i)","Misra, Manoj  Mishra, Manoj   Misra, M.","127","19","Indian Institute of Technology Roorkee","Roorkee","India"
"","View last title","","","",""
"","","","","","",""
"70 15318886300 (i) on (i)","Garg, Amar Nath  Garg, A. N.   Garg, Amar N.   Garg, Amar","126","22","Indian Institute of Technology Roorkee","Roorkee","India"
"","View last title","","","",""
"","","","","","",""
"71 7102813204 (i) on (i)","Patnaik, Amalendu  Patnaik, Amaledu   Patnaik, A.","126","21","Indian Institute of Technology Roorkee","Roorkee","India"
"","View last title","","","",""
"","","","","","",""
"72 57214304948 (i) on (i)","Singh, Sajjanpal  Singh, Sajjan Pal   Singh, Saijan Pal   Singh, S. P.   Singh, Sajjan P.","126","20","Indian Institute of Technology Roorkee","Roorkee","India"
"","View last title","","","",""
"","","","","","",""
"73 57212000675 (i) on (i)","Singh, Sukhpal P.  Singh, Sukhpal   Singh, S. P.   Singh, S.","126","16","Indian Institute of Technology Roorkee","Roorkee","India"
"","View last title","","","",""
"","","","","","",""
"74 7202579052 (i) on (i)","Chakrabarti, Anupam  Chakrabarti, A.   Chakrabartia, Anupam","125","28","Indian Institute of Technology Roorkee","Roorkee","India"
"","View last title","","","",""
"","","","","","",""
"75 55064809000 (i) on (i)","Kumar, Pravindra R.Manish  Kumar, P. R.M.   Kumar, P.   Kumar, Pravindra   Kumara, Pravindra   Kumar, P. Raghavendra","125","22","Indian Institute of Technology Roorkee","Roorkee","India"
"","View last title","","","",""
"","","","","","",""
"76 12752738000 (i) on (i)","Mittal, Ankush  Mittal, A.","124","17","Indian Institute of Technology Roorkee","Roorkee","India"
"","View last title","","","",""
"","","","","","",""
"77 7003383488 (i) on (i)","Kandpal, Hem Chandra  Kandpal, Hem   Kandpal, Hem C.  Kandpal, H. C.","123","17","Indian Institute of Technology Roorkee","Roorkee","India"
"","View last title","","","",""
"","","","","","",""
"78 14219191200 (i) on (i)","Kumar, Ashwani S.  Kumar, Ashvani   Kumar, A.   Kumar, A. S.   Kumar, Ashwani","123","28","Indian Institute of Technology Roorkee","Roorkee","India"
"","View last title","","","",""
"","","","","","",""
"79 55842079400 (i) on (i)","Poluri, Krishna Mohan  Poluri, Krishna M.   Poluri, K. M.   Poluri, Kirshna Mohan","123","20","Indian Institute of Technology Roorkee","Roorkee","India"
"","View last title","","","",""
"","","","","","",""
"80 35339866500 (i) on (i)","Rawat, Meenakshi  Rawat, M.","121","15","Indian Institute of Technology Roorkee","Roorkee","India"
"","View last title","","","",""
"","","","","","",""
"81 12804420600 (i) on (i)","Sukavanam, Nagarajan  Sukavanam, N.   SUKAVANAM, N.   Sukavanum, N.   Sukavanam, Nagrajan","120","21","Indian Institute of Technology Roorkee","Roorkee","India"
"","View last title","","","",""
"","","","","","",""
"82 55434064300 (i) on (i)","Sharma, Apurbba Kumar  Sharma, Apurbba K.   Sharma, Apurbba Kr   Sharma, Apurbba   Sharma, A. K.   Sharma, A.","119","30","Indian Institute of Technology Roorkee","Roorkee","India"
"","View last title","","","",""
"","","","","","",""
"83 15044199700 (i) on (i)","Garg, Rahul Dev  Garg, R. D.   Garg, Rahul   Garg, Rahul D.","117","16","Indian Institute of Technology Roorkee","Roorkee","India"
"","View last title","","","",""
"","","","","","",""
"84 8665885900 (i) on (i)","Gurjar, Bhola Ram  Gurjar, Bhola R.   Gurjar, B.   Gurjar, B. R.","115","26","Indian Institute of Technology Roorkee","Roorkee","India"
"","View last title","","","",""
"","","","","","",""
"85 57218539729 (i) on (i)","Kumar, Sandeep  Kumar, S.   Garg, Sandeep Kumar","115","16","Indian Institute of Technology Roorkee","Roorkee","India"
"","View last title","","","",""
"","","","","","",""
"86 57200197409 (i) on (i)","Mondal, Prasenjit  Mondal, P.   Mondal, Prejit","114","25","Indian Institute of Technology Roorkee","Roorkee","India"
"","View last title","","","",""
"","","","","","",""
"87 13103939500 (i) on (i)","Iqbal, Mohammad Ashraf  Iqbal, Mohammad   Iqbal, M. Ashraf   Iqbal, M. A.   Iqbal, M.   Iqbal, Mohd Ashraf","113","23","Indian Institute of Technology Roorkee","Roorkee","India"
"","View last title","","","",""
"","","","","","",""
"88 25222833400 (i) on (i)","Dhawan, Nikhil  Dhawan, N.","112","19","Indian Institute of Technology Roorkee","Roorkee","India"
"","View last title","","","",""
"","","","","","",""
"89 25646515800 (i) on (i)","Kumar, Vinod  Kumar, V.   Kumar, Vineet","112","30","Government Engineering College","Bikaner","India"
"","View last title","","","",""
"","","","","","",""
"90 7103033909 (i) on (i)","Nath, Mala  Nath, M.","111","29","Indian Institute of Technology Roorkee","Roorkee","India"
"","View last title","","","",""
"","","","","","",""
"91 35100732400 (i) on (i)","Niyogi, Rajdeep  Niyogi, R.   Rajdeep, Niyogi","111","12","Indian Institute of Technology Roorkee","Roorkee","India"
"","View last title","","","",""
"","","","","","",""
"92 8941720600 (i) on (i)","Maheshwari, Rudra Prakash  Maheshwari, Rudra P.   Maheshwari, Rudraprakash   Maheshwari, R.   Maheshwari, R. P.","110","27","Indian Institute of Technology Roorkee","Roorkee","India"
"","View last title","","","",""
"","","","","","",""
"93 24523635700 (i) on (i)","Tandon, Shiv Nath  Tandon, S. N.   Tandon, Shiv N.","109","16","Indian Institute of Technology Roorkee","Roorkee","India"
"","View last title","","","",""
"","","","","","",""
"94 7103092790 (i) on (i)","Ahmad, Zulfequar  Ahmad, Zulfifce   Ahmad, Z.","108","18","Indian Institute of Technology Roorkee","Roorkee","India"
"","View last title","","","",""
"","","","","","",""
"95 23063065000 (i) on (i)","Bhargava, Rama  Bhargava, R.","108","28","Indian Institute of Technology Roorkee","Roorkee","India"
"","View last title","","","",""
"","","","","","",""
"96 9239858400 (i) on (i)","Mohan, Akhilesh  Mohan, A.","107","19","Indian Institute of Technology Roorkee","Roorkee","India"
"","View last title","","","",""
"","","","","","",""
"97 8963649200 (i) on (i)","Parida, Manoranjan  Parida, M.","107","15","Indian Institute of Technology Roorkee","Roorkee","India"
"","View last title","","","",""
"","","","","","",""
"98 14040828900 (i) on (i)","Varma, Ghanshyam Das  Varma, G. D.","107","22","Indian Institute of Technology Roorkee","Roorkee","India"
"","View last title","","","",""
"","","","","","",""
"99 55500513200 (i) on (i)","Kumar, Surendra Ashwin  Kumar, S.   Kumar, Surendra   Kumar, S. Ashwin","106","24","Indian Institute of Technology Roorkee","Roorkee","India"
"","View last title","","","",""
"","","","","","",""
"100 56247640700 (i) on (i)","Anand, Bulusu  Anand, Bulnsu   Bulusu, Anand   Bulusu, A.   Anand, B.","105","11","Indian Institute of Technology Roorkee","Roorkee","India"
"","View last title","","","",""
"","","","","","",""
"101 35615087500 (i) on (i)","Balomajumder, Chandrajit  Balomajumder, Chandrajeet   Balomajumder, C.","105","29","Indian Institute of Technology Roorkee","Roorkee","India"
"","View last title","","","",""
"","","","","","",""
"102 57215382247 (i) on (i)","Maiti, Moumita  Maiti, M.","105","20","Indian Institute of Technology Roorkee","Roorkee","India"
"","View last title","","","",""
"","","","","","",""
"103 7006238331 (i) on (i)","Ranga Raju, Kittur G.  Ranga Raju, K. G.","105","25","Indian Institute of Technology Roorkee","Roorkee","India"
"","View last title","","","",""
"","","","","","",""
"104 7006090710 (i) on (i)","Sondhi, Sham Murari  Sondhi, S. Murari   Sondhi, S. M.   Sondhi, Sham M.","105","29","Indian Institute of Technology Roorkee","Roorkee","India"
"","View last title","","","",""
"","","","","","",""
"105 55108982900 (i) on (i)","Srivastava, M. K.","105","14","Indian Institute of Technology Roorkee","Roorkee","India"
"","View last title","","","",""
"","","","","","",""
"106 7006087147 (i) on (i)","Gandhi, Bhupendra K.  Gandhi, Bhupendra Kumar   Kumar Gandhi, Bhupendra   Gandhi, Bimal   Gandhi, Bhupendra K.   Gandhi, B.   Gandhi, Bhupendra   Gandhi, B. K.","104","30","Indian Institute of Technology Roorkee","Roorkee","India"
"","View last title","","","",""
"","","","","","",""
"107 35578960500 (i) on (i)","Tripathi, Awadh N.  Tripathi, A. N.","104","14","Indian Institute of Technology Roorkee","Roorkee","India"
"","View last title","","","",""
"","","","","","",""
"108 7005609418 (i) on (i)","Tyagi, Barjeev  Tyagi, B.","104","19","Indian Institute of Technology Roorkee","Roorkee","India"
"","View last title","","","",""
"","","","","","",""
"109 16214305000 (i) on (i)","Bajpai, Sunil  Bajpai, S.   Bajpal, Sunil","103","31","Indian Institute of Technology Roorkee","Roorkee","India"
"","View last title","","","",""
"","","","","","",""
"110 7102245914 (i) on (i)","Chand, Shri  Chand, Sri   Chand, S.","103","38","Indian Institute of Technology Roorkee","Roorkee","India"
"","View last title","","","",""
"","","","","","",""
"111 36158412700 (i) on (i)","Mittal, Sparsh","103","28","Indian Institute of Technology Roorkee","Roorkee","India"
"","View last title","","","",""
"","","","","","",""
"112 35755335100 (i) on (i)","Chelliah, Thanga Raj  Raj, C. Thanga   Raj, Chelliah Thanga   Chelliah, T. R.","102","15","Indian Institute of Technology Roorkee","Roorkee","India"
"","View last title","","","",""
"","","","","","",""
"113 55664368900 (i) on (i)","Mall, Indra Deo  Mall, Indra D.   Mall, I. D.","102","46","Indian Institute of Technology Roorkee","Roorkee","India"
"","View last title","","","",""
"","","","","","",""
"114 6602269066 (i) on (i)","Manhas, Sanjeev Kumar  Manhas, Sanjeev   Manhas, S. K.   Manhas, Sanjeev K.","102","13","Micron Technology Incorporated","Boise","United States"
"","View last title","","","",""
"","","","","","",""
"115 57000644800 (i) on (i)","Rawat, Karun  Rawat, K.","102","19","Indian Institute of Technology Roorkee","Roorkee","India"
"","View last title","","","",""
"","","","","","",""
"116 7403269008 (i) on (i)","Sharma, Mukat Lal  Sharma, M. L.   Sharma, Mukat L.","102","19","Indian Institute of Technology Roorkee","Roorkee","India"
"","View last title","","","",""
"","","","","","",""
"117 57208202387 (i) on (i)","Srivastava, Praveen Chandra  Srivastava, P. C.   Srivastava, Praveen   Srivastava, P.   Srivastavay, P. C.   Srivastava, Praveen C.","102","13","Indian Institute of Technology Roorkee","Roorkee","India"
"","View last title","","","",""
"","","","","","",""
"118 47161010300 (i) on (i)","Das, Arup Kumar  Kumar Das, Arup   Das, Arup K.   Das, A. K.","101","12","Indian Institute of Technology Roorkee","Roorkee","India"
"","View last title","","","",""
"","","","","","",""
"119 37961051100 (i) on (i)","Singh, Bhupinder N.  Singh, B. N.   Singh, Bhupinder   Singh, B.","100","18","Indian Institute of Technology Roorkee","Roorkee","India"
"","View last title","","","",""
"","","","","","",""
"120 57211010484 (i) on (i)","Mohanty, Bikash  Mohanty, B.","99","25","Indian Institute of Technology Roorkee","Roorkee","India"
"","View last title","","","",""
"","","","","","",""
"121 7005916941 (i) on (i)","Prakash, Ujjwal  Prakash, U.","99","20","Indian Institute of Technology Roorkee","Roorkee","India"
"","View last title","","","",""
"","","","","","",""
"122 7403594679 (i) on (i)","Singh, D. V.  Singh, D.   SINGH, D. V.","99","14","Indian Institute of Technology Roorkee","Roorkee","India"
"","View last title","","","",""
"","","","","","",""
"123 16205441100 (i) on (i)","Tripathy, Manoj  Tripathy, M.","99","14","Indian Institute of Technology Roorkee","Roorkee","India"
"","View last title","","","",""
"","","","","","",""
"124 35556429100 (i) on (i)","Kothyari, Umesch Chandra  Kothyari, Umesh Chandra   KOTHYARI, U. C.   Kothyari, U. C.   Kothyari, Umesch C.   Kothyari, Umesh C.","98","28","Indian Institute of Technology Roorkee","Roorkee","India"
"","View last title","","","",""
"","","","","","",""
"125 57211727299 (i) on (i)","Chandra, Ramesh  Chandra, R.","97","23","Indian Institute of Technology Roorkee","Roorkee","India"
"","View last title","","","",""
"","","","","","",""
"126 57217640359 (i) on (i)","Garde, Ramachandra J.  Garde, R.   Garde, R. J.   Garde, Ramchandra J.   GARDE, R. J.   Garde, Ram Chandra J.","97","17","Indian Institute of Technology Roorkee","Roorkee","India"
"","View last title","","","",""
"","","","","","",""
"127 56249287900 (i) on (i)","Maji, Pradip K.  Maji, Pradip Kumar   Maji, P. K.   Maji, Pradip K.","97","21","Indian Institute of Technology Roorkee","Roorkee","India"
"","View last title","","","",""
"","","","","","",""
"128 7102759700 (i) on (i)","Nath, Sumeer Kumar  Nath, Sameer Kumar   Nath, Sumeer K.   Nath, S. K.   Nath, Sameer K.","97","22","Indian Institute of Technology Roorkee","Roorkee","India"
"","View last title","","","",""
"","","","","","",""
"129 7103025354 (i) on (i)","Pandey, Dwijendra N.  Narain Pandey, Dwijendra   Pandey, Dwijendra Narain   PANDEY, Dwijendra   Pandey, D. N.   Pandey, Dwijendra N.","96","16","Indian Institute of Technology Roorkee","Roorkee","India"
"","View last title","","","",""
"","","","","","",""
"130 57214359120 (i) on (i)","Sharma, Umesh Kumar  Sharma, U. K.   Sharma, Umesh   Sharma, Umesh Kr   Sharma, U.   Sharma, Umesh K.","95","16","Indian Institute of Technology Roorkee","Roorkee","India"
"","View last title","","","",""
"","","","","","",""
"131 57202563023 (i) on (i)","Srivastava, P.  Srivastava, P.   Srivastava, Pradeep","95","32","Wadia Institute of Himalayan Geology","Dehradun","India"
"","View last title","","","",""
"","","","","","",""
"132 57198261272 (i) on (i)","Gupta, Kailash C.  Gupta, Kailash C.   Gupta, Kailash Chandra   Gupta, K. C.","94","31","Kyungpook National University","Daegu","South Korea"
"","View last title","","","",""
"","","","","","",""
"133 57215681718 (i) on (i)","Kumar, Vishal Venkatesh  Kumar, V. Venkatesh   Kumar, Vishal   Kumar, V.","94","15","Indian Institute of Technology Roorkee","Roorkee","India"
"","View last title","","","",""
"","","","","","",""
"134 16068034900 (i) on (i)","Arumugam, Paramasivan  Arumugam, P.","93","17","Indian Institute of Technology Roorkee","Roorkee","India"
"","View last title","","","",""
"","","","","","",""
"135 55851948174 (i) on (i)","Pandey, Ashish  Pandey, A.","92","27","Indian Institute of Technology Roorkee","Roorkee","India"
"","View last title","","","",""
"","","","","","",""
"136 6602375630 (i) on (i)","Peddinti, Rama Krishna  Peddinti, Ramakrishna   Peddinli, Rama Krishna   Peddinti, R. K.","92","22","Indian Institute of Technology Roorkee","Roorkee","India"
"","View last title","","","",""
"","","","","","",""
"137 6701682538 (i) on (i)","Sarje, Anil K.  Sarje, A. K.   Sarje, Anil","92","15","Indian Institute of Technology Roorkee","Roorkee","India"
"","View last title","","","",""
"","","","","","",""
"138 36610769900 (i) on (i)","Satapathi, Soumitra  Satapathi, S.","92","18","Indian Institute of Technology Roorkee","Roorkee","India"
"","View last title","","","",""
"","","","","","",""
"139 7403739121 (i) on (i)","Sinha, Shishir N.  Shishir, Sinha   Sinha, S. N.   Sinha, S.   Sinha, Shishir","92","18","Indian Institute of Technology Roorkee","Roorkee","India"
"","View last title","","","",""
"","","","","","",""
"140 7006792492 (i) on (i)","Sinhasan, Roshan Pal R.  Sinhasan, R.   SINHASAN, R.","92","14","Indian Institute of Technology Roorkee","Roorkee","India"
"","View last title","","","",""
"","","","","","",""
"141 25637008500 (i) on (i)","Agarwal, Vijayfch Kumar  Agarwal, Vijay K.   Agarwal, V.   Agarwal, Vijay Kumar   Agarwal, V. K.   Agarwal, Vijayfch K.   Agarwal, Vijay","91","17","Indian Institute of Technology Roorkee","Roorkee","India"
"","View last title","","","",""
"","","","","","",""
"142 14060295600 (i) on (i)","Khare, Deepak  Khare, D.","91","26","Indian Institute of Technology Roorkee","Roorkee","India"
"","View last title","","","",""
"","","","","","",""
"143 35607818000 (i) on (i)","Sawant, Vishwas Abhimanyu  Sawant, Vishwas    Sawant, Vishwas A.   Sawant, V. A.","91","11","Indian Institute of Technology Roorkee","Roorkee","India"
"","View last title","","","",""
"","","","","","",""
"144 57209499374 (i) on (i)","Agrawal, Rajat  Agrawal, R.   Agarawal, Rajat   Aggarwal, Rajat   Agarwal, Rajat","90","16","Indian Institute of Technology Roorkee","Roorkee","India"
"","View last title","","","",""
"","","","","","",""
"145 7403001849 (i) on (i)","Chattopadhyay, Sujay  Chattopadhyay, S.","90","19","Indian Institute of Technology Roorkee","Roorkee","India"
"","View last title","","","",""
"","","","","","",""
"146 17345827700 (i) on (i)","Dvivedi, Akshay  Dvivedi, A.   Akshay, Dvivedi","90","24","Indian Institute of Technology Roorkee","Roorkee","India"
"","View last title","","","",""
"","","","","","",""
"147 23668772300 (i) on (i)","Parashar, Avinash","90","23","Indian Institute of Technology Roorkee","Roorkee","India"
"","View last title","","","",""
"","","","","","",""
"148 6701530390 (i) on (i)","Sankar, Muniappan  Sankar, M.","90","18","Indian Institute of Technology Roorkee","Roorkee","India"
"","View last title","","","",""
"","","","","","",""
"149 57193911532 (i) on (i)","Srivastava, Suresh K.  Srivastava, S. K.","90","22","Indian Institute of Technology Roorkee","Roorkee","India"
"","View last title","","","",""
"","","","","","",""
"150 7202352469 (i) on (i)","Gupta, Chandra Prakash  Gupta, C. P.   Gupta, Chandra P.","89","21","Indian Institute of Technology Roorkee","Roorkee","India"
"","View last title","","","",""
"","","","","","",""
"151 56658294100 (i) on (i)","Jain, Kamal  Kamal Jain, K.   Jain","89","11","Indian Institute of Technology Roorkee","Roorkee","India"
"","View last title","","","",""
"","","","","","",""
"152 36101951700 (i) on (i)","Singh, Yogendra C.  Singh, Yogendra   Singh, Y. C.   Singh, Y.","89","18","Indian Institute of Technology Roorkee","Roorkee","India"
"","View last title","","","",""
"","","","","","",""
"153 8548369300 (i) on (i)","Dhiman, Amit Kumar  Dhiman, A. K.   Dhiman, Amit   Dhiman, Amit K.","88","22","Indian Institute of Technology Roorkee","Roorkee","India"
"","View last title","","","",""
"","","","","","",""
"154 6603871115 (i) on (i)","Chaudhari, G. P.  Chaudhari, G. P.   CHAUDHARI, G. P.   Chaudhari, Gajanan P.   Chaudhari, Gajanan Prabhakar   Chaudhari, Gajanan","87","23","Indian Institute of Technology Roorkee","Roorkee","India"
"","View last title","","","",""
"","","","","","",""
"155 7003754102 (i) on (i)","Sil, Anjan  Sil, A.","87","15","Indian Institute of Technology Roorkee","Roorkee","India"
"","View last title","","","",""
"","","","","","",""
"156 7402544288 (i) on (i)","Singh, Uaday  Singh, U. P.   Singh, U.","86","12","Indian Institute of Technology Roorkee","Roorkee","India"
"","View last title","","","",""
"","","","","","",""
"157 6602189155 (i) on (i)","Gakkhar, Sunita  Gakkhar, S.","85","22","Indian Institute of Technology Roorkee","Roorkee","India"
"","View last title","","","",""
"","","","","","",""
"158 57190174828 (i) on (i)","Garg, Pradeep Kumar  Garg, Pradeep K.   Garg, P. K.   Garg, Pradeep   Garg, P. k.","85","17","Indian Institute of Technology Roorkee","Roorkee","India"
"","View last title","","","",""
"","","","","","",""
"159 55478984700 (i) on (i)","Ghosh, Sanjay Kumar  Ghosh, S. K.   Ghosh, Sanjay   Ghosha, K.   Ghosh, S.     Ghosh, Sanjay K.","85","15","Indian Institute of Technology Roorkee","Roorkee","India"
"","View last title","","","",""
"","","","","","",""
"160 6603602593 (i) on (i)","Jeevanandam, Pethaiyan  Pethaiyan, Jeevanandam   Jeevanandam, P.","85","28","Indian Institute of Technology Roorkee","Roorkee","India"
"","View last title","","","",""
"","","","","","",""
"161 22836231600 (i) on (i)","Saxena, Ashok K.  Saxena, Ashok   Saxena, A. K.","85","16","Indian Institute of Technology Roorkee","Roorkee","India"
"","View last title","","","",""
"","","","","","",""
"162 57221072360 (i) on (i)","Sharma, Subhash Chander  SHARMA, S. C.   Sharma, Subhash C.   Sharma, S. C.","85","17","Indian Institute of Technology Roorkee","Roorkee","India"
"","View last title","","","",""
"","","","","","",""
"163 36793883100 (i) on (i)","Majumder, Chandrajeetbalo  Majumder, Chandrajitbalo   Majumder, Chandrajit Balo   Majumder, Chandrajeet B.   Majumder, C. B.   Majumder, Chandrajit B.","84","22","Indian Institute of Technology Roorkee","Roorkee","India"
"","View last title","","","",""
"","","","","","",""
"164 7006460159 (i) on (i)","Saraf, Arun Kumar  Saraf, A.   Saraf, Arun   Saraf, Arun K.   Saraf, A. K.   Saraf, Arun kumar","84","27","Indian Institute of Technology Roorkee","Roorkee","India"
"","View last title","","","",""
"","","","","","",""
"165 35787752000 (i) on (i)","Saxena, Suresh Chandra  Saxena, Suresh C.   SAXENA, S. C.   Saxena, S. C.","84","21","Indian Institute of Technology Roorkee","Roorkee","India"
"","View last title","","","",""
"","","","","","",""
"166 7403286062 (i) on (i)","Das, Biswarup  Das, B.","83","27","Indian Institute of Technology Roorkee","Roorkee","India"
"","View last title","","","",""
"","","","","","",""
"167 57226074689 (i) on (i)","Kumar, Anil  Kumar, A.","83","22","Indian Institute of Technology Roorkee","Roorkee","India"
"","View last title","","","",""
"","","","","","",""
"168 55930648500 (i) on (i)","Mohanty, Paritosh  Mohanty, Parltosh          Mohanty, P.","83","26","Indian Institute of Technology Roorkee","Roorkee","India"
"","View last title","","","",""
"","","","","","",""
"169 37057883200 (i) on (i)","Pathak, M. K.  Pathak, Mukesh K.   Pathak, Mukesh Kumar   Pathak, M. K.   Kumar, M.   Kumar, Mukesh   Pathak, Mukesh   PATHAK, M. K.   Pathak, Mukesh kumar","83","13","Indian Institute of Technology Roorkee","Roorkee","India"
"","View last title","","","",""
"","","","","","",""
"170 56595314900 (i) on (i)","Manik, Gaurav  Manik, G.","82","20","Indian Institute of Technology Roorkee","Roorkee","India"
"","View last title","","","",""
"","","","","","",""
"171 7401846814 (i) on (i)","Ahmed, Naseem  Ahmed, N.   Naseem, Ahmed","81","22","Indian Institute of Technology Roorkee","Roorkee","India"
"","View last title","","","",""
"","","","","","",""
"172 6602727475 (i) on (i)","Kansal, Mitthan Lal  Lal Kansal, Mitthan   Kansal, Mitthan L.   Kansal, M. L.","81","12","Indian Institute of Technology Roorkee","Roorkee","India"
"","View last title","","","",""
"","","","","","",""
"173 55065467100 (i) on (i)","Murugesan, Krishnan  Krishnan, Murugesan   Murugesan, K.","81","26","Indian Institute of Technology Roorkee","Roorkee","India"
"","View last title","","","",""
"","","","","","",""
"174 7005839948 (i) on (i)","Pillai, Gopinatha Nath  Pillai, Gopinatha   Pillai, G. N.   Pillai, Gopinath   Pilla, G. N.   Pillai, Gopi Nath","81","20","Indian Institute of Technology Roorkee","Roorkee","India"
"","View last title","","","",""
"","","","","","",""
"175 57209787039 (i) on (i)","Mitra, Anirban  Mitra, A.","80","16","Indian Institute of Technology Roorkee","Roorkee","India"
"","View last title","","","",""
"","","","","","",""
"176 26533390100 (i) on (i)","Upadhyay, Sanjay H.  Upadhyay, S. H.   Upadhyay, Sanjay H.","80","18","Indian Institute of Technology Roorkee","Roorkee","India"
"","View last title","","","",""
"","","","","","",""
"177 7103339554 (i) on (i)","Kapoor, Madan Lal  Kapoor, Madan   Kapoor, M. L.   Kapoor, Madan L.   Kapoor, Madan lal","79","10","Indian Institute of Technology Roorkee","Roorkee","India"
"","View last title","","","",""
"","","","","","",""
"178 15056792300 (i) on (i)","Nath, Rabinder  Nath, R.","79","19","Indian Institute of Technology Roorkee","Roorkee","India"
"","View last title","","","",""
"","","","","","",""
"179 15838004000 (i) on (i)","Prasad, Basheshwar Rajendra  Prasad, Basheswar   Prasad, Bashefch   Prasad, Basheshwer   Prasad, Bashweshar   Prasad, Basheshar   Prasad, Basheshwar      Prasad, B.   Prasad, B. Rajendra","79","30","Indian Institute of Technology Roorkee","Roorkee","India"
"","View last title","","","",""
"","","","","","",""
"180 7004250718 (i) on (i)","Lahiri, Indranil  Lahiri, I.","78","21","Indian Institute of Technology Roorkee","Roorkee","India"
"","View last title","","","",""
"","","","","","",""
"181 57217153074 (i) on (i)","Singh, Ajay Kumar  Singh, Ajay   Singh, Ajay K.   Singh, A. K.","78","14","Indian Institute of Technology Roorkee","Roorkee","India"
"","View last title","","","",""
"","","","","","",""
"182 7103127999 (i) on (i)","Balasubramanian, Raman  Balasubramanian, R.","77","17","Indian Institute of Technology Roorkee","Roorkee","India"
"","View last title","","","",""
"","","","","","",""
"183 36060992900 (i) on (i)","Jena, Premalata  Jena, P. Jena Premalata   Jena, Premlata   Jena, P.","77","12","Indian Institute of Technology Roorkee","Roorkee","India"
"","View last title","","","",""
"","","","","","",""
"184 7103223006 (i) on (i)","Mathur, K. C.","77","10","Indian Institute of Technology Roorkee","Roorkee","India"
"","View last title","","","",""
"","","","","","",""
"185 35424395500 (i) on (i)","Rangnekar, Santosh N.  Rangnekar, S.   Rangnekar, Santosh","76","15","Indian Institute of Technology Roorkee","Roorkee","India"
"","View last title","","","",""
"","","","","","",""
"186 57214397766 (i) on (i)","Roy, Sourajeet","76","11","Indian Institute of Technology Roorkee","Roorkee","India"
"","View last title","","","",""
"","","","","","",""
"187 57218845099 (i) on (i)","Kumar, Pradeep  Kumar, P.","75","23","Indian Institute of Technology Roorkee","Roorkee","India"
"","View last title","","","",""
"","","","","","",""
"188 57209022284 (i) on (i)","Yadav, Shiv Prasad  Yadav, S. P.","75","19","Indian Institute of Technology Roorkee","Roorkee","India"
"","View last title","","","",""
"","","","","","",""
"189 35350837800 (i) on (i)","Mishra, Govinda Chandra  Mishra, Govind C.   Mishra, Govinda   Mishra, G. C.   Mishra, Govinda C.   MISHRA, G. C.","74","15","Indian Institute of Technology Roorkee","Roorkee","India"
"","View last title","","","",""
"","","","","","",""
"190 47161194700 (i) on (i)","Dutta, Raj Kumar  Dutta, R. K.   Dutta, Raj K.","73","24","Indian Institute of Technology Roorkee","Roorkee","India"
"","View last title","","","",""
"","","","","","",""
"191 6603690424 (i) on (i)","Katiyar, Vinod Kumar  Katiyar, V. S.   Katiyar, V. K.","73","16","Indian Institute of Technology Roorkee","Roorkee","India"
"","View last title","","","",""
"","","","","","",""
"192 6602903861 (i) on (i)","Nautiyal, Tashi  Nautiyal, T.","73","17","Indian Institute of Technology Roorkee","Roorkee","India"
"","View last title","","","",""
"","","","","","",""
"193 8417628700 (i) on (i)","Arora, Rajan  Arora, R.","72","11","Indian Institute of Technology Roorkee","Roorkee","India"
"","View last title","","","",""
"","","","","","",""
"194 6701873646 (i) on (i)","Chakrapani, Govind Joseph  Chakrapani, G. J.   Chakrapani, Govind J.   Chakrapani, Govind   CHAKRAPANI, G. J.","72","28","Indian Institute of Technology Roorkee","Roorkee","India"
"","View last title","","","",""
"","","","","","",""
"195 57225893396 (i) on (i)","Gupta, Ravi Prakash  Gupta, R. P.   Gupta, Ravi P.","72","31","Indian Institute of Technology Roorkee","Roorkee","India"
"","View last title","","","",""
"","","","","","",""
"196 7202951616 (i) on (i)","Lal, Roshan  Lal, R.","72","18","Indian Institute of Technology Roorkee","Roorkee","India"
"","View last title","","","",""
"","","","","","",""
"197 57203506001 (i) on (i)","Tomar, Shailly  Tomar, S.","72","19","Indian Institute of Technology Roorkee","Roorkee","India"
"","View last title","","","",""
"","","","","","",""
"198 7103234434 (i) on (i)","Chandra, Kailash  Chandra, K.","71","18","Indian Institute of Technology Roorkee","Roorkee","India"
"","View last title","","","",""
"","","","","","",""
"199 36246292500 (i) on (i)","Jha, Pradeep Kumar  Jha, Pradeep K.   Jha, Pradeep kumar   Jha, P. K.","71","16","Indian Institute of Technology Roorkee","Roorkee","India"
"","View last title","","","",""
"","","","","","",""
"200 36620477600 (i) on (i)","Mulik, Rahul S.  Mulik, R. S.","71","19","Indian Institute of Technology Roorkee","Roorkee","India"
"","View last title","","","",""
"","","","","","",""