"Result Number","Author","Documents","h-index          Author metrics Scopus is adding an array of metrics for researchers. As an initial step, the h-index has been added.  The h-graph is one way of displaying and comparing the productivity and impact of published work of scholars. It should only be used together with a mix of quantitative and qualitative metrics.  More metrics will be added in the course of the year.","Affiliation","City","Country/Territory"
"601 42261869600 (i) on (i)","Khanna, Swati  Khanna, S.","14","12","Indian Institute of Technology Guwahati","Guwahati","India"
"","View last title","","","",""
"","","","","","",""
"602 55446541600 (i) on (i)","Krishna, K. V.  Krishna, K. V.   Krishna, Kanduru V.","14","4","Indian Institute of Technology Guwahati","Guwahati","India"
"","View last title","","","",""
"","","","","","",""
"603 57202396207 (i) on (i)","Kumar, Ramesh  Kumar, R.","14","3","Indian Institute of Technology Guwahati","Guwahati","India"
"","View last title","","","",""
"","","","","","",""
"604 55788371500 (i) on (i)","Kushwaha, Brijesh Kumar  Kushwaha, Brijesh K.","14","5","Indian Institute of Technology Guwahati","Guwahati","India"
"","View last title","","","",""
"","","","","","",""
"605 55240534100 (i) on (i)","Mahanta, Shakuntala  Mahanta, S.   Mahanta, Sushmita","14","3","Indian Institute of Technology Guwahati","Guwahati","India"
"","View last title","","","",""
"","","","","","",""
"606 57205063863 (i) on (i)","Maity, Surjendu","14","5","Indian Institute of Technology Guwahati","Guwahati","India"
"","View last title","","","",""
"","","","","","",""
"607 8158371100 (i) on (i)","Mohanta, Manoj Kumar  Mohanta, M. K.   Mohanta, Manoj K.   Mohanta, M.","14","6","Indian Institute of Technology Guwahati","Guwahati","India"
"","View last title","","","",""
"","","","","","",""
"608 56425557500 (i) on (i)","Mondal, Buddhadeb  Mondal, Buddahdeb","14","8","Indian Institute of Technology Guwahati","Guwahati","India"
"","View last title","","","",""
"","","","","","",""
"609 57213819957 (i) on (i)","Mondal, Somen","14","6","Indian Institute of Technology Guwahati","Guwahati","India"
"","View last title","","","",""
"","","","","","",""
"610 56730098100 (i) on (i)","Mustafa, Samim  Mustafa, S.","14","4","Indian Institute of Technology Guwahati","Guwahati","India"
"","View last title","","","",""
"","","","","","",""
"611 55479614400 (i) on (i)","Pal, Chandan","14","4","Indian Institute of Technology Guwahati","Guwahati","India"
"","View last title","","","",""
"","","","","","",""
"612 57193836774 (i) on (i)","Parbat, Dibyangana  Parbat, DIbyangana","14","8","Indian Institute of Technology Guwahati","Guwahati","India"
"","View last title","","","",""
"","","","","","",""
"613 57190383517 (i) on (i)","Poria, Anirudha","14","3","Indian Institute of Technology Guwahati","Guwahati","India"
"","View last title","","","",""
"","","","","","",""
"614 57200812485 (i) on (i)","Pradhan, Balaram","14","12","Indian Institute of Technology Guwahati","Guwahati","India"
"","View last title","","","",""
"","","","","","",""
"615 6602848705 (i) on (i)","Sajith, Gopalan  Sajith, G.   Gopalan, Sajith","14","2","Indian Institute of Technology Guwahati","Guwahati","India"
"","View last title","","","",""
"","","","","","",""
"616 57202074886 (i) on (i)","Sarkar, Tanumay  Sarkar, Tanumoy","14","7","Indian Institute of Technology Guwahati","Guwahati","India"
"","View last title","","","",""
"","","","","","",""
"617 57193823496 (i) on (i)","Sathe, Sandip S.  Sathe, Sandip S.   Sathe, S. S.  					    Sathe, Sandip Sampatrao   Sathe, S.","14","6","Indian Institute of Technology Guwahati","Guwahati","India"
"","View last title","","","",""
"","","","","","",""
"618 57190659833 (i) on (i)","Shah, Manisha","14","8","Indian Institute of Technology Guwahati","Guwahati","India"
"","View last title","","","",""
"","","","","","",""
"619 57210213295 (i) on (i)","Sharma, Manmohan","14","3","Indian Institute of Technology Guwahati","Guwahati","India"
"","View last title","","","",""
"","","","","","",""
"620 56393165800 (i) on (i)","Srivastava, Rajesh Kumar  Srivastava, Rajesh K.   Srivastava, R. K.","14","4","Indian Institute of Technology Guwahati","Guwahati","India"
"","View last title","","","",""
"","","","","","",""
"621 56585319500 (i) on (i)","Upendra Reddy, Ch  Reddy, C.   Reddy, C. Upendra   Upendra Reddy, C.","14","4","Indian Institute of Technology Guwahati","Guwahati","India"
"","View last title","","","",""
"","","","","","",""
"622 57199779616 (i) on (i)","Verma, Abhishek  Verma, A.","14","5","Indian Institute of Technology Guwahati","Guwahati","India"
"","View last title","","","",""
"","","","","","",""
"623 56921968400 (i) on (i)","Yamsani, Sudheer Kumar  Yamsani, S. K.   Yamsani, Sudheer K.","14","6","Indian Institute of Technology Guwahati","Guwahati","India"
"","View last title","","","",""
"","","","","","",""
"624 57199298112 (i) on (i)","Alam, Md Sarfaraz  Alam, M. S.   Sarfaraz Alam, Md   Alam, Sarfaraz","13","5","Indian Institute of Technology Guwahati","Guwahati","India"
"","View last title","","","",""
"","","","","","",""
"625 57193342765 (i) on (i)","Alam, Tipu","13","7","Indian Institute of Technology Guwahati","Guwahati","India"
"","View last title","","","",""
"","","","","","",""
"626 57201201248 (i) on (i)","Bandyopadhyay, Ashutosh","13","6","Indian Institute of Technology Guwahati","Guwahati","India"
"","View last title","","","",""
"","","","","","",""
"627 56071565700 (i) on (i)","Baruah, Upama","13","9","Indian Institute of Technology Guwahati","Guwahati","India"
"","View last title","","","",""
"","","","","","",""
"628 57189684637 (i) on (i)","Bharadwaj, Mrinmoy  Bharadwaj, M.","13","4","Indian Institute of Technology Guwahati","Guwahati","India"
"","View last title","","","",""
"","","","","","",""
"629 57202603374 (i) on (i)","Bhargava, Nishant","13","5","Indian Institute of Technology Guwahati","Guwahati","India"
"","View last title","","","",""
"","","","","","",""
"630 56814964900 (i) on (i)","Chandravanshi, Monika","13","5","Indian Institute of Technology Guwahati","Guwahati","India"
"","View last title","","","",""
"","","","","","",""
"631 57216977435 (i) on (i)","Chellappa, Vigneshkumar  Vigneshkumar, C.","13","3","Indian Institute of Technology Guwahati","Guwahati","India"
"","View last title","","","",""
"","","","","","",""
"632 55446639100 (i) on (i)","Chouksey, Ramanuj  Chouksey, R.","13","4","Indian Institute of Technology Guwahati","Guwahati","India"
"","View last title","","","",""
"","","","","","",""
"633 55396890200 (i) on (i)","Dar, Ajaz Ahmad  Dar, Ajaz Ahmed   Dar, Ajaz A.   Dar, A. A.","13","8","Indian Institute of Technology Guwahati","Guwahati","India"
"","View last title","","","",""
"","","","","","",""
"634 57190376515 (i) on (i)","Das, Vineeta","13","6","Indian Institute of Technology Guwahati","Guwahati","India"
"","View last title","","","",""
"","","","","","",""
"635 26421565500 (i) on (i)","Deka, Deepmoni","13","7","Indian Institute of Technology Guwahati","Guwahati","India"
"","View last title","","","",""
"","","","","","",""
"636 57189525340 (i) on (i)","Deka, Suman Jyoti  Deka, Sunayan   Deka, Suman J.   Deka, S. J.   Deka, S.","13","9","Indian Institute of Technology Guwahati","Guwahati","India"
"","View last title","","","",""
"","","","","","",""
"637 56676243300 (i) on (i)","Dhriti, Khandal M.  Dhriti, K. M.   Dhriti, Khandal","13","3","Indian Institute of Technology Guwahati","Guwahati","India"
"","View last title","","","",""
"","","","","","",""
"638 56395025300 (i) on (i)","Gaur, Surendra Singh  Gaur, S.","13","6","Indian Institute of Technology Guwahati","Guwahati","India"
"","View last title","","","",""
"","","","","","",""
"639 57189384740 (i) on (i)","Gaurav, Kumar","13","5","Indian Institute of Technology Guwahati","Guwahati","India"
"","View last title","","","",""
"","","","","","",""
"640 57195230623 (i) on (i)","Ghosh, Joydip","13","9","Indian Institute of Technology Guwahati","Guwahati","India"
"","View last title","","","",""
"","","","","","",""
"641 57225883008 (i) on (i)","Ghosh, Subhrajyoti","13","4","Indian Institute of Technology Guwahati","Guwahati","India"
"","View last title","","","",""
"","","","","","",""
"642 57203576087 (i) on (i)","Ghosh, Suvankar","13","5","Indian Institute of Technology Guwahati","Guwahati","India"
"","View last title","","","",""
"","","","","","",""
"643 54415657800 (i) on (i)","Gogoi, Madhulekha  Gogoi, Monika   Gogoi, M.","13","4","CSIR-NEIST","Jorbat","India"
"","View last title","","","",""
"","","","","","",""
"644 57209615371 (i) on (i)","Gupta, Pragya  Gupta, P.","13","6","Indian Institute of Technology Guwahati","Guwahati","India"
"","View last title","","","",""
"","","","","","",""
"645 57103065800 (i) on (i)","Kashyap, Naveen  Kashyap, N.","13","3","Indian Institute of Technology Guwahati","Guwahati","India"
"","View last title","","","",""
"","","","","","",""
"646 57200520532 (i) on (i)","Kaushik, Lav Kumar 					       Kaushik, Lav K.   Kaushik, L. K.","13","3","Indian Institute of Technology Guwahati","Guwahati","India"
"","View last title","","","",""
"","","","","","",""
"647 35107305700 (i) on (i)","Khanikar, Prasenjit","13","5","Indian Institute of Technology Guwahati","Guwahati","India"
"","View last title","","","",""
"","","","","","",""
"648 56943375500 (i) on (i)","Khwairakpam, Amrita Devi","13","8","Indian Institute of Technology Guwahati","Guwahati","India"
"","View last title","","","",""
"","","","","","",""
"649 57214808558 (i) on (i)","Kumar, Abhinav","13","4","Indian Institute of Technology Guwahati","Guwahati","India"
"","View last title","","","",""
"","","","","","",""
"650 57195952655 (i) on (i)","Kumar, Vishnu","13","7","Indian Institute of Technology Guwahati","Guwahati","India"
"","View last title","","","",""
"","","","","","",""
"651 56234955500 (i) on (i)","Lal, Mohan","13","9","Indian Institute of Technology Guwahati","Guwahati","India"
"","View last title","","","",""
"","","","","","",""
"652 57140611500 (i) on (i)","Lalhminghlui, Wendy","13","4","Indian Institute of Technology Guwahati","Guwahati","India"
"","View last title","","","",""
"","","","","","",""
"653 57202116085 (i) on (i)","Madhusudan, Phalgun  Phalgun, M. V.V.   Phalgun, Madhusudan","13","3","Indian Institute of Technology Guwahati","Guwahati","India"
"","View last title","","","",""
"","","","","","",""
"654 56211490600 (i) on (i)","Mahapatro, Abinash  Mahapatro, A.","13","4","Indian Institute of Technology Guwahati","Guwahati","India"
"","View last title","","","",""
"","","","","","",""
"655 57192819607 (i) on (i)","Maharana, Debasis","13","4","Indian Institute of Technology Guwahati","Guwahati","India"
"","View last title","","","",""
"","","","","","",""
"656 57194412225 (i) on (i)","Mankodi, Tapan K.  Mankodi, T. K.   Mankodi, Tapan K.","13","6","Indian Institute of Technology Guwahati","Guwahati","India"
"","View last title","","","",""
"","","","","","",""
"657 57190976446 (i) on (i)","Mohan, Naresh  Mohan, N.   Naresh, Mohan","13","7","Indian Institute of Technology Guwahati","Guwahati","India"
"","View last title","","","",""
"","","","","","",""
"658 57210679769 (i) on (i)","Mukherjee, Gourab","13","9","Indian Institute of Technology Guwahati","Guwahati","India"
"","View last title","","","",""
"","","","","","",""
"659 57189044423 (i) on (i)","Naik, Papu Kumar  Kumar Naik, Papu","13","8","Indian Institute of Technology Guwahati","Guwahati","India"
"","View last title","","","",""
"","","","","","",""
"660 55668154600 (i) on (i)","Nande, Amol V.  Nande, Amol   Nande, A. V.","13","4","Indian Institute of Technology Guwahati","Guwahati","India"
"","View last title","","","",""
"","","","","","",""
"661 57224912476 (i) on (i)","Nath, Jayashree  Nath, J.","13","10","Indian Institute of Technology Guwahati","Guwahati","India"
"","View last title","","","",""
"","","","","","",""
"662 16195246600 (i) on (i)","Pandey, Saurabh  Pandey, S.","13","5","Indian Institute of Technology Guwahati","Guwahati","India"
"","View last title","","","",""
"","","","","","",""
"663 57191224657 (i) on (i)","Paul, Debojit","13","5","Indian Institute of Technology Guwahati","Guwahati","India"
"","View last title","","","",""
"","","","","","",""
"664 56723472800 (i) on (i)","Rai, Shekha","13","4","Indian Institute of Technology Guwahati","Guwahati","India"
"","View last title","","","",""
"","","","","","",""
"665 54785261600 (i) on (i)","Rajbongshi, Kamal Krishna  Rajbongshi, Kamal K.","13","10","Handique Girls' College","Guwahati","India"
"","View last title","","","",""
"","","","","","",""
"666 57191292055 (i) on (i)","Rani, Aruna  Rani, A.","13","6","Indian Institute of Technology Guwahati","Guwahati","India"
"","View last title","","","",""
"","","","","","",""
"667 57205585539 (i) on (i)","Ray, Saswati","13","5","Indian Institute of Technology Guwahati","Guwahati","India"
"","View last title","","","",""
"","","","","","",""
"668 55597984900 (i) on (i)","Saikia, Koushik  Saikia, K.","13","7","Indian Institute of Technology Guwahati","Guwahati","India"
"","View last title","","","",""
"","","","","","",""
"669 55810491700 (i) on (i)","Singh, Shuchi","13","10","Indian Institute of Technology Guwahati","Guwahati","India"
"","View last title","","","",""
"","","","","","",""
"670 55983109800 (i) on (i)","Subbarao, Nimmakayala V.V.","13","8","Indian Institute of Technology, Guwahati","Guwahati","India"
"","View last title","","","",""
"","","","","","",""
"671 57190682099 (i) on (i)","Suresh, Resmi","13","5","Indian Institute of Technology Guwahati","Guwahati","India"
"","View last title","","","",""
"","","","","","",""
"672 25724014500 (i) on (i)","Yadav, Viyyapu Shyam Kumar  Yadav, V. S.K.","13","9","Indian Institute of Technology Guwahati","Guwahati","India"
"","View last title","","","",""
"","","","","","",""
"673 57203720398 (i) on (i)","Agrawal, Vishal","12","3","Indian Institute of Technology Guwahati","Guwahati","India"
"","View last title","","","",""
"","","","","","",""
"674 57193648781 (i) on (i)","Baghel, Shikha","12","4","Indian Institute of Technology Guwahati","Guwahati","India"
"","View last title","","","",""
"","","","","","",""
"675 56379808900 (i) on (i)","Behera, Ahalya","12","10","Indian Institute of Technology Guwahati","Guwahati","India"
"","View last title","","","",""
"","","","","","",""
"676 55634318800 (i) on (i)","Bhanja, Tapobroto  Bhanja, T.","12","5","Indian Institute of Technology Guwahati","Guwahati","India"
"","View last title","","","",""
"","","","","","",""
"677 35263895900 (i) on (i)","Bhattacharjya, Bikash  Bikash Bhattacharjya, B.   Bhattacharjya","12","5","Indian Institute of Technology Guwahati","Guwahati","India"
"","View last title","","","",""
"","","","","","",""
"678 57222484245 (i) on (i)","Bhowmik, Tanmay","12","3","Indian Institute of Technology Guwahati","Guwahati","India"
"","View last title","","","",""
"","","","","","",""
"679 56493066000 (i) on (i)","Bhuyan, Tamanna","12","6","Indian Institute of Technology Guwahati","Guwahati","India"
"","View last title","","","",""
"","","","","","",""
"680 57204660677 (i) on (i)","Chattopadhyay, Jaitra","12","2","Indian Institute of Technology Guwahati","Guwahati","India"
"","View last title","","","",""
"","","","","","",""
"681 56638056800 (i) on (i)","Choudhury, Himakshi","12","5","Indian Institute of Technology Guwahati","Guwahati","India"
"","View last title","","","",""
"","","","","","",""
"682 57222715123 (i) on (i)","Daimary, Uzini Devi  Daimary, Uzini D.","12","4","Indian Institute of Technology Guwahati","Guwahati","India"
"","View last title","","","",""
"","","","","","",""
"683 56351590900 (i) on (i)","Dam, Binoyargha","12","7","Indian Institute of Technology Guwahati","Guwahati","India"
"","View last title","","","",""
"","","","","","",""
"684 57191836893 (i) on (i)","Das, Dudul  Das, D.","12","6","Indian Institute of Technology Guwahati","Guwahati","India"
"","View last title","","","",""
"","","","","","",""
"685 57201868245 (i) on (i)","Das, Pritam  Das, P.","12","4","Indian Institute of Technology Guwahati","Guwahati","India"
"","View last title","","","",""
"","","","","","",""
"686 57211638040 (i) on (i)","Das, Saurav","12","6","Indian Institute of Technology Guwahati","Guwahati","India"
"","View last title","","","",""
"","","","","","",""
"687 16241103000 (i) on (i)","Dashora, Ajay  Dashora, A.","12","4","Indian Institute of Technology Guwahati","Guwahati","India"
"","View last title","","","",""
"","","","","","",""
"688 57225376649 (i) on (i)","Deka, Bhargab  Deka, B.","12","5","Indian Institute of Technology Guwahati","Guwahati","India"
"","View last title","","","",""
"","","","","","",""
"689 57190761759 (i) on (i)","Desai, Siddesh","12","6","Indian Institute of Technology Guwahati","Guwahati","India"
"","View last title","","","",""
"","","","","","",""
"690 57213725589 (i) on (i)","Devi, Thokchom Bebina  Devi, T. B.","12","7","Indian Institute of Technology Guwahati","Guwahati","India"
"","View last title","","","",""
"","","","","","",""
"691 57158491000 (i) on (i)","Dutta, Arunima","12","5","Indian Institute of Technology Guwahati","Guwahati","India"
"","View last title","","","",""
"","","","","","",""
"692 56921413900 (i) on (i)","Ganguly, Ayon  Ganguly, A.","12","9","Indian Institute of Technology Guwahati","Guwahati","India"
"","View last title","","","",""
"","","","","","",""
"693 57193343404 (i) on (i)","Gogoi, Raj Kumar  Gogoi, Rajdikshit","12","6","Indian Institute of Technology Guwahati","Guwahati","India"
"","View last title","","","",""
"","","","","","",""
"694 57202095115 (i) on (i)","Grover, Rhythm","12","2","Indian Institute of Technology Guwahati","Guwahati","India"
"","View last title","","","",""
"","","","","","",""
"695 57204907878 (i) on (i)","Gupt, Chandra Bhanu  Gupt, C. B.   Gupt, Chandra B.","12","5","Indian Institute of Technology Guwahati","Guwahati","India"
"","View last title","","","",""
"","","","","","",""
"696 57200002941 (i) on (i)","Halder, Senjuti","12","6","Indian Institute of Technology Guwahati","Guwahati","India"
"","View last title","","","",""
"","","","","","",""
"697 57191620748 (i) on (i)","Kalita, Alakesh  Kalita, A.","12","3","Indian Institute of Technology Guwahati","Guwahati","India"
"","View last title","","","",""
"","","","","","",""
"698 57192105131 (i) on (i)","Kalita, Bhaben","12","4","Indian Institute of Technology Guwahati","Guwahati","India"
"","View last title","","","",""
"","","","","","",""
"699 57219124836 (i) on (i)","Kandasamy, Thirukumaran  Thirukumaran, Kandasamy","12","3","Indian Institute of Technology Guwahati","Guwahati","India"
"","View last title","","","",""
"","","","","","",""
"700 23980305100 (i) on (i)","Kartha, Suresh A.  Kartha, Suresh A.   Kartha, Suresh   Kartha, S. A.","12","3","Indian Institute of Technology Guwahati","Guwahati","India"
"","View last title","","","",""
"","","","","","",""
"701 57201153534 (i) on (i)","Kawale, Harshal D.  Kawale, Harshal D.   Kawale, Harshal","12","6","Indian Institute of Technology Guwahati","Guwahati","India"
"","View last title","","","",""
"","","","","","",""
"702 57190029417 (i) on (i)","Kumar, Jadi Praveen","12","9","Indian Institute of Technology Guwahati","Guwahati","India"
"","View last title","","","",""
"","","","","","",""
"703 55367411000 (i) on (i)","Kumar, Manoj","12","6","Indian Institute of Technology Guwahati","Guwahati","India"
"","View last title","","","",""
"","","","","","",""
"704 8976077000 (i) on (i)","Majumder, Gargi  Majumder, G.","12","3","Indian Institute of Technology Guwahati","Guwahati","India"
"","View last title","","","",""
"","","","","","",""
"705 57213819963 (i) on (i)","Mondal, Subrata","12","5","Indian Institute of Technology Guwahati","Guwahati","India"
"","View last title","","","",""
"","","","","","",""
"706 57194091975 (i) on (i)","Mulchandani, Neha","12","7","Indian Institute of Technology Guwahati","Guwahati","India"
"","View last title","","","",""
"","","","","","",""
"707 57209975386 (i) on (i)","Narzary, Rewrewa  Narzary, R.","12","5","Indian Institute of Technology Guwahati","Guwahati","India"
"","View last title","","","",""
"","","","","","",""
"708 57210691301 (i) on (i)","Nath, Jayanta Kumar  Nath, Jayanta K.   Nath, Jayanta","12","7","Indian Institute of Technology Guwahati","Guwahati","India"
"","View last title","","","",""
"","","","","","",""
"709 57216888975 (i) on (i)","Nayak, Gayatri","12","5","Indian Institute of Technology Guwahati","Guwahati","India"
"","View last title","","","",""
"","","","","","",""
"710 57164302800 (i) on (i)","Pal, Ayan","12","8","Indian Institute of Technology Guwahati","Guwahati","India"
"","View last title","","","",""
"","","","","","",""
"711 57202643210 (i) on (i)","Paul, Rabindranath","12","6","Indian Institute of Technology Guwahati","Guwahati","India"
"","View last title","","","",""
"","","","","","",""
"712 57199418106 (i) on (i)","Pradhan, Nirmalya","12","8","Indian Institute of Technology Guwahati","Guwahati","India"
"","View last title","","","",""
"","","","","","",""
"713 57201097020 (i) on (i)","Punia, Anita","12","4","Indian Institute of Technology Guwahati","Guwahati","India"
"","View last title","","","",""
"","","","","","",""
"714 16319481300 (i) on (i)","Qumar, Jawed","12","3","Indian Institute of Technology Guwahati","Guwahati","India"
"","View last title","","","",""
"","","","","","",""
"715 57191369036 (i) on (i)","Rampelli, Manojkumar  Rampelli, Manoj Kumar   Manojkumar, Rampelli","12","3","Indian Institute of Technology Guwahati","Guwahati","India"
"","View last title","","","",""
"","","","","","",""
"716 57216359949 (i) on (i)","Rana, Varsha","12","8","Indian Institute of Technology Guwahati","Guwahati","India"
"","View last title","","","",""
"","","","","","",""
"717 57206856845 (i) on (i)","Roy, Arghyadip","12","6","Indian Institute of Technology Guwahati","Guwahati","India"
"","View last title","","","",""
"","","","","","",""
"718 6701427225 (i) on (i)","Sarma, Upasana","12","4","Indian Institute of Technology Guwahati","Guwahati","India"
"","View last title","","","",""
"","","","","","",""
"719 57201662208 (i) on (i)","Shakya, Arvind Kumar  Shakya, A. K.","12","6","Indian Institute of Technology Guwahati","Guwahati","India"
"","View last title","","","",""
"","","","","","",""
"720 55791800000 (i) on (i)","Shankhwar, Nisha","12","7","Indian Institute of Technology Guwahati","Guwahati","India"
"","View last title","","","",""
"","","","","","",""
"721 57200163081 (i) on (i)","Singh, Om Prakash","12","3","Indian Institute of Technology Guwahati","Guwahati","India"
"","View last title","","","",""
"","","","","","",""
"722 57216534247 (i) on (i)","Singh, Pavitra  Singh, P. K.","12","4","Indian Institute of Technology Guwahati","Guwahati","India"
"","View last title","","","",""
"","","","","","",""
"723 57190025466 (i) on (i)","Singha, Nilotpal","12","10","Indian Institute of Technology Guwahati","Guwahati","India"
"","View last title","","","",""
"","","","","","",""
"724 55802681000 (i) on (i)","Singha, Siddhartha  Singha, Siddrtha","12","5","Indian Institute of Technology Guwahati","Guwahati","India"
"","View last title","","","",""
"","","","","","",""
"725 57205692396 (i) on (i)","Sodhi, Gurpreet Singh  Singh Sodhi, Gurpreet","12","6","Indian Institute of Technology Guwahati","Guwahati","India"
"","View last title","","","",""
"","","","","","",""
"726 57205387534 (i) on (i)","Srinivasan, G.  Srinivasan, G.   Srinivasan, Ganeshmurthy","12","5","Indian Institute of Technology Guwahati","Guwahati","India"
"","View last title","","","",""
"","","","","","",""
"727 45961380900 (i) on (i)","Sudarshan, Medhavi","12","9","Indian Institute of Technology Guwahati","Guwahati","India"
"","View last title","","","",""
"","","","","","",""
"728 57200047119 (i) on (i)","Sudro, Protima Nomo","12","3","Indian Institute of Technology Guwahati","Guwahati","India"
"","View last title","","","",""
"","","","","","",""
"729 7103241786 (i) on (i)","Suresh, Kelothu","12","8","Indian Institute of Technology Guwahati","Guwahati","India"
"","View last title","","","",""
"","","","","","",""
"730 57408123600 (i) on (i)","Tiwari, Shivam  Tiwari, S.","12","3","Indian Institute of Technology Guwahati","Guwahati","India"
"","View last title","","","",""
"","","","","","",""
"731 57214792028 (i) on (i)","Abbas, Mohamed","11","2","Al-Baath University","Homs","Syrian Arab Republic"
"","View last title","","","",""
"","","","","","",""
"732 9942167200 (i) on (i)","Aedudodla, Sandeep R.  Aedudodla, Sandeep","11","7","Indian Institute of Technology Guwahati","Guwahati","India"
"","View last title","","","",""
"","","","","","",""
"733 55957362800 (i) on (i)","Bag, Raghunath","11","9","Indian Institute of Technology Guwahati","Guwahati","India"
"","View last title","","","",""
"","","","","","",""
"734 57201072342 (i) on (i)","Banerjee, Sonbidya","11","10","Indian Institute of Technology Guwahati","Guwahati","India"
"","View last title","","","",""
"","","","","","",""
"735 55911077000 (i) on (i)","Barman, Prasenjit","11","9","Kaliyaganj College","Kaliyaganj, Uttar Dinajpur","India"
"","View last title","","","",""
"","","","","","",""
"736 57200644303 (i) on (i)","Barman, Subhajit","11","4","Indian Institute of Technology Guwahati","Guwahati","India"
"","View last title","","","",""
"","","","","","",""
"737 57870446500 (i) on (i)","Bhattacharjee, M.","11","8","Indian Institute of Technology Guwahati","Guwahati","India"
"","View last title","","","",""
"","","","","","",""
"738 57196011104 (i) on (i)","Bhowmick, Shimmila","11","2","Indian Institute of Technology Guwahati","Guwahati","India"
"","View last title","","","",""
"","","","","","",""
"739 57192078550 (i) on (i)","Chatterjee, Abhirup","11","4","Indian Institute of Technology Guwahati","Guwahati","India"
"","View last title","","","",""
"","","","","","",""
"740 57190741498 (i) on (i)","Chelli, Venkatanarasimha Rao  Rao, Ch Venkatanarasimha   Chelli, Venkatanarasimha R.","11","9","Indian Institute of Technology Guwahati","Guwahati","India"
"","View last title","","","",""
"","","","","","",""
"741 57222071061 (i) on (i)","Das, Hirakh Jyoti","11","4","Indian Institute of Technology Guwahati","Guwahati","India"
"","View last title","","","",""
"","","","","","",""
"742 57219160773 (i) on (i)","Das, Pranjal Pratim  Das, Pranjal P.   Das, P. P.","11","5","Indian Institute of Technology Guwahati","Guwahati","India"
"","View last title","","","",""
"","","","","","",""
"743 36350639300 (i) on (i)","Das, Rahul  Das, R.","11","7","Indian Institute of Technology Guwahati","Guwahati","India"
"","View last title","","","",""
"","","","","","",""
"744 55315595900 (i) on (i)","Datta, Barun Kumar  Datta, Barun K.umar   Datta, Barun K.","11","9","Indian Institute of Technology Guwahati","Guwahati","India"
"","View last title","","","",""
"","","","","","",""
"745 57208706092 (i) on (i)","Ghosh, Sayanti K.  Ghosh, S. K.   Ghosh, Sayanti   Ghosh, S.","11","5","Indian Institute of Technology Guwahati","Guwahati","India"
"","View last title","","","",""
"","","","","","",""
"746 57195367714 (i) on (i)","Ghosh, Vinit","11","4","Indian Institute of Technology Guwahati","Guwahati","India"
"","View last title","","","",""
"","","","","","",""
"747 57218315271 (i) on (i)","Gogoi, Pallabi  Gogoi, P.","11","8","North-Eastern Hill University","Shillong","India"
"","View last title","","","",""
"","","","","","",""
"748 57193732478 (i) on (i)","Gupta, Apeksha","11","4","Indian Institute of Technology Guwahati","Guwahati","India"
"","View last title","","","",""
"","","","","","",""
"749 56979324200 (i) on (i)","Harinarayan, N. H.  Harinarayan, N. H.   Harinarayan, Nelliparanbil Hareeshkumar   Harinarayan, Nh","11","5","Indian Institute of Technology Guwahati","Guwahati","India"
"","View last title","","","",""
"","","","","","",""
"750 57214922209 (i) on (i)","Hossain, Maimur","11","6","Indian Institute of Technology Guwahati","Guwahati","India"
"","View last title","","","",""
"","","","","","",""
"751 57194900790 (i) on (i)","Kalita, Naba Kumar  Kalita, N. K.","11","5","Indian Institute of Technology Guwahati","Guwahati","India"
"","View last title","","","",""
"","","","","","",""
"752 56023318800 (i) on (i)","Kalita, Sourav","11","7","Indian Institute of Technology Guwahati","Guwahati","India"
"","View last title","","","",""
"","","","","","",""
"753 6602494286 (i) on (i)","Karmakar, Tapan Kumar  Karmakar, Tapan K.   Karmakar, Tapan","11","7","Indian Institute of Technology Guwahati","Guwahati","India"
"","View last title","","","",""
"","","","","","",""
"754 56296890800 (i) on (i)","Karuppasamy, Karthik Selva Kumar  Selvakumar, K. Karthik   Karthik Selva Kumar, K.","11","3","Indian Institute of Technology Guwahati","Guwahati","India"
"","View last title","","","",""
"","","","","","",""
"755 57211752723 (i) on (i)","Khaire, Kaustubh Chandrakant  Khaire, Kaustubh C.   Chandrakant Khaire, Kaustubh","11","4","Indian Institute of Technology Guwahati","Guwahati","India"
"","View last title","","","",""
"","","","","","",""
"756 57190017020 (i) on (i)","Killi, Bala Prakasa Rao  Killi, Balaprakasa Rao","11","8","Indian Institute of Technology Guwahati","Guwahati","India"
"","View last title","","","",""
"","","","","","",""
"757 57209273738 (i) on (i)","Kulkarni, Shashank Satish  Kulkarni, Shashank   Kulkarni, Shashank S.","11","3","Indian Institute of Technology Guwahati","Guwahati","India"
"","View last title","","","",""
"","","","","","",""
"758 56708787500 (i) on (i)","Manjegowda, Mohan C.  Manjegowda, Mohan   Manjegowda, Mohan Chowdenahalli   Mohan, C. M.   Manjegowda, Mohan C.   Manjegowda C., Mohan C.","11","4","Indian Institute of Technology Guwahati","Guwahati","India"
"","View last title","","","",""
"","","","","","",""
"759 57196717487 (i) on (i)","Mawlong, Larionette P.L.","11","7","Indian Institute of Technology Guwahati","Guwahati","India"
"","View last title","","","",""
"","","","","","",""
"760 57195335840 (i) on (i)","Mehrotra, Shreya","11","8","Indian Institute of Technology Guwahati","Guwahati","India"
"","View last title","","","",""
"","","","","","",""
"761 56330733300 (i) on (i)","Modi, Anju","11","10","Indian Institute of Technology Guwahati","Guwahati","India"
"","View last title","","","",""
"","","","","","",""
"762 57209527062 (i) on (i)","Mohanty, S.  Mohanty, Siddarth   Mohanty, S.","11","3","Indian Institute of Technology Guwahati","Guwahati","India"
"","View last title","","","",""
"","","","","","",""
"763 57217862468 (i) on (i)","Mondal, Shyam Swarup  Swarup Mondal, Shyam","11","2","Indian Institute of Technology Guwahati","Guwahati","India"
"","View last title","","","",""
"","","","","","",""
"764 56708656900 (i) on (i)","Nama, Suresh","11","5","Indian Institute of Technology Guwahati","Guwahati","India"
"","View last title","","","",""
"","","","","","",""
"765 57216639152 (i) on (i)","Nath, Arijit","11","3","Indian Institute of Technology Guwahati","Guwahati","India"
"","View last title","","","",""
"","","","","","",""
"766 57208800257 (i) on (i)","Nupur  Nupur, N.  	    Nupur, Nupur","11","2","Indian Institute of Technology Guwahati","Guwahati","India"
"","View last title","","","",""
"","","","","","",""
"767 57191330732 (i) on (i)","Prabhakararao, Eedara","11","6","Indian Institute of Technology Guwahati","Guwahati","India"
"","View last title","","","",""
"","","","","","",""
"768 56985540100 (i) on (i)","Raju, Nithin Narmada  Rajur, Nithin N.   Raju, Nithin N.","11","6","Indian Institute of Technology Guwahati","Guwahati","India"
"","View last title","","","",""
"","","","","","",""
"769 57212091327 (i) on (i)","Rout, Anil Kumar","11","3","Indian Institute of Technology Guwahati","Guwahati","India"
"","View last title","","","",""
"","","","","","",""
"770 57192035465 (i) on (i)","Roy, Arijit","11","3","Indian Institute of Technology Guwahati","Guwahati","India"
"","View last title","","","",""
"","","","","","",""
"771 57221787565 (i) on (i)","Saha, Abir","11","6","Indian Institute of Technology Guwahati","Guwahati","India"
"","View last title","","","",""
"","","","","","",""
"772 57062092400 (i) on (i)","Saha, Gundappa","11","5","Indian Institute of Technology Guwahati","Guwahati","India"
"","View last title","","","",""
"","","","","","",""
"773 57193351259 (i) on (i)","Saha, Kundan","11","5","Indian Institute of Technology Guwahati","Guwahati","India"
"","View last title","","","",""
"","","","","","",""
"774 57210476245 (i) on (i)","Sarma, Debajit","11","4","Indian Institute of Technology Guwahati","Guwahati","India"
"","View last title","","","",""
"","","","","","",""
"775 57193089613 (i) on (i)","Sarma, Rajkumar","11","9","Indian Institute of Technology Guwahati","Guwahati","India"
"","View last title","","","",""
"","","","","","",""
"776 57159788600 (i) on (i)","Shelke, Rahul Gunvantrao  Shelke, Rahul   Shelke, Rahul G.","11","4","Indian Institute of Technology Guwahati","Guwahati","India"
"","View last title","","","",""
"","","","","","",""
"777 55786711300 (i) on (i)","Singh, Anuj Kumar  Anuj Kumar, S.","11","7","Indian Institute of Technology Guwahati","Guwahati","India"
"","View last title","","","",""
"","","","","","",""
"778 57184587900 (i) on (i)","Singh, Rajan","11","2","Indian Institute of Technology Guwahati","Guwahati","India"
"","View last title","","","",""
"","","","","","",""
"779 56341204400 (i) on (i)","Singh Yadav, Vimal Kumar  Yadav, Vimal Kumar Singh","11","5","Indian Institute of Technology Guwahati","Guwahati","India"
"","View last title","","","",""
"","","","","","",""
"780 57892051600 (i) on (i)","Sk, Mostakim  SK, Mostakim","11","11","Indian Institute of Technology Guwahati","Guwahati","India"
"","View last title","","","",""
"","","","","","",""
"781 57200629678 (i) on (i)","Sooram, Banesh  Banesh, Sooram","11","5","Indian Institute of Technology Guwahati","Guwahati","India"
"","View last title","","","",""
"","","","","","",""
"782 57199698162 (i) on (i)","Sunku Prasad, J.  Sunku Prasad, Jenne   Sunku prasad, J.   Sunku Prasad, J.   Prasad, Sunku   Prasad, Jenne Sunku   Jenne, Sunku Prasad","11","6","Indian Institute of Technology Guwahati","Guwahati","India"
"","View last title","","","",""
"","","","","","",""
"783 56685152000 (i) on (i)","Tanwar, Arvin Sain","11","8","Indian Institute of Technology Guwahati","Guwahati","India"
"","View last title","","","",""
"","","","","","",""
"784 13003469400 (i) on (i)","Thakuria, Harjyoti","11","9","Indian Institute of Technology Guwahati","Guwahati","India"
"","View last title","","","",""
"","","","","","",""
"785 57200596243 (i) on (i)","Velaga, Bharath","11","6","Indian Institute of Technology Guwahati","Guwahati","India"
"","View last title","","","",""
"","","","","","",""
"786 24340775100 (i) on (i)","Aadaleesan, P.  Aadaleesan, P.   Aadaleesan, Pakkiriswamy","10","2","Indian Institute of Technology Guwahati","Guwahati","India"
"","View last title","","","",""
"","","","","","",""
"787 57204058026 (i) on (i)","Akhtar, Nasim","10","6","Indian Institute of Technology Guwahati","Guwahati","India"
"","View last title","","","",""
"","","","","","",""
"788 57202874596 (i) on (i)","Alam, Suhaib","10","5","Indian Institute of Technology Guwahati","Guwahati","India"
"","View last title","","","",""
"","","","","","",""
"789 27367471700 (i) on (i)","Arora, Sonia  Arora, S.","10","7","Indian Institute of Technology Guwahati","Guwahati","India"
"","View last title","","","",""
"","","","","","",""
"790 57210928985 (i) on (i)","Belwal, Vinay Kumar  Belwal, Vinay K.","10","4","Indian Institute of Technology Guwahati","Guwahati","India"
"","View last title","","","",""
"","","","","","",""
"791 55488754100 (i) on (i)","Bhatluri, Kamal Kumar  Bhatluri, K. K.","10","7","Indian Institute of Technology, Guwahati","Guwahati","India"
"","View last title","","","",""
"","","","","","",""
"792 57215784121 (i) on (i)","Bhattacharjee, Mrinmoy  Bhattacharjee, M.","10","3","Indian Institute of Technology Guwahati","Guwahati","India"
"","View last title","","","",""
"","","","","","",""
"793 56678958900 (i) on (i)","Bhattacharjee, Suchandra","10","4","Indian Institute of Technology Guwahati","Guwahati","India"
"","View last title","","","",""
"","","","","","",""
"794 57212217039 (i) on (i)","Bhattacharya, Angana","10","5","Indian Institute of Technology Guwahati","Guwahati","India"
"","View last title","","","",""
"","","","","","",""
"795 57212411992 (i) on (i)","Bhattacharyya, Srirupa","10","4","Indian Institute of Technology Guwahati","Guwahati","India"
"","View last title","","","",""
"","","","","","",""
"796 55606768300 (i) on (i)","Biswas, Debalina  Biswas, D.","10","7","National Institute of Technology Silchar","Silchar","India"
"","View last title","","","",""
"","","","","","",""
"797 57193433461 (i) on (i)","Boruah, Chayanika","10","3","Indian Institute of Technology Guwahati","Guwahati","India"
"","View last title","","","",""
"","","","","","",""
"798 36875831400 (i) on (i)","Chakravorty, Debamitra","10","5","Indian Institute of Technology Guwahati","Guwahati","India"
"","View last title","","","",""
"","","","","","",""
"799 57203155360 (i) on (i)","Chattaraj, Krishna Gopal","10","6","Indian Institute of Technology Guwahati","Guwahati","India"
"","View last title","","","",""
"","","","","","",""
"800 57778364800 (i) on (i)","Chen, Wei","10","4","Jiangsu Hengtong Fiber Science and Technology Corporation","Suzhou","China"
"","View last title","","","",""
"","","","","","",""