"Result Number","Author","Documents","h-index          Author metrics Scopus is adding an array of metrics for researchers. As an initial step, the h-index has been added.  The h-graph is one way of displaying and comparing the productivity and impact of published work of scholars. It should only be used together with a mix of quantitative and qualitative metrics.  More metrics will be added in the course of the year.","Affiliation","City","Country/Territory"
"401 9734613000 (i) on (i)","Patil, Gopal R.  Patil, Gopal   Patil, Gopal R.   Patil, G.   Patil, G. R.","51","17","Indian Institute of Technology Bombay","Mumbai","India"
"","View last title","","","",""
"","","","","","",""
"402 37087528400 (i) on (i)","Pillai, Sibi Raj Bhaskaran  Pillai, Sibi B.Raj   B Pillai, Sibi Raj   Pillai, Sibi Raj   Pillai, Sibi Raj B.","51","5","Indian Institute of Technology Bombay","Mumbai","India"
"","View last title","","","",""
"","","","","","",""
"403 56107379700 (i) on (i)","Prasad, Ram Chandra  Prasad, R. C.","51","15","Indian Institute of Technology Bombay","Mumbai","India"
"","View last title","","","",""
"","","","","","",""
"404 7003795512 (i) on (i)","Puniyani, Ram R.  Puniyani, R.   Puniyani, R. R.","51","11","Indian Institute of Technology, Bombay","Mumbai","India"
"","View last title","","","",""
"","","","","","",""
"405 6701568035 (i) on (i)","Radhakrishna, M.  Radha Krishna, M.   Radhakrishna, M.   Radhakrishna, Munukutla","51","17","Indian Institute of Technology Bombay","Mumbai","India"
"","View last title","","","",""
"","","","","","",""
"406 24469035900 (i) on (i)","Vedagiri, Perumal  Perumal, Vedagiri   Vedagiri, P.","51","17","Indian Institute of Technology Bombay","Mumbai","India"
"","View last title","","","",""
"","","","","","",""
"407 55605769958 (i) on (i)","Sharma, Ashok Kumar  Sharma, Ashok K.   Sharma, A. K.   Sharma, A.","50","11","Thermax Limited","Pune","India"
"","View last title","","","",""
"","","","","","",""
"408 6602539001 (i) on (i)","Vedula, Rajendra Prasad  Vedula, Rajendra   Vedula, R. P.   Vedula, R. J.   Vedula, Rajendra P.","50","18","Indian Institute of Technology Bombay","Mumbai","India"
"","View last title","","","",""
"","","","","","",""
"409 6602563193 (i) on (i)","Dewaikar, Dileep Moreshwar  Dewaikar, D. M.","49","12","Indian Institute of Technology Bombay","Mumbai","India"
"","View last title","","","",""
"","","","","","",""
"410 56600943900 (i) on (i)","Gupta, Sachin  Gupta, Sachin B.   Gupta, S.","49","13","Indian Institute of Technology Bombay","Mumbai","India"
"","View last title","","","",""
"","","","","","",""
"411 11140495600 (i) on (i)","Karlik, V.  Karlik, V.   Kartik, Venkataraman   Kartik, V.","49","11","Indian Institute of Technology Bombay","Mumbai","India"
"","View last title","","","",""
"","","","","","",""
"412 56861640900 (i) on (i)","Patil, Sachin S.  PatiL., Sachin   Patil, S. S.   Patil, Sachin","49","27","Indian Institute of Technology Bombay","Mumbai","India"
"","View last title","","","",""
"","","","","","",""
"413 7004241178 (i) on (i)","Rajaiah, K.  RAJAIAH, K.","49","10","Indian Institute of Technology, Bombay","Mumbai","India"
"","View last title","","","",""
"","","","","","",""
"414 7004317251 (i) on (i)","Sain, Anirban  Sain, A.","49","13","Indian Institute of Technology Bombay","Mumbai","India"
"","View last title","","","",""
"","","","","","",""
"415 6701922449 (i) on (i)","Shimpi, R. P.  Shimpi, Rameshchandra P.   Shimpi, R. P.","49","15","Indian Institute of Technology Bombay","Mumbai","India"
"","View last title","","","",""
"","","","","","",""
"416 55547111155 (i) on (i)","Singh, A.  Singh, A.   Singh, Aparna","49","13","Indian Institute of Technology Bombay","Mumbai","India"
"","View last title","","","",""
"","","","","","",""
"417 57202605990 (i) on (i)","Singh, Anurag K.  Singh, A.   Singh, Anuradha   Singh, A. K.   Singh, Anurag   Singh, Anu","49","18","Indian Institute of Technology Bombay","Mumbai","India"
"","View last title","","","",""
"","","","","","",""
"418 6603816435 (i) on (i)","Chandiramani, Naresh K.  Chandiramani, N. K.","48","14","Indian Institute of Technology Bombay","Mumbai","India"
"","View last title","","","",""
"","","","","","",""
"419 55921734500 (i) on (i)","Indu, J.  J, Indu","48","11","Indian Institute of Technology Bombay","Mumbai","India"
"","View last title","","","",""
"","","","","","",""
"420 7004943799 (i) on (i)","Jadhav, Sameer  Jadhav, S.   Jadhav, Sameer Ralph","48","18","Indian Institute of Technology Bombay","Mumbai","India"
"","View last title","","","",""
"","","","","","",""
"421 7202085133 (i) on (i)","Joshi, Rajani R.  Joshi, R. R.","48","7","Indian Institute of Technology, Bombay","Mumbai","India"
"","View last title","","","",""
"","","","","","",""
"422 37761633100 (i) on (i)","Kalbar, Pradip P.  Kalbar, Pradip P.   Kalbar, P.   Kalbar, Pradip S.   Kalbar, P. P.   Kalbar, Pradip","48","18","Indian Institute of Technology Bombay","Mumbai","India"
"","View last title","","","",""
"","","","","","",""
"423 21742873300 (i) on (i)","Maji, Avijit  Maji, A.","48","14","Indian Institute of Technology Bombay","Mumbai","India"
"","View last title","","","",""
"","","","","","",""
"424 7203041098 (i) on (i)","Prasad, Vani C.  Prasad, Vani   Prasad, V. C.","48","10","Indian Institute of Technology, Bombay","Mumbai","India"
"","View last title","","","",""
"","","","","","",""
"425 55578082100 (i) on (i)","Rather, Zakir Hussain  Rather, Zakir H.   Rather, Z. H.   Rather, Z.   Hussain, Zakir","48","15","Indian Institute of Technology Bombay","Mumbai","India"
"","View last title","","","",""
"","","","","","",""
"426 56053335900 (i) on (i)","Singh, Swatantra Pratap  Singh, Swatantra P.","48","15","Indian Institute of Technology Bombay","Mumbai","India"
"","View last title","","","",""
"","","","","","",""
"427 15051705800 (i) on (i)","Balasubramanian, Sridhar  Balasubramanian, S.","47","11","Indian Institute of Technology Bombay","Mumbai","India"
"","View last title","","","",""
"","","","","","",""
"428 55704982600 (i) on (i)","Das, Kalyan  Dasb, Kalyan   Das, K.","47","9","Indian Institute of Technology Bombay","Mumbai","India"
"","View last title","","","",""
"","","","","","",""
"429 55226214600 (i) on (i)","Dutta, Achintya Kumar  Dutta, Achintya K.","47","15","Indian Institute of Technology Bombay","Mumbai","India"
"","View last title","","","",""
"","","","","","",""
"430 57199662540 (i) on (i)","Dutta, Subhrajit","47","10","Indian Institute of Technology Bombay","Mumbai","India"
"","View last title","","","",""
"","","","","","",""
"431 8626754800 (i) on (i)","Inamdar, Mandar M.  Inamdar, Mandar   Inamdar, M. M.","47","14","Indian Institute of Technology Bombay","Mumbai","India"
"","View last title","","","",""
"","","","","","",""
"432 7202157667 (i) on (i)","Kar, Subir  KAR, S.   Kar, S.","47","6","Indian Institute of Technology Bombay","Mumbai","India"
"","View last title","","","",""
"","","","","","",""
"433 15843362200 (i) on (i)","Karamchandani, Sunil  Karamchandani, S.   Karamchandani, Sunil H.   Karamchandani, S. H.","47","6","Indian Institute of Technology Bombay","Mumbai","India"
"","View last title","","","",""
"","","","","","",""
"434 6603056734 (i) on (i)","Kudchadker, Arvind P.  Kudchadker, A. P.","47","16","Indian Institute of Technology, Bombay","Mumbai","India"
"","View last title","","","",""
"","","","","","",""
"435 56244804300 (i) on (i)","Patil, Sharashchandra H.  Patil, Sharashchandra   Patil, S. H.","47","6","Indian Institute of Technology Bombay","Mumbai","India"
"","View last title","","","",""
"","","","","","",""
"436 6603713212 (i) on (i)","Punekar, Narayan S.  Punekar, NS   Punekar, N. S.","47","12","Indian Institute of Technology Bombay","Mumbai","India"
"","View last title","","","",""
"","","","","","",""
"437 57191221424 (i) on (i)","Sarkar, Arindam  Sarkar, A.","47","17","Indian Institute of Technology Bombay","Mumbai","India"
"","View last title","","","",""
"","","","","","",""
"438 7004308675 (i) on (i)","Ballal, Nidambur Bharath  Ballal, N. Bharath   Ballal, N. B.","46","18","Indian Institute of Technology, Bombay","Mumbai","India"
"","View last title","","","",""
"","","","","","",""
"439 6701475682 (i) on (i)","Chaturani, P.","46","14","Indian Institute of Technology, Bombay","Mumbai","India"
"","View last title","","","",""
"","","","","","",""
"440 7005311155 (i) on (i)","Gopinathan, Varadarajulu  Gopinathan, V.","46","10","Indian Institute of Technology, Bombay","Mumbai","India"
"","View last title","","","",""
"","","","","","",""
"441 24923244200 (i) on (i)","Jogwar, Sujit Suresh  Jogwar, Sujit S.","46","10","Indian Institute of Technology Bombay","Mumbai","India"
"","View last title","","","",""
"","","","","","",""
"442 57188792974 (i) on (i)","Kumar, Rajesh K.  Kumar, R. K.  			    Kumar, Rajesh","46","12","Indian Institute of Technology Bombay","Mumbai","India"
"","View last title","","","",""
"","","","","","",""
"443 23046619300 (i) on (i)","Lala, Anil K.  LALA, ANIL K.   Lala, A. K.","46","19","Indian Institute of Technology Bombay","Mumbai","India"
"","View last title","","","",""
"","","","","","",""
"444 7103173728 (i) on (i)","Rastogi, Ashok Kumar  Rastogi, A. K.","46","10","Indian Institute of Technology Bombay","Mumbai","India"
"","View last title","","","",""
"","","","","","",""
"445 7402857574 (i) on (i)","Sinha, Ravi  Sinha, R.","46","13","Indian Institute of Technology Bombay","Mumbai","India"
"","View last title","","","",""
"","","","","","",""
"446 22978562200 (i) on (i)","Chaudhuri, Parag","45","7","Indian Institute of Technology Bombay","Mumbai","India"
"","View last title","","","",""
"","","","","","",""
"447 57202594955 (i) on (i)","Singh, Ashish","45","12","Indian Institute of Technology Bombay","Mumbai","India"
"","View last title","","","",""
"","","","","","",""
"448 6505928514 (i) on (i)","Sutar, Dayanand S.  Sutar, D. S.   Sutar, Dayanand   Sutar, D.","45","15","Indian Institute of Technology Bombay","Mumbai","India"
"","View last title","","","",""
"","","","","","",""
"449 7005498995 (i) on (i)","Venkatachalam, Parvatham  Venkatachalam, P.","45","8","Indian Institute of Technology Bombay","Mumbai","India"
"","View last title","","","",""
"","","","","","",""
"450 35579726200 (i) on (i)","Verma, Jugal Kishore  VERMA, J. K.   Verma, J. K.   Verma, Jugal K.   Verma, Jugal","45","12","Indian Institute of Technology Bombay","Mumbai","India"
"","View last title","","","",""
"","","","","","",""
"451 6506501946 (i) on (i)","Vinjamur, Madhu  Vinjamur, M.","45","17","Indian Institute of Technology Bombay","Mumbai","India"
"","View last title","","","",""
"","","","","","",""
"452 36625216800 (i) on (i)","Guin, Srimanta","44","31","Indian Institute of Technology Bombay","Mumbai","India"
"","View last title","","","",""
"","","","","","",""
"453 57201317621 (i) on (i)","Kolachana, Aditya","44","1","Indian Institute of Technology Bombay","Mumbai","India"
"","View last title","","","",""
"","","","","","",""
"454 57201322133 (i) on (i)","Mahesh, K.","44","1","Indian Institute of Technology Bombay","Mumbai","India"
"","View last title","","","",""
"","","","","","",""
"455 57200606418 (i) on (i)","Mandal, Dipankar  Mandal, DIpankar   Mandal, D.","44","14","Indian Institute of Technology Bombay","Mumbai","India"
"","View last title","","","",""
"","","","","","",""
"456 13806204800 (i) on (i)","Mukherjee, Indrajit  Mukherjee, I.","44","10","Indian Institute of Technology Bombay","Mumbai","India"
"","View last title","","","",""
"","","","","","",""
"457 6603126248 (i) on (i)","Mukul, Malay  Mukul, M.   Malay, Mukul","44","23","Indian Institute of Technology Bombay","Mumbai","India"
"","View last title","","","",""
"","","","","","",""
"458 7006608444 (i) on (i)","Pandya, Madhav V.  Pandya, M. V.","44","11","Indian Institute of Technology Bombay","Mumbai","India"
"","View last title","","","",""
"","","","","","",""
"459 57111682500 (i) on (i)","Parida, Smrutiranjan  Parida, S.","44","15","Indian Institute of Technology Bombay","Mumbai","India"
"","View last title","","","",""
"","","","","","",""
"460 36662639000 (i) on (i)","Parihar, Narendra  Parihar, N.","44","14","Indian Institute of Technology Bombay","Mumbai","India"
"","View last title","","","",""
"","","","","","",""
"461 26423189800 (i) on (i)","Patil, M. D.  Patil, Mukesh   Patil, M. D.   Patil, M.   Patil, Mukesh D.","44","10","Indian Institute of Technology Bombay","Mumbai","India"
"","View last title","","","",""
"","","","","","",""
"462 24469291600 (i) on (i)","Saini, Supreet  Saini, S.","44","13","Indian Institute of Technology Bombay","Mumbai","India"
"","View last title","","","",""
"","","","","","",""
"463 7202474597 (i) on (i)","Bhatnagar, Anuj K.  Bhatnagar, Anuj   Bhatnagar, A.","43","7","Indian Institute of Technology Bombay","Mumbai","India"
"","View last title","","","",""
"","","","","","",""
"464 57155075600 (i) on (i)","Chinnasamy, Pennan  Chinnasamy, P.","43","14","Indian Institute of Technology Bombay","Mumbai","India"
"","View last title","","","",""
"","","","","","",""
"465 57294507600 (i) on (i)","Gupta, Surbhi L.  Gupta, Surbhi   Gupta, S. L.","43","11","Indian Institute of Technology Bombay","Mumbai","India"
"","View last title","","","",""
"","","","","","",""
"466 55879355200 (i) on (i)","Gurjar, Rajendra Vasant  Gurjar, Rajendra V.   Gurjar, R. V.","43","6","Indian Institute of Technology Bombay","Mumbai","India"
"","View last title","","","",""
"","","","","","",""
"467 25958121500 (i) on (i)","Jonnalagadda, Krishna N.  Jonnalagadda, K.   Jonnalagadda, K. N.   Jonnalagadda, Krishna N.   Jonnalagadda, Krishna","43","11","Indian Institute of Technology Bombay","Mumbai","India"
"","View last title","","","",""
"","","","","","",""
"468 6603683612 (i) on (i)","Juneja, Ashish  Juneja, A.","43","7","Indian Institute of Technology Bombay","Mumbai","India"
"","View last title","","","",""
"","","","","","",""
"469 6603704971 (i) on (i)","Keer, H. V.","43","11","Indian Institute of Technology, Bombay","Mumbai","India"
"","View last title","","","",""
"","","","","","",""
"470 7403056910 (i) on (i)","Kulkarni, Salil S.  Kulkarni, Salil   Kulkarni, S. S.   Kulkarni, Salis S.","43","11","Indian Institute of Technology Bombay","Mumbai","India"
"","View last title","","","",""
"","","","","","",""
"471 57214630134 (i) on (i)","Kumar, Mrinal","43","8","Indian Institute of Technology Bombay","Mumbai","India"
"","View last title","","","",""
"","","","","","",""
"472 23009591900 (i) on (i)","Nagarajan, R.","43","9","Indian Institute of Technology Bombay","Mumbai","India"
"","View last title","","","",""
"","","","","","",""
"473 14832946500 (i) on (i)","Narayanan, Krishnan  Narayanan, K.","43","10","Indian Institute of Technology Bombay","Mumbai","India"
"","View last title","","","",""
"","","","","","",""
"474 35557153400 (i) on (i)","Ravi, Bhuvaragasamy G.  Ravi, B. C.   Ravi, B.   Ravi, B. G.","43","17","Indian Institute of Technology Bombay","Mumbai","India"
"","View last title","","","",""
"","","","","","",""
"475 56855616800 (i) on (i)","Sinha, Aniruddha  Sinha, A.","43","13","Indian Institute of Technology Bombay","Mumbai","India"
"","View last title","","","",""
"","","","","","",""
"476 57523246700 (i) on (i)","Vishwanathan, Sundar  Vishwanathan, Sundax   Vishwanathan, S.","43","12","Indian Institute of Technology Bombay","Mumbai","India"
"","View last title","","","",""
"","","","","","",""
"477 37119815400 (i) on (i)","Yelve, Nitesh P.  Yelve, Nitesh   Yelve, Nitesh P.","43","13","Indian Institute of Technology Bombay","Mumbai","India"
"","View last title","","","",""
"","","","","","",""
"478 36917318300 (i) on (i)","Athani, Vithal V.  Athani, VV   Athani, V. V.","42","5","Indian Institute of Technology, Bombay","Mumbai","India"
"","View last title","","","",""
"","","","","","",""
"479 7202020207 (i) on (i)","Basu, Prasenjit  Basu, P.","42","13","Indian Institute of Technology Bombay","Mumbai","India"
"","View last title","","","",""
"","","","","","",""
"480 7404807904 (i) on (i)","Ghosh, Santanu Kumar  Ghosh, S. K.   Ghosh, Santanu K.   Ghosh, Santanu","42","15","Indian Institute of Technology Bombay","Mumbai","India"
"","View last title","","","",""
"","","","","","",""
"481 13402642500 (i) on (i)","Kar, Sandeep  Kar, Sandip   Kar, S.","42","20","Indian Institute of Technology Bombay","Mumbai","India"
"","View last title","","","",""
"","","","","","",""
"482 36059806700 (i) on (i)","Mandal, Arjun  Mandal, A.","42","11","Indian Institute of Technology Bombay","Mumbai","India"
"","View last title","","","",""
"","","","","","",""
"483 7006537248 (i) on (i)","Mandal, J. C.  Mandal, Jadav Chandra   Mandal, J. C.   Mandal, Jadav C.","42","15","Indian Institute of Technology Bombay","Mumbai","India"
"","View last title","","","",""
"","","","","","",""
"484 26428371800 (i) on (i)","Parthasarathy, D.  Parthasarathy, Devanathan   Parthasarathy, D.","42","11","Indian Institute of Technology Bombay","Mumbai","India"
"","View last title","","","",""
"","","","","","",""
"485 57220941898 (i) on (i)","Roy, S.  Roy, Sattanarayan","42","4","Indian Institute of Technology Bombay","Mumbai","India"
"","View last title","","","",""
"","","","","","",""
"486 57197385144 (i) on (i)","Vijay, A. S.  Vijay, A. S.   Vijay, Ankisha   Suryad, Vijay A.","42","9","Indian Institute of Technology Bombay","Mumbai","India"
"","View last title","","","",""
"","","","","","",""
"487 6603710189 (i) on (i)","Adhikari, Jhumpa  Adhikari, J.","41","9","Indian Institute of Technology Bombay","Mumbai","India"
"","View last title","","","",""
"","","","","","",""
"488 36448931600 (i) on (i)","Bahirat, Himanshu J.  Bahirat, H. J.   Bahirat, Himanshu","41","6","Indian Institute of Technology Bombay","Mumbai","India"
"","View last title","","","",""
"","","","","","",""
"489 6504631937 (i) on (i)","Kondabagil, Kiran Rojanna  Kondabagil, Kiran   Kondabagil, Kiran R.","41","14","Indian Institute of Technology Bombay","Mumbai","India"
"","View last title","","","",""
"","","","","","",""
"490 16025076700 (i) on (i)","Kulkarni, Vinayak N.  Kulkarni, Vinayak N.   Kulkarniand, Vinayak N.   Kulkarni, Vinayak   Vinayak, N. Kulkarni","41","7","Indian Institute of Technology Bombay","Mumbai","India"
"","View last title","","","",""
"","","","","","",""
"491 24438259100 (i) on (i)","Mote, Rakesh Ganpat  Mote, Rakesh G.   Mote, R. G.","41","10","Indian Institute of Technology Bombay","Mumbai","India"
"","View last title","","","",""
"","","","","","",""
"492 6603728586 (i) on (i)","Patni, Mahendra J.  Patni, M. C.   Patni, M. J.","41","11","Indian Institute of Technology, Bombay","Mumbai","India"
"","View last title","","","",""
"","","","","","",""
"493 6506332074 (i) on (i)","Pawaskar, D. N.  Pawaskar, D. N.   Pawaskar, Dnyanesh N.","41","10","Indian Institute of Technology Bombay","Mumbai","India"
"","View last title","","","",""
"","","","","","",""
"494 57195603099 (i) on (i)","Sinha, Abhinav","41","10","Indian Institute of Technology Bombay","Mumbai","India"
"","View last title","","","",""
"","","","","","",""
"495 6701662206 (i) on (i)","Srirangarajan, H. R.","41","9","Indian Institute of Technology, Bombay","Mumbai","India"
"","View last title","","","",""
"","","","","","",""
"496 7404545858 (i) on (i)","Banerjee, Swagata  Banerjee Basu, Swagata   Banerjee, S.","40","15","Indian Institute of Technology Bombay","Mumbai","India"
"","View last title","","","",""
"","","","","","",""
"497 7102163771 (i) on (i)","Bhat, Paike Jayadeva  Bhat, Paike J.   Jayadeva Bhat, P. R.   Jayadeva Bhat, Paike   Jayadeva Bhat, P.   Bhat, P. J.","40","14","Indian Institute of Technology Bombay","Mumbai","India"
"","View last title","","","",""
"","","","","","",""
"498 26654001700 (i) on (i)","Chaudhuri, Siddhartha","40","17","Indian Institute of Technology Bombay","Mumbai","India"
"","View last title","","","",""
"","","","","","",""
"499 57199122112 (i) on (i)","Datta, Sambhu Nath  Datta, S. N.   Datta, Sambhu N.   Datta, S.","40","11","Indian Institute of Technology Bombay","Mumbai","India"
"","View last title","","","",""
"","","","","","",""
"500 57214859781 (i) on (i)","Dey, Sourav Kumar  Dey, S.   Dey, S. K.   Dey, Sourav","40","15","Indian Institute of Technology Bombay","Mumbai","India"
"","View last title","","","",""
"","","","","","",""
"501 55906538000 (i) on (i)","Jaya, Balila Nagamani  Jaya, B. Nagamani  		    Balila, Nagamani Jaya   Jaya B, Nagamani   Jaya, B. N.","40","13","Indian Institute of Technology Bombay","Mumbai","India"
"","View last title","","","",""
"","","","","","",""
"502 6603910470 (i) on (i)","Mujumdar, Prasanna M.  Mujumdar, P. M.","40","10","Indian Institute of Technology, Bombay","Mumbai","India"
"","View last title","","","",""
"","","","","","",""
"503 7004696727 (i) on (i)","Nayar, Bimal Kumar  Nayar, B. K.   Nayar, Bimal K.","40","13","Indian Institute of Technology Bombay","Mumbai","India"
"","View last title","","","",""
"","","","","","",""
"504 56744939500 (i) on (i)","Paul, Debjani  Paul, D.","40","12","Indian Institute of Technology Bombay","Mumbai","India"
"","View last title","","","",""
"","","","","","",""
"505 26039429900 (i) on (i)","Ramadesigan, Venkatasailanathan  Ramadesigan, V.   Ramadesigan, Venkatsailanathan","40","19","Indian Institute of Technology Bombay","Mumbai","India"
"","View last title","","","",""
"","","","","","",""
"506 6701788527 (i) on (i)","Saraph, Girish P.  Saraph, G. P.   Saraph, G.   Saraph, Girish","40","10","Indian Institute of Technology Bombay","Mumbai","India"
"","View last title","","","",""
"","","","","","",""
"507 56037689000 (i) on (i)","Singh, Durgesh  Singh, D.","40","7","Indian Institute of Technology Bombay","Mumbai","India"
"","View last title","","","",""
"","","","","","",""
"508 57206930944 (i) on (i)","Singh, Gurminder 				       Singh, Gurmider","40","13","Indian Institute of Technology Bombay","Mumbai","India"
"","View last title","","","",""
"","","","","","",""
"509 35098313800 (i) on (i)","Bera, Soumya  Bera, S.","39","21","Indian Institute of Technology Bombay","Mumbai","India"
"","View last title","","","",""
"","","","","","",""
"510 7007127513 (i) on (i)","Sarda, Nandlal L.  Sarda, N. L.   Sarda, NL","39","7","Indian Institute of Technology Bombay","Mumbai","India"
"","View last title","","","",""
"","","","","","",""
"511 55639131500 (i) on (i)","Vignesh, Kuduva R.  Vignesh, K.","39","16","Indian Institute of Technology Bombay","Mumbai","India"
"","View last title","","","",""
"","","","","","",""
"512 56524494100 (i) on (i)","Ashwin, T. S.  Ashwin, T. S.   T S, Ashwin   T. S, Ashwin","38","9","Indian Institute of Technology Bombay","Mumbai","India"
"","View last title","","","",""
"","","","","","",""
"513 57200822285 (i) on (i)","De, Abir  Abir, D. E.","38","11","Indian Institute of Technology Bombay","Mumbai","India"
"","View last title","","","",""
"","","","","","",""
"514 56250205000 (i) on (i)","Gandhi, Mayuri Nalin  Gandhi, Mayuri N.   Gandhi, M.   Gandhi, Mayuri   Gandhi, M. N.","38","9","Indian Institute of Technology Bombay","Mumbai","India"
"","View last title","","","",""
"","","","","","",""
"515 6602123531 (i) on (i)","Ghorpade, Sudhir R.  GHORPADE, SUDHIR R.","38","10","Indian Institute of Technology Bombay","Mumbai","India"
"","View last title","","","",""
"","","","","","",""
"516 16039449100 (i) on (i)","Gundimeda, Haripriya S.  Gundimeda, H.   Haripriya, G.   Gundimeda, Haripriya   Haripriya, G. S.","38","15","Indian Institute of Technology Bombay","Mumbai","India"
"","View last title","","","",""
"","","","","","",""
"517 57211723638 (i) on (i)","Jain, Ankit","38","24","Indian Institute of Technology Bombay","Mumbai","India"
"","View last title","","","",""
"","","","","","",""
"518 6603245716 (i) on (i)","Jana, Gourhari","38","12","Indian Institute of Technology Bombay","Mumbai","India"
"","View last title","","","",""
"","","","","","",""
"519 55574186033 (i) on (i)","Kumar, Anshuman  Kumar, A.","38","12","Indian Institute of Technology Bombay","Mumbai","India"
"","View last title","","","",""
"","","","","","",""
"520 9843473600 (i) on (i)","Kunwar, Ambarish","38","15","Indian Institute of Technology Bombay","Mumbai","India"
"","View last title","","","",""
"","","","","","",""
"521 7402543452 (i) on (i)","Mitra, Arijit  Mitra, A.","38","13","Indian Institute of Technology Bombay","Mumbai","India"
"","View last title","","","",""
"","","","","","",""
"522 55466012000 (i) on (i)","Patel, Suresh Chandra  Patel, S. C.   Patel, Suresh C.","38","12","Indian Institute of Technology Bombay","Mumbai","India"
"","View last title","","","",""
"","","","","","",""
"523 57217568616 (i) on (i)","Sawant, Disha  Sawant, D.","38","16","Indian Institute of Technology Bombay","Mumbai","India"
"","View last title","","","",""
"","","","","","",""
"524 22972880900 (i) on (i)","Shanker, O.  Shanker, O.","38","13","Indian Institute of Technology Bombay","Mumbai","India"
"","View last title","","","",""
"","","","","","",""
"525 26634476200 (i) on (i)","Sridharan, Arunkumar  Sridharan, A.","38","12","Indian Institute of Technology Bombay","Mumbai","India"
"","View last title","","","",""
"","","","","","",""
"526 35224414300 (i) on (i)","Vinjanampathy, Sai","38","14","Indian Institute of Technology Bombay","Mumbai","India"
"","View last title","","","",""
"","","","","","",""
"527 7402749172 (i) on (i)","Chatterjee, Santiram  Chatterjee, S.","37","10","Indian Institute of Technology Bombay","Mumbai","India"
"","View last title","","","",""
"","","","","","",""
"528 55358485100 (i) on (i)","Delhi, Venkata Santosh Kumar  Kumar, Venkata Santosh   Delhi, Venkata S.K.   Kumar, Venkata Santhosh   Delhi, V. S.K.   Delhi, V.   Kumar Delhi, Venkata Santosh","37","8","Indian Institute of Technology Bombay","Mumbai","India"
"","View last title","","","",""
"","","","","","",""
"529 56712292800 (i) on (i)","Dey, Subhadip  Dey, S.","37","7","Indian Institute of Technology Bombay","Mumbai","India"
"","View last title","","","",""
"","","","","","",""
"530 7005769799 (i) on (i)","Diwan, Ajit Arvind  Diwan, A. A.   Diwan, Ajit A.   Diwan, Ajit","37","7","Indian Institute of Technology Bombay","Mumbai","India"
"","View last title","","","",""
"","","","","","",""
"531 57217189375 (i) on (i)","Gupta, Abhishek  Gupta, A.","37","9","Indian Institute of Technology Bombay","Mumbai","India"
"","View last title","","","",""
"","","","","","",""
"532 22961735900 (i) on (i)","Kane, Prabhakar P.  Kane, P. P.","37","16","Indian Institute of Technology Bombay","Mumbai","India"
"","View last title","","","",""
"","","","","","",""
"533 7003551027 (i) on (i)","Kekre, Hemachandra B.  Kekre, H. B.","37","4","Indian Institute of Technology, Bombay","Mumbai","India"
"","View last title","","","",""
"","","","","","",""
"534 22734154500 (i) on (i)","Kumar, Animesh  Kumar, A.","37","11","Stanford University","Palo Alto","United States"
"","View last title","","","",""
"","","","","","",""
"535 56606744300 (i) on (i)","Mishra, Vikash N.  Mishra, Vikash   Mishra, V.","37","16","Indian Institute of Technology Bombay","Mumbai","India"
"","View last title","","","",""
"","","","","","",""
"536 7004166936 (i) on (i)","Narayanan, Janaky  Narayanan, Jaaky   Narayanan, J.","37","20","Indian Institute of Technology Bombay","Mumbai","India"
"","View last title","","","",""
"","","","","","",""
"537 7004536548 (i) on (i)","Ramamoorthy, Sripriya  Ramamoorthy, S.","37","11","Indian Institute of Technology Bombay","Mumbai","India"
"","View last title","","","",""
"","","","","","",""
"538 35146699300 (i) on (i)","Singh, Kumar Hemant  Singh, K. Hemant   Singh, K. H.   Hemant Singh, Kumar   Hemant Singh, K.   Singh, Kumar H.","37","9","Indian Institute of Technology Bombay","Mumbai","India"
"","View last title","","","",""
"","","","","","",""
"539 24483089200 (i) on (i)","Arya, Kavi  Arya, K.","36","6","Indian Institute of Technology Bombay","Mumbai","India"
"","View last title","","","",""
"","","","","","",""
"540 15072744800 (i) on (i)","Balaji, Ramakrishnan  Balaji, R.","36","7","Indian Institute of Technology Bombay","Mumbai","India"
"","View last title","","","",""
"","","","","","",""
"541 57203250143 (i) on (i)","Banerji, Pradipta  Banerji, P.","36","10","Indian Institute of Technology Bombay","Mumbai","India"
"","View last title","","","",""
"","","","","","",""
"542 57205231898 (i) on (i)","Dasgupta, Chandan","36","5","Indian Institute of Technology Bombay","Mumbai","India"
"","View last title","","","",""
"","","","","","",""
"543 49963243200 (i) on (i)","Dhar, Himadri Shekhar  Dhar, H. S.   Dhar, Himadri S.","36","10","Indian Institute of Technology Bombay","Mumbai","India"
"","View last title","","","",""
"","","","","","",""
"544 57214692245 (i) on (i)","Mukhopadhyay, Subhadeep  Mukhopadhyay, S.","36","15","Indian Institute of Technology Bombay","Mumbai","India"
"","View last title","","","",""
"","","","","","",""
"545 22989788700 (i) on (i)","Patil, S. H.","36","11","Indian Institute of Technology Bombay","Mumbai","India"
"","View last title","","","",""
"","","","","","",""
"546 7201660464 (i) on (i)","Roy, Bhaskar  Roy, B.","36","9","Indian Institute of Technology Bombay","Mumbai","India"
"","View last title","","","",""
"","","","","","",""
"547 56218164600 (i) on (i)","Sengupta, S.  Sengupta, Saumya   Sengupta, S.","36","13","Indian Institute of Technology Bombay","Mumbai","India"
"","View last title","","","",""
"","","","","","",""
"548 56735673600 (i) on (i)","Shukla, Dhwanil","36","7","Indian Institute of Technology Bombay","Mumbai","India"
"","View last title","","","",""
"","","","","","",""
"549 6603866806 (i) on (i)","Sukhatme, S. P.","36","15","Indian Institute of Technology, Bombay","Mumbai","India"
"","View last title","","","",""
"","","","","","",""
"550 7004152590 (i) on (i)","Sunavala, Pharokh D.  Sunavala, P. D.   SUNAVALA, P. D.","36","3","Mehta Mahal","Mumbai","India"
"","View last title","","","",""
"","","","","","",""
"551 23996157800 (i) on (i)","Tatiparti, Sankara Sarma V.  Tatiparti, S. S.V.   Tatiparti, Sankara Sarma V.   Tatiparti, Sankara Sarma","36","10","Indian Institute of Technology Bombay","Mumbai","India"
"","View last title","","","",""
"","","","","","",""
"552 7004515811 (i) on (i)","Ukadgaonker, Vijay G.  Ukadgaonker, V. G.","36","11","Indian Institute of Technology, Bombay","Mumbai","India"
"","View last title","","","",""
"","","","","","",""
"553 57202034266 (i) on (i)","Arun, P. V.  Arun, Pattathal V.   Arun, Pattathal Vijayakumar   Arun, Pattathal Vijaya Kumar   Arun, P. V.","35","7","Indian Institute of Technology Bombay","Mumbai","India"
"","View last title","","","",""
"","","","","","",""
"554 57196818139 (i) on (i)","Das, Tamal","35","7","Indian Institute of Technology Bombay","Mumbai","India"
"","View last title","","","",""
"","","","","","",""
"555 57191665552 (i) on (i)","Gawali, Santosh L.  Gawali, Santosh L.   Gawali, S.   Gawali, Santosh   Gawali, S. L.","35","11","Indian Institute of Technology Bombay","Mumbai","India"
"","View last title","","","",""
"","","","","","",""
"556 7004306341 (i) on (i)","Kumbhar, Alka A.  Kumbhar, Alka   Kumbhar, A. S.   Kumbhar, A. A.   Kumbhar, A.","35","13","Indian Institute of Technology, Bombay","Mumbai","India"
"","View last title","","","",""
"","","","","","",""
"557 26641916900 (i) on (i)","Laskar, Arghadeep  Laskar, A.   Laskar, Argahdeep","35","7","Indian Institute of Technology Bombay","Mumbai","India"
"","View last title","","","",""
"","","","","","",""
"558 36991567100 (i) on (i)","Marla, Deepak  Marla, D.","35","10","Indian Institute of Technology Bombay","Mumbai","India"
"","View last title","","","",""
"","","","","","",""
"559 56754660200 (i) on (i)","Mondal, Sandip  Mondai, Sandip","35","13","Purdue University","West Lafayette","United States"
"","View last title","","","",""
"","","","","","",""
"560 25229051600 (i) on (i)","Natarajan, Vivek  Vivek Natarajan, D.  		    Natarajan, V.","35","7","Indian Institute of Technology Bombay","Mumbai","India"
"","View last title","","","",""
"","","","","","",""
"561 47861330000 (i) on (i)","Santra, Siddhartha  Santra, S.","35","8","U.S. Army Research Laboratory","Adelphi","United States"
"","View last title","","","",""
"","","","","","",""
"562 7102307273 (i) on (i)","Sethi, Virendra  Sethi, V.","35","15","Environmental Science and Engineering Department","Mumbai","India"
"","View last title","","","",""
"","","","","","",""
"563 35099740300 (i) on (i)","Tuckley, Kushal R.  Tuckley, Kushal   Tuckley, K.   Tuckley, K. R.   Kushal, Tuckley","35","7","Indian Institute of Technology Bombay","Mumbai","India"
"","View last title","","","",""
"","","","","","",""
"564 57219153219 (i) on (i)","Chandra, Koustav  Chandra, K.","34","13","Indian Institute of Technology Bombay","Mumbai","India"
"","View last title","","","",""
"","","","","","",""
"565 55260268600 (i) on (i)","Dey, Santanu  Dey, S.","34","4","Indian Institute of Technology Bombay","Mumbai","India"
"","View last title","","","",""
"","","","","","",""
"566 6602412733 (i) on (i)","Gururajan, Mogadalai P.  Gururajan, M. P.","34","9","Indian Institute of Technology Bombay","Mumbai","India"
"","View last title","","","",""
"","","","","","",""
"567 57196146479 (i) on (i)","Hota, Arpan","34","7","Indian Institute of Technology Bombay","Mumbai","India"
"","View last title","","","",""
"","","","","","",""
"568 54924229400 (i) on (i)","Kale, Paresh G.  Kale, Paresh   Kale, P. G.   Kale, Paresh G.   Kale, Paresh Govind","34","12","Indian Institute of Technology Bombay","Mumbai","India"
"","View last title","","","",""
"","","","","","",""
"569 36598859700 (i) on (i)","Kumbhakarna, Neeraj R.  Kumbhakarna, Neeraj   Kumbhakarna, N. R.   Kumbhakarna, N.","34","7","Indian Institute of Technology Bombay","Mumbai","India"
"","View last title","","","",""
"","","","","","",""
"570 24722987800 (i) on (i)","Nanthagopalan, Prakash  Nanthagopalan, P.","34","9","Indian Institute of Technology Bombay","Mumbai","India"
"","View last title","","","",""
"","","","","","",""
"571 55497955500 (i) on (i)","Rao, K. V.Krishna  Rao, K. V.Krishna   Krishna Rao, K. V.   Rao, K. V.K.   Krishna Rao, Kurra Venkata","34","12","Indian Institute of Technology Bombay","Mumbai","India"
"","View last title","","","",""
"","","","","","",""
"572 57220542523 (i) on (i)","Sawant, Siddesh  Sawant, S.","34","15","Indian Institute of Technology Bombay","Mumbai","India"
"","View last title","","","",""
"","","","","","",""
"573 26531700300 (i) on (i)","Sharma, Kamendra P.  Sharma, Kamendra P.   Sharma, Kamendra","34","15","Indian Institute of Technology Bombay","Mumbai","India"
"","View last title","","","",""
"","","","","","",""
"574 22833682700 (i) on (i)","Apte, Varsha","33","7","Indian Institute of Technology Bombay","Mumbai","India"
"","View last title","","","",""
"","","","","","",""
"575 55620285700 (i) on (i)","Bhattacharya, Amrita  Bhattacharya, A.","33","14","Indian Institute of Technology Bombay","Mumbai","India"
"","View last title","","","",""
"","","","","","",""
"576 7005295589 (i) on (i)","Dani, S. G.","33","9","Indian Institute of Technology Bombay","Mumbai","India"
"","View last title","","","",""
"","","","","","",""
"577 6603606578 (i) on (i)","Harendranath, Chilkunda S.  Harendranath, C. S.","33","14","Indian Institute of Technology, Bombay","Mumbai","India"
"","View last title","","","",""
"","","","","","",""
"578 57110248400 (i) on (i)","Kuila, Sourav  Kuila, S.","33","7","Indian Institute of Technology Bombay","Mumbai","India"
"","View last title","","","",""
"","","","","","",""
"579 55952737900 (i) on (i)","Majumder, Abhijit  Majumder, A.","33","13","Indian Institute of Technology Bombay","Mumbai","India"
"","View last title","","","",""
"","","","","","",""
"580 55065787700 (i) on (i)","Mathew, George  Mathew, G.","33","13","Indian Institute of Technology Bombay","Mumbai","India"
"","View last title","","","",""
"","","","","","",""
"581 8937506700 (i) on (i)","Mehra, Sarika","33","13","Indian Institute of Technology Bombay","Mumbai","India"
"","View last title","","","",""
"","","","","","",""
"582 21233952200 (i) on (i)","Mukhopadhyay, Siuli  Mukhopadhyay, S.","33","7","Indian Institute of Technology Bombay","Mumbai","India"
"","View last title","","","",""
"","","","","","",""
"583 7102867895 (i) on (i)","Nayak, Ramesh C.  Nayak, R.   Nayak, R. C.","33","16","Indian Institute of Technology Bombay","Mumbai","India"
"","View last title","","","",""
"","","","","","",""
"584 7003588867 (i) on (i)","Parihar, K. S.","33","9","Indian Institute of Technology Bombay","Mumbai","India"
"","View last title","","","",""
"","","","","","",""
"585 42361480000 (i) on (i)","Rajendran, Ramkumar","33","7","Indian Institute of Technology Bombay","Mumbai","India"
"","View last title","","","",""
"","","","","","",""
"586 7004635295 (i) on (i)","Ramakrishnan, Balaji  Ramakrishnan, B.","33","7","Indian Institute of Technology Bombay","Mumbai","India"
"","View last title","","","",""
"","","","","","",""
"587 7403880234 (i) on (i)","Robinson, Rowena","33","6","Indian Institute of Technology Bombay","Mumbai","India"
"","View last title","","","",""
"","","","","","",""
"588 7004046724 (i) on (i)","Shankar, Hariharan Subbaraman  Shankar, Hariharan S.   Shankar, H.   Shankar, Harihan S.   Shankar, H. Subbaraman   Shankar, H. S.","33","12","Indian Institute of Technology Bombay","Mumbai","India"
"","View last title","","","",""
"","","","","","",""
"589 56480081000 (i) on (i)","Shrivastava, Amber","33","8","Indian Institute of Technology Bombay","Mumbai","India"
"","View last title","","","",""
"","","","","","",""
"590 57214067060 (i) on (i)","Yerramalli, Chandra Sekher  Yerramalli, C. S.   Sekher, Yerramalli Chandra   Yerramalli, Chandra S.   Sekher, Y. Chandra","33","6","Indian Institute of Technology Bombay","Mumbai","India"
"","View last title","","","",""
"","","","","","",""
"591 56015470900 (i) on (i)","Bansal, Dipanshu  Bansala, Dipanshu   Bansal, D.","32","13","Indian Institute of Technology Bombay","Mumbai","India"
"","View last title","","","",""
"","","","","","",""
"592 57209124156 (i) on (i)","Chakraborty, Shiladri","32","8","Tesla Inc","Palo Alto","United States"
"","View last title","","","",""
"","","","","","",""
"593 55960707400 (i) on (i)","Chauhan, V. B.  Chauhan, Vinay B.   Chauhan, Vinay Bhushan   Chauhan, V. B.","32","7","Indian Institute of Technology Bombay","Mumbai","India"
"","View last title","","","",""
"","","","","","",""
"594 56121815000 (i) on (i)","Gupta, Sanjay N.  Gupta, S. N.   Gupta, S.   Gupta, Sanjay","32","9","Indian Institute of Technology, Bombay","Mumbai","India"
"","View last title","","","",""
"","","","","","",""
"595 54956247300 (i) on (i)","Hinge, Vijaya Kumar  Kumar Hinge, Vijaya   Hinge, Vijay Kumar   Hinge, Vijaya K.","32","15","Indian Institute of Technology Bombay","Mumbai","India"
"","View last title","","","",""
"","","","","","",""
"596 6701415646 (i) on (i)","Jawalekar, S. R.","32","10","Indian Institute of Technology, Bombay","Mumbai","India"
"","View last title","","","",""
"","","","","","",""
"597 23397519900 (i) on (i)","Kalyanakrishnan, Shivaram  Kalyanakrishnan, SHIVaram","32","12","Stanford University","Palo Alto","United States"
"","View last title","","","",""
"","","","","","",""
"598 24537732600 (i) on (i)","Khan, Azizuddin  Azizuddin, Khan","32","10","Indian Institute of Technology Bombay","Mumbai","India"
"","View last title","","","",""
"","","","","","",""
"599 57207128230 (i) on (i)","Kumar, Kuldeep","32","16","Indian Institute of Technology Bombay","Mumbai","India"
"","View last title","","","",""
"","","","","","",""
"600 57209736653 (i) on (i)","Kumar, Muthusamy Santhosh  Kumar, M. Santhosh   Kumar, Muthusamy   Kumar, Manjit   Kumar, Muthusamy S.   Kumar, M. S.","32","11","Indian Institute of Technology Bombay","Mumbai","India"
"","View last title","","","",""
"","","","","","",""