"Result Number","Author","Documents","h-index          Author metrics Scopus is adding an array of metrics for researchers. As an initial step, the h-index has been added.  The h-graph is one way of displaying and comparing the productivity and impact of published work of scholars. It should only be used together with a mix of quantitative and qualitative metrics.  More metrics will be added in the course of the year.","Affiliation","City","Country/Territory"
"401 56063669000 (i) on (i)","Kumar, Bipin Nikhil  Kumar, B. Nikhil   Kumar, B.   Kumar, Bipin","53","14","Indian Institute of Technology Delhi","New Delhi","India"
"","View last title","","","",""
"","","","","","",""
"402 23567916500 (i) on (i)","Madaan, Jitendra K.  Madaan, Jitendra   Madaan, Jitendra K.   Madaan, J.   Madaan, Jitender","53","20","Indian Institute of Technology Delhi","New Delhi","India"
"","View last title","","","",""
"","","","","","",""
"403 23005677800 (i) on (i)","Mehndiratta, Amit  Mehndiratta, A.","53","13","Indian Institute of Technology Delhi","New Delhi","India"
"","View last title","","","",""
"","","","","","",""
"404 57218390205 (i) on (i)","Mittal, Ramesh Kumar  MITTAL, R. K.   Mittal, Ramesh K.   Mittal, R. K.","53","23","Indian Institute of Technology Delhi","New Delhi","India"
"","View last title","","","",""
"","","","","","",""
"405 34880783600 (i) on (i)","Prasad, Sanjiva  Prasad, S.","53","12","Indian Institute of Technology Delhi","New Delhi","India"
"","View last title","","","",""
"","","","","","",""
"406 7004094484 (i) on (i)","Sehgal, Daya K.  SEHGAL, D. K.   Sehgal, D. K.","53","9","Indian Institute of Technology Delhi","New Delhi","India"
"","View last title","","","",""
"","","","","","",""
"407 57207149261 (i) on (i)","Sharma, Manish  Sharma, M.","53","13","Indian Institute of Technology Delhi","New Delhi","India"
"","View last title","","","",""
"","","","","","",""
"408 56506154700 (i) on (i)","Banerjee, Arnab  Banerjee, A.","52","11","Indian Institute of Technology Delhi","New Delhi","India"
"","View last title","","","",""
"","","","","","",""
"409 7103399681 (i) on (i)","Goyal, Pramila  Goyal, P.","52","22","Indian Institute of Technology Delhi","New Delhi","India"
"","View last title","","","",""
"","","","","","",""
"410 7102999764 (i) on (i)","Kothari, M. L.  Kothari, M. D.","52","17","Indian Institute of Technology Delhi","New Delhi","India"
"","View last title","","","",""
"","","","","","",""
"411 7006584816 (i) on (i)","Kundu, Bishwajit  Kundu, B.","52","18","Indian Institute of Technology Delhi","New Delhi","India"
"","View last title","","","",""
"","","","","","",""
"412 7102357144 (i) on (i)","Madan, Mira  Madan, M.","52","12","Indian Institute of Technology Delhi","New Delhi","India"
"","View last title","","","",""
"","","","","","",""
"413 18836700500 (i) on (i)","Mishra, Prashant R.  Mishra, P.   Mishra, P. R.   Mishra, Prashant   Mishra, Prasant","52","18","Indian Institute of Technology Delhi","New Delhi","India"
"","View last title","","","",""
"","","","","","",""
"414 57202120610 (i) on (i)","Narayan, Ramasubramanian Lakshmi  Narayan, R.   Lakshmi Narayan, R.   Ramasubramanian, Lakshmi Narayan   Narayan, R. Lakshmi   Narayan, R. L.","52","19","Indian Institute of Technology Delhi","New Delhi","India"
"","View last title","","","",""
"","","","","","",""
"415 7202963775 (i) on (i)","Shukla, Anupam  Shukla, A.","52","19","Indian Institute of Technology Delhi","New Delhi","India"
"","View last title","","","",""
"","","","","","",""
"416 57002918000 (i) on (i)","Swamy, Aravind Krishna  Swamy, A. K.   Swami, A. K.   Swamy, Aravind K.   Krishna Swamy, Aravind   Aravind, Kswamy   Swamy, Aravind   Aravind, K.","52","11","Indian Institute of Technology Delhi","New Delhi","India"
"","View last title","","","",""
"","","","","","",""
"417 13604714200 (i) on (i)","Bandyopadhyay, Aparajita  Bandyopadhyay, A.","51","8","Indian Institute of Technology Delhi","New Delhi","India"
"","View last title","","","",""
"","","","","","",""
"418 57213078963 (i) on (i)","Bhattacharya, Amitabh  Bhattacharya, A.","51","12","Indian Institute of Technology Delhi","New Delhi","India"
"","View last title","","","",""
"","","","","","",""
"419 26421157000 (i) on (i)","Dhanya, C. T.  Dhanya, C. T.","51","15","Indian Institute of Technology Delhi","New Delhi","India"
"","View last title","","","",""
"","","","","","",""
"420 56076357000 (i) on (i)","Ghosh, Pooja  Ghosh, P.","51","20","Indian Institute of Technology Delhi","New Delhi","India"
"","View last title","","","",""
"","","","","","",""
"421 7101933257 (i) on (i)","Habib, Gazala  Habib, G.","51","19","Indian Institute of Technology Delhi","New Delhi","India"
"","View last title","","","",""
"","","","","","",""
"422 6602529197 (i) on (i)","Keshari, Ashok Kumar  Keshari, Ashok K.   Keshari, A. K.","51","13","Indian Institute of Technology Delhi","New Delhi","India"
"","View last title","","","",""
"","","","","","",""
"423 7202996673 (i) on (i)","Khanna, Rajesh  Khanna, R.","51","20","Indian Institute of Technology Delhi","New Delhi","India"
"","View last title","","","",""
"","","","","","",""
"424 7102026133 (i) on (i)","Shah, Champaklal D.  SHAH, C. D.   Shah, C. D.   SHAH, CHAMPAKLAL D.","51","10","Indian Institute of Technology Delhi","New Delhi","India"
"","View last title","","","",""
"","","","","","",""
"425 57191377946 (i) on (i)","Sharma, Shweta L.  Sharma, S. L.   Sharma, S.   Sharma, Shweta","51","20","Indian Institute of Technology Delhi","New Delhi","India"
"","View last title","","","",""
"","","","","","",""
"426 7402610187 (i) on (i)","Mathur, S. S.","50","13","Indian Institute of Technology Delhi","New Delhi","India"
"","View last title","","","",""
"","","","","","",""
"427 7103356873 (i) on (i)","Mittal, Aditya  Mitital, Aditya","50","19","Indian Institute of Technology Delhi","New Delhi","India"
"","View last title","","","",""
"","","","","","",""
"428 7203000694 (i) on (i)","Pathak, Sandeep Kumar  Pathak, S.   Pathak, Sandeep   Pathak, Sandeep K.","50","29","Indian Institute of Technology Delhi","New Delhi","India"
"","View last title","","","",""
"","","","","","",""
"429 8660569100 (i) on (i)","Pattanayek, Sudip Kumar  Pattanayek, Sudip K.   Pattanayek, S. K.","50","14","Indian Institute of Technology Delhi","New Delhi","India"
"","View last title","","","",""
"","","","","","",""
"430 57203297309 (i) on (i)","Singh, Madhusudan  Singh, M.","50","16","Indian Institute of Technology Delhi","New Delhi","India"
"","View last title","","","",""
"","","","","","",""
"431 8837760100 (i) on (i)","Srivastava, Preeti  Srivastava, P.","50","12","Indian Institute of Technology Delhi","New Delhi","India"
"","View last title","","","",""
"","","","","","",""
"432 6701521747 (i) on (i)","Abbi, Satish C.  Abbi, S. C.   Abbi, S.","49","17","Indian Institute of Technology Delhi","New Delhi","India"
"","View last title","","","",""
"","","","","","",""
"433 7006823140 (i) on (i)","Ramakrishnan, C. V.","49","14","Indian Institute of Technology Delhi","New Delhi","India"
"","View last title","","","",""
"","","","","","",""
"434 7404763466 (i) on (i)","Singh, Kamlesh  Singh, K.","49","13","Indian Institute of Technology Delhi","New Delhi","India"
"","View last title","","","",""
"","","","","","",""
"435 15027617700 (i) on (i)","Srivastava, Vinod Kumar  Srivastava, V. K.   Srivastava, Vinod K.","49","13","Academy of Business and Engineering Sciences","Ghaziabad","India"
"","View last title","","","",""
"","","","","","",""
"436 8512568600 (i) on (i)","Iyer, K. Chandrashekhar  Iyer, K. C.   Iyer, K. Chandrasekhar","48","17","Indian Institute of Technology Delhi","New Delhi","India"
"","View last title","","","",""
"","","","","","",""
"437 36876292300 (i) on (i)","Kota, Sri Harsha  Kota, Sri H.   Kota, Sri   Kota, S. H.","48","21","Indian Institute of Technology Delhi","New Delhi","India"
"","View last title","","","",""
"","","","","","",""
"438 56478153200 (i) on (i)","Kundu, Subrata","48","18","Indian Institute of Technology Delhi","New Delhi","India"
"","View last title","","","",""
"","","","","","",""
"439 57202260132 (i) on (i)","Ravi Kumar, Digavalli  Kumar, Digavalli Ravi   Kumar, D. R.   Ravi Kumar, D. V.   Kumar, D. Ravi   Ravi Kumar, D.","48","15","Indian Institute of Technology Delhi","New Delhi","India"
"","View last title","","","",""
"","","","","","",""
"440 55044487000 (i) on (i)","Thomas, Sajesh P.  Thomas, Sajesh P.   Thomas, S.   Thomas, S. P.","48","20","Indian Institute of Technology Delhi","New Delhi","India"
"","View last title","","","",""
"","","","","","",""
"441 57200771695 (i) on (i)","Tripathi, Amitabha M.  Tripathi, Amitabha   Tripathi, A. M.","48","9","Indian Institute of Technology Delhi","New Delhi","India"
"","View last title","","","",""
"","","","","","",""
"442 55834997000 (i) on (i)","Viswanathan, Puthan Veedu  Viswanathan, P.   VISWANATHAN, P.   Puthan Veedu, Viswanathan","48","12","Indian Institute of Technology Delhi","New Delhi","India"
"","View last title","","","",""
"","","","","","",""
"443 54914966900 (i) on (i)","Bharadwaj, Richa","47","7","Indian Institute of Technology Delhi","New Delhi","India"
"","View last title","","","",""
"","","","","","",""
"444 56296018000 (i) on (i)","Chandra Sekhara Rao, S. Chandra Sekhara  Chandra Sekhara Rao, S.   Rao, S. C.S.   Rao, S. Chandra Sekhara","47","12","Indian Institute of Technology Delhi","New Delhi","India"
"","View last title","","","",""
"","","","","","",""
"445 7006414880 (i) on (i)","Chugh, Archana  Chugh, A.","47","17","Indian Institute of Technology Delhi","New Delhi","India"
"","View last title","","","",""
"","","","","","",""
"446 7006089881 (i) on (i)","Dua, Ramji Das  DUA, Ramji Das   Dua, Ramji D.   Dua, R. D.","47","7","Indian Institute of Technology Delhi","New Delhi","India"
"","View last title","","","",""
"","","","","","",""
"447 35546804700 (i) on (i)","Ghosh, Sankalpa  Ghosh, S.   Ghosh, Sankal","47","12","Indian Institute of Technology Delhi","New Delhi","India"
"","View last title","","","",""
"","","","","","",""
"448 57226779226 (i) on (i)","Gupta, Shyam Kumar  Gupta, Shyam K.   Gupta, S. K.","47","12","Indian Institute of Technology Delhi","New Delhi","India"
"","View last title","","","",""
"","","","","","",""
"449 56021043200 (i) on (i)","Jassal, Amanpreet Kaur  Jassal, A. K.   Jassal, Amanpreet K.","47","13","Indian Institute of Technology Delhi","New Delhi","India"
"","View last title","","","",""
"","","","","","",""
"450 7202728212 (i) on (i)","Jha, Sandeep Kumar  Jha, Sandeep K.   Jha, Sandeep   Jha, S. K.   Kumar Jha, Sandeep","47","19","Indian Institute of Technology Delhi","New Delhi","India"
"","View last title","","","",""
"","","","","","",""
"451 57201155665 (i) on (i)","Kewat, Seema","47","8","Indian Institute of Technology Delhi","New Delhi","India"
"","View last title","","","",""
"","","","","","",""
"452 55434325100 (i) on (i)","Mathur, Shashi  Mathur, S.","47","15","Indian Institute of Technology Delhi","New Delhi","India"
"","View last title","","","",""
"","","","","","",""
"453 7403992825 (i) on (i)","Rao, Gadepalli Nageswara  Rao, G. Nageswara   Rao, G. N.   Rao, Gadepalli N.","47","15","Indian Institute of Technology Delhi","New Delhi","India"
"","View last title","","","",""
"","","","","","",""
"454 7102674951 (i) on (i)","Suri, Sushil Krishan  Suri, Sushil K.   Suri, Sushll K.   Suri, S. K.","47","10","Indian Institute of Technology Delhi","New Delhi","India"
"","View last title","","","",""
"","","","","","",""
"455 24558858500 (i) on (i)","Banerjee, Prabir Kumar  Banerjee, P. K.   Banerjee, Prabir K.","46","10","Indian Institute of Technology Delhi","New Delhi","India"
"","View last title","","","",""
"","","","","","",""
"456 57210550129 (i) on (i)","Goswami, Ankur  Goswami, A.","46","16","Indian Institute of Technology Delhi","New Delhi","India"
"","View last title","","","",""
"","","","","","",""
"457 57220592129 (i) on (i)","Kumar, Sandeep Dharani  Kumar, S. Dharani   Kumar, Sandeep","46","15","Indian Institute of Technology Delhi","New Delhi","India"
"","View last title","","","",""
"","","","","","",""
"458 56539869600 (i) on (i)","Panwar, Lokesh Kumar  Panwar, Lokesh","46","12","Indian Institute of Technology Delhi","New Delhi","India"
"","View last title","","","",""
"","","","","","",""
"459 35181737500 (i) on (i)","Patel, Ashok Kumar  Patel, Ashok   Patel, A.   Patel, Ashok K.","46","18","Indian Institute of Technology Delhi","New Delhi","India"
"","View last title","","","",""
"","","","","","",""
"460 57207410571 (i) on (i)","Prakash, Surya G.  Prakash, Surya   Prakash, S. G.","46","13","Indian Institute of Technology Delhi","New Delhi","India"
"","View last title","","","",""
"","","","","","",""
"461 7402920483 (i) on (i)","Sen, Pradeep K.  Sen, P. K.","46","10","Indian Institute of Technology Delhi","New Delhi","India"
"","View last title","","","",""
"","","","","","",""
"462 57202881556 (i) on (i)","Singh, Surya Prakash  Prakash Singh, Surya   Singh, Surya P.   Singh, S. P.","46","7","Indian Institute of Technology Delhi","New Delhi","India"
"","View last title","","","",""
"","","","","","",""
"463 7003930167 (i) on (i)","Varadarajan, A.","46","9","Dr. M.G.R Educational and Research Institute","Chennai","India"
"","View last title","","","",""
"","","","","","",""
"464 57214786060 (i) on (i)","Ganguly, Dilip  Ganguly, D.","45","19","Indian Institute of Technology Delhi","New Delhi","India"
"","View last title","","","",""
"","","","","","",""
"465 56707021700 (i) on (i)","Kushwaha, Radha K.  Kushwaha, R. K.   Kushwaha, Radha","45","10","Indian Institute of Technology Delhi","New Delhi","India"
"","View last title","","","",""
"","","","","","",""
"466 56412544500 (i) on (i)","Mallick, Dhiman  Mallick, D.","45","11","Indian Institute of Technology Delhi","New Delhi","India"
"","View last title","","","",""
"","","","","","",""
"467 6603462843 (i) on (i)","Pitchumani, Balakrishnan P.  Pitchumani, Balakrishnan   Pitchumani, B. P.   Pitchumani, B.","45","13","Indian Institute of Technology Delhi","New Delhi","India"
"","View last title","","","",""
"","","","","","",""
"468 7006851077 (i) on (i)","Ravi, M. R.  Ravi, M. R.   Ravi, M.   Ravi, Maniarasu","45","17","Indian Institute of Technology Delhi","New Delhi","India"
"","View last title","","","",""
"","","","","","",""
"469 55412471200 (i) on (i)","Sahu, Jatindra Kumar  Sahu, Jatindra   Sahu, J. K.   Sahu, Jatindra K.","45","9","Indian Institute of Technology Delhi","New Delhi","India"
"","View last title","","","",""
"","","","","","",""
"470 7005118757 (i) on (i)","Vyas, Anoop Lal  Vyas, A. L.   Vyas, Anoop L.  				                Vyas, Anoop","45","11","Indian Institute of Technology Delhi","New Delhi","India"
"","View last title","","","",""
"","","","","","",""
"471 7103381001 (i) on (i)","Bandyopadhyay, Debkumar  Bandyopadhyay, D.","44","15","Indian Institute of Technology Delhi","New Delhi","India"
"","View last title","","","",""
"","","","","","",""
"472 12797689300 (i) on (i)","Bandyopadhyay-Ghosh, Sanchita  Bandyopadhyay-Ghosh, S.   Bandyopadhyay Ghosh, S.   Bandyopadhyay, S.","44","13","Indian Institute of Technology Delhi","New Delhi","India"
"","View last title","","","",""
"","","","","","",""
"473 57146946800 (i) on (i)","Ganguli, A.  Gangui, A.   Ganguli, A.","44","13","Indian Institute of Technology Delhi","New Delhi","India"
"","View last title","","","",""
"","","","","","",""
"474 55946191600 (i) on (i)","Kumar, Sunil  Kumar, S.   Sunil, Kumar","44","12","Indian Institute of Technology Delhi","New Delhi","India"
"","View last title","","","",""
"","","","","","",""
"475 56220790200 (i) on (i)","Kundu, Subiman  Kundu, S.","44","7","Indian Institute of Technology Delhi","New Delhi","India"
"","View last title","","","",""
"","","","","","",""
"476 57192075438 (i) on (i)","Naik, Satya Narayan  Naik, Satya   Naik, S.   Naik, S. N.   Naik, Satya N.   Naik, Satya Narayana","44","13","Indian Institute of Technology Delhi","New Delhi","India"
"","View last title","","","",""
"","","","","","",""
"477 8853819500 (i) on (i)","Ayothiraman, Ramanathan  Ayothiraman, R.   Ayothiramani, R.","43","11","Indian Institute of Technology Delhi","New Delhi","India"
"","View last title","","","",""
"","","","","","",""
"478 7202132362 (i) on (i)","Bhatt, Rajendra Kumar Purushottam  Bhatt, R. K.P.   Bhatt, Rajendra K.P.","43","11","Indian Institute of Technology Delhi","New Delhi","India"
"","View last title","","","",""
"","","","","","",""
"479 57210683478 (i) on (i)","Chaturvedi, Mahesh Chandra  Chaturvedi, M. C.   Chaturvedi, Mahesh C.","43","6","Indian Institute of Technology Kanpur","Kanpur","India"
"","View last title","","","",""
"","","","","","",""
"480 16218758600 (i) on (i)","Chopra, Subhash  Chopra, S.","43","8","Indian Institute of Technology Delhi","New Delhi","India"
"","View last title","","","",""
"","","","","","",""
"481 7004067077 (i) on (i)","Jha, Chandra Shekar  Jha, Chandra S.   Jha, C. S.","43","13","Indian Institute of Technology Delhi","New Delhi","India"
"","View last title","","","",""
"","","","","","",""
"482 14068660500 (i) on (i)","Kanda, Arun  Kanda, A.   Arun, Kanda","43","20","Indian Institute of Technology Delhi","New Delhi","India"
"","View last title","","","",""
"","","","","","",""
"483 57195937071 (i) on (i)","Amrr, Syed Muhammad","42","10","Indian Institute of Technology Delhi","New Delhi","India"
"","View last title","","","",""
"","","","","","",""
"484 55883619500 (i) on (i)","Banerjee, Shib Shankar","42","13","Indian Institute of Technology Delhi","New Delhi","India"
"","View last title","","","",""
"","","","","","",""
"485 36069014800 (i) on (i)","Chakraborty, Abhijnan  CHAKRABORTY, ABHIJNAN","42","12","Indian Institute of Technology Delhi","New Delhi","India"
"","View last title","","","",""
"","","","","","",""
"486 56183635300 (i) on (i)","Datla, Naresh Varma  Datla, Naresh V.   Datla, N. V.   Datla, Naresh","42","14","Indian Institute of Technology Delhi","New Delhi","India"
"","View last title","","","",""
"","","","","","",""
"487 57190069963 (i) on (i)","Husain, Sajid  Husain, S.","42","12","Indian Institute of Technology Delhi","New Delhi","India"
"","View last title","","","",""
"","","","","","",""
"488 7102929410 (i) on (i)","Kale, Sunil R.  Kale, S. R.   Kale, Sunil","42","13","Indian Institute of Technology Delhi","New Delhi","India"
"","View last title","","","",""
"","","","","","",""
"489 57193984615 (i) on (i)","Kapoor, Ashok Kumar  Kapoor, A. K.   Kapoor, Ashok K.   Kapoor, A.   Kapoor, Ashok","42","15","Indian Institute of Technology Delhi","New Delhi","India"
"","View last title","","","",""
"","","","","","",""
"490 24169312800 (i) on (i)","Narain, Rahul  Rahul Narain, R.   Narain","42","21","Indian Institute of Technology Delhi","New Delhi","India"
"","View last title","","","",""
"","","","","","",""
"491 8607791400 (i) on (i)","Ramteke, Manojkumar","42","12","Indian Institute of Technology Delhi","New Delhi","India"
"","View last title","","","",""
"","","","","","",""
"492 35120826800 (i) on (i)","Roy, Subhadeep","42","15","Indian Institute of Technology Delhi","New Delhi","India"
"","View last title","","","",""
"","","","","","",""
"493 57115947900 (i) on (i)","Chandra, Ram  Chandra, R.","41","13","Indian Institute of Technology Delhi","New Delhi","India"
"","View last title","","","",""
"","","","","","",""
"494 24069880100 (i) on (i)","Das, Pintu  Das, P.","41","8","Indian Institute of Technology Delhi","New Delhi","India"
"","View last title","","","",""
"","","","","","",""
"495 8411191100 (i) on (i)","Ghosh, Joyee  Ghosh, J.","41","9","Indian Institute of Technology Delhi","New Delhi","India"
"","View last title","","","",""
"","","","","","",""
"496 55694460500 (i) on (i)","Khan, Saba Nashreen 	       Khan, Saba N.","41","7","University of St Andrews","St Andrews","United Kingdom"
"","View last title","","","",""
"","","","","","",""
"497 35213505100 (i) on (i)","Lugani, Jasleen  Lugani, J.   Lugańi, Jasleeń","41","7","Indian Institute of Technology Delhi","New Delhi","India"
"","View last title","","","",""
"","","","","","",""
"498 35410103300 (i) on (i)","Nayak, Tapan  Nayak, Tapan Kumar   Nayak, Tapan K.","41","21","Indian Institute of Technology Delhi","New Delhi","India"
"","View last title","","","",""
"","","","","","",""
"499 36912631000 (i) on (i)","Ram, Ram Nath  Ram, R. N.   Ram, Ram N.   Ram, R.","41","15","Indian Institute of Technology Delhi","New Delhi","India"
"","View last title","","","",""
"","","","","","",""
"500 7003931680 (i) on (i)","Roychoudhury, Pradip Kumar  Roychoudhury, Pradip K.   Roychoudhury, P. K.   RoyChoudhury, P. K.","41","15","Indian Institute of Technology Delhi","New Delhi","India"
"","View last title","","","",""
"","","","","","",""
"501 57281462400 (i) on (i)","Singh, Shveta","41","11","Indian Institute of Technology Delhi","New Delhi","India"
"","View last title","","","",""
"","","","","","",""
"502 14058859200 (i) on (i)","Srirangarajan, Seshan","41","10","Indian Institute of Technology Delhi","New Delhi","India"
"","View last title","","","",""
"","","","","","",""
"503 35763770900 (i) on (i)","Agarwal, Manish  Agarwal, M.   Manish, Agarwal","40","18","Indian Institute of Technology Delhi","New Delhi","India"
"","View last title","","","",""
"","","","","","",""
"504 6602408397 (i) on (i)","Bhal, Kanika Tandon  Bhal, K. T.   Bhal, Kanika T.","40","11","Indian Institute of Technology Delhi","New Delhi","India"
"","View last title","","","",""
"","","","","","",""
"505 7004000397 (i) on (i)","Bhutani, Omprakash  Bhutani, Om P.   Bhutani, O. P.   Bhutani, Om Prakash","40","6","Indian Institute of Technology Delhi","New Delhi","India"
"","View last title","","","",""
"","","","","","",""
"506 8717863400 (i) on (i)","Bolia, Nomesh B.  Bolia, N.   Bolia, Nomesh   Bolia, Nomesh Bhojkumar   Bolia, Nomes   B. Bolia, Nomesh   Bolia, Nomesh B.","40","14","Indian Institute of Technology Delhi","New Delhi","India"
"","View last title","","","",""
"","","","","","",""
"507 24533014600 (i) on (i)","Chakraborty, Biswarup  Chakraborty, B.","40","16","Indian Institute of Technology Delhi","New Delhi","India"
"","View last title","","","",""
"","","","","","",""
"508 57202929990 (i) on (i)","Chishti, Farheen","40","6","Indian Institute of Technology Delhi","New Delhi","India"
"","View last title","","","",""
"","","","","","",""
"509 36672871200 (i) on (i)","Fatima, Shahab  Fatima, S.","40","10","Indian Institute of Technology Delhi","New Delhi","India"
"","View last title","","","",""
"","","","","","",""
"510 22940988500 (i) on (i)","Kaushal, Priyanka  Kaushal, P.","40","12","Indian Institute of Technology Delhi","New Delhi","India"
"","View last title","","","",""
"","","","","","",""
"511 26638242200 (i) on (i)","Khera, Reetika","40","16","Indian Institute of Technology Delhi","New Delhi","India"
"","View last title","","","",""
"","","","","","",""
"512 56086533600 (i) on (i)","Mandal, Sourav  Mandal, S.","40","9","Indian Institute of Technology Delhi","New Delhi","India"
"","View last title","","","",""
"","","","","","",""
"513 35488395700 (i) on (i)","Menon, Manoj B.  Menon, Manoj B.   Menon, M. B.","40","19","Indian Institute of Technology Delhi","New Delhi","India"
"","View last title","","","",""
"","","","","","",""
"514 7102402612 (i) on (i)","Narang, Atul  Narang, A.","40","16","Indian Institute of Technology Delhi","New Delhi","India"
"","View last title","","","",""
"","","","","","",""
"515 7202746365 (i) on (i)","Pandey, Pramod S.  Pandey, P. S.","40","16","Indian Institute of Technology Delhi","New Delhi","India"
"","View last title","","","",""
"","","","","","",""
"516 12143940500 (i) on (i)","Tiwari, Vikrant  Tiwari, V.","40","11","Indian Institute of Technology Delhi","New Delhi","India"
"","View last title","","","",""
"","","","","","",""
"517 57218255065 (i) on (i)","Kant, Piyush","39","6","Indian Institute of Technology Delhi","New Delhi","India"
"","View last title","","","",""
"","","","","","",""
"518 24376618200 (i) on (i)","Khosa, Rakesh  Khosa, R.","39","17","Indian Institute of Technology Delhi","New Delhi","India"
"","View last title","","","",""
"","","","","","",""
"519 57202478197 (i) on (i)","Kumar, Deepak","39","11","Indian Institute of Technology Delhi","New Delhi","India"
"","View last title","","","",""
"","","","","","",""
"520 22934924200 (i) on (i)","Mani, Brajesh Kumar  Mani, B. K.   Mani, Brajesh K.","39","13","Indian Institute of Technology Delhi","New Delhi","India"
"","View last title","","","",""
"","","","","","",""
"521 6602612812 (i) on (i)","Patney, Rakesh Kumar  Patney, Rakesh K.   Patney, R. K.   Patney, Rakesh","39","8","Indian Institute of Technology Delhi","New Delhi","India"
"","View last title","","","",""
"","","","","","",""
"522 37361474100 (i) on (i)","Sagar, Mahim  Sagar, M.","39","12","Indian Institute of Technology Delhi","New Delhi","India"
"","View last title","","","",""
"","","","","","",""
"523 37065175900 (i) on (i)","Saha, Kaushik  Saha, K.","39","12","Indian Institute of Technology Delhi","New Delhi","India"
"","View last title","","","",""
"","","","","","",""
"524 57391301800 (i) on (i)","Sharma, Seema  Sharma, Sheema","39","13","Indian Institute of Technology Delhi","New Delhi","India"
"","View last title","","","",""
"","","","","","",""
"525 26432869400 (i) on (i)","Srivastava, Jagdambika Prasad  Srivastava, J. B.","39","8","Indian Institute of Technology Delhi","New Delhi","India"
"","View last title","","","",""
"","","","","","",""
"526 56207395100 (i) on (i)","Chattopadhyay, Sumit Kumar  Chattopadhyay, Sumit   Chattopadhyay, Sumit K.","38","10","Indian Institute of Technology Delhi","New Delhi","India"
"","View last title","","","",""
"","","","","","",""
"527 11540795800 (i) on (i)","Dubey, Satish Kumar  Dubey, Satish K.   Dubey, Satish   Dubey, S.   Dubey, S. K.","38","9","Indian Institute of Technology Delhi","New Delhi","India"
"","View last title","","","",""
"","","","","","",""
"528 7405769888 (i) on (i)","Kumar, Sunil","38","12","Indian Institute of Technology Delhi","New Delhi","India"
"","View last title","","","",""
"","","","","","",""
"529 6701445638 (i) on (i)","Mavi, H. S.","38","16","Indian Institute of Technology Delhi","New Delhi","India"
"","View last title","","","",""
"","","","","","",""
"530 57197639527 (i) on (i)","Mittal, R. M.  Mittal, R.","38","2","Indian Institute of Technology Delhi","New Delhi","India"
"","View last title","","","",""
"","","","","","",""
"531 16025290700 (i) on (i)","Pant, Vimlesh  Pant, V.","38","13","Indian Institute of Technology Delhi","New Delhi","India"
"","View last title","","","",""
"","","","","","",""
"532 55235367100 (i) on (i)","Roy, Sitikantha  Roy, S.","38","9","Indian Institute of Technology Delhi","New Delhi","India"
"","View last title","","","",""
"","","","","","",""
"533 55620146800 (i) on (i)","Sahu, Baidyanath N.  Sahu, B.   Sahu, B. N.   Sahu, Baidyanath","38","9","Indian Institute of Technology Delhi","New Delhi","India"
"","View last title","","","",""
"","","","","","",""
"534 57189245208 (i) on (i)","Sharma, Richa A.  Sharma, R.   Sharma, R. A.   Sharma, Richa","38","10","Indian Institute of Technology Delhi","New Delhi","India"
"","View last title","","","",""
"","","","","","",""
"535 56326674100 (i) on (i)","Singh, Jai Deo  Singh, Jai D.   Singh, J. D.","38","14","Indian Institute of Technology Delhi","New Delhi","India"
"","View last title","","","",""
"","","","","","",""
"536 55861604500 (i) on (i)","Yadav, Nitin  Yadav, N.","38","6","Indian Institute of Technology Delhi","New Delhi","India"
"","View last title","","","",""
"","","","","","",""
"537 6603433259 (i) on (i)","Baidya Roy, Somnath  Roy, Somnath Baidya   Roy, S. B.   Baidya Roy, S.","37","20","Indian Institute of Technology Delhi","New Delhi","India"
"","View last title","","","",""
"","","","","","",""
"538 57196354473 (i) on (i)","Kashiramka, Smita","37","9","Indian Institute of Technology Delhi","New Delhi","India"
"","View last title","","","",""
"","","","","","",""
"539 57220045398 (i) on (i)","Kumar, Madan  Kumar, M.","37","16","Indian Institute of Technology Delhi","New Delhi","India"
"","View last title","","","",""
"","","","","","",""
"540 25628298100 (i) on (i)","Nebhani, Leena  Nebhani, L.","37","15","Indian Institute of Technology Delhi","New Delhi","India"
"","View last title","","","",""
"","","","","","",""
"541 23100716100 (i) on (i)","Pradyumna, Sathyasimha  Pradyumna, S.","37","16","Indian Institute of Technology Delhi","New Delhi","India"
"","View last title","","","",""
"","","","","","",""
"542 55354696100 (i) on (i)","Ray, Anjan  Ray, A.","37","20","Indian Institute of Technology Delhi","New Delhi","India"
"","View last title","","","",""
"","","","","","",""
"543 36629197300 (i) on (i)","Siddhanta, Soumik","37","13","Indian Institute of Technology Delhi","New Delhi","India"
"","View last title","","","",""
"","","","","","",""
"544 57211827684 (i) on (i)","Singh, Garima","37","8","Indian Institute of Technology Delhi","New Delhi","India"
"","View last title","","","",""
"","","","","","",""
"545 56884250300 (i) on (i)","Venkateswara Rao, P.  Paruchuri, Venkateswara Rao   Venkateswara Rao, P.","37","22","Indian Institute of Technology Delhi","New Delhi","India"
"","View last title","","","",""
"","","","","","",""
"546 8062428200 (i) on (i)","Kumar, Jyoti Senthil  Kumar, Jyoti         Kumar, J. Senthil","36","7","Indian Institute of Technology Delhi","New Delhi","India"
"","View last title","","","",""
"","","","","","",""
"547 24468968100 (i) on (i)","Sahany, Sandeep  Sahany, S.","36","17","Centre for Climate Research Singapore","Singapore City","Singapore"
"","View last title","","","",""
"","","","","","",""
"548 57192671551 (i) on (i)","Sharma, Ashok Kumar  Sharma, Ashok K.   Sharma, A. K.","36","12","Indian Institute of Technology Delhi","New Delhi","India"
"","View last title","","","",""
"","","","","","",""
"549 36952456800 (i) on (i)","Singh, Yashi","36","6","Indian Institute of Technology Delhi","New Delhi","India"
"","View last title","","","",""
"","","","","","",""
"550 57219248379 (i) on (i)","Tandon, Srinath N.  Tandon, S. N.   TANDON, S. N.   Tandon, Srinath","36","10","Indian Institute of Technology Delhi","New Delhi","India"
"","View last title","","","",""
"","","","","","",""
"551 6602834941 (i) on (i)","Tarey, Ram D.  Tarey, R. D.","36","12","Indian Institute of Technology Delhi","New Delhi","India"
"","View last title","","","",""
"","","","","","",""
"552 7103331338 (i) on (i)","Bansal, Sorav","35","14","Indian Institute of Technology Delhi","New Delhi","India"
"","View last title","","","",""
"","","","","","",""
"553 35884745300 (i) on (i)","Garg, Vipin  Garg, V.","35","12","Indian Institute of Technology Delhi","New Delhi","India"
"","View last title","","","",""
"","","","","","",""
"554 57206837567 (i) on (i)","Gupta, Ankur  Gupta, A.","35","6","Indian Institute of Technology Delhi","New Delhi","India"
"","View last title","","","",""
"","","","","","",""
"555 24831867000 (i) on (i)","Husain, Samar","35","10","Indian Institute of Technology Delhi","New Delhi","India"
"","View last title","","","",""
"","","","","","",""
"556 56897214300 (i) on (i)","Jaswal, Gaurav","35","11","Indian Institute of Technology Delhi","New Delhi","India"
"","View last title","","","",""
"","","","","","",""
"557 35362541400 (i) on (i)","Narang, Ankur  Narang, A.","35","8","Indian Institute of Technology Delhi","New Delhi","India"
"","View last title","","","",""
"","","","","","",""
"558 7005098135 (i) on (i)","Parmar, Ranjit Singh  Parmar, R. S.","35","8","Indian Institute of Technology Delhi","New Delhi","India"
"","View last title","","","",""
"","","","","","",""
"559 36189008700 (i) on (i)","Sen, Rijurekha","35","13","Indian Institute of Technology Delhi","New Delhi","India"
"","View last title","","","",""
"","","","","","",""
"560 6602557449 (i) on (i)","Shahani, Dilip Tekchand  Shahani, D.   Shahani, D. T.","35","13","Indian Institute of Technology Delhi","New Delhi","India"
"","View last title","","","",""
"","","","","","",""
"561 7101753412 (i) on (i)","Shankar, Rama  Shankar, R.","35","6","Indian Institute of Technology Delhi","New Delhi","India"
"","View last title","","","",""
"","","","","","",""
"562 57193951175 (i) on (i)","Agrawal, Rohit","34","10","Indian Institute of Technology Delhi","New Delhi","India"
"","View last title","","","",""
"","","","","","",""
"563 6603893298 (i) on (i)","Athre, K.","34","15","Indian Institute of Technology Delhi","New Delhi","India"
"","View last title","","","",""
"","","","","","",""
"564 57200956281 (i) on (i)","Chattopadhyay, Arpan","34","7","Indian Institute of Technology Delhi","New Delhi","India"
"","View last title","","","",""
"","","","","","",""
"565 56340375500 (i) on (i)","Pramanick, Sumit  Pramanick, S.   Pramanick, Sumit Kumar   Kumar Pramanick, Sumit","34","12","Indian Institute of Technology Delhi","New Delhi","India"
"","View last title","","","",""
"","","","","","",""
"566 24171652100 (i) on (i)","Samanta, Arghya  Samanta, A.","34","13","Indian Institute of Technology Delhi","New Delhi","India"
"","View last title","","","",""
"","","","","","",""
"567 57201952212 (i) on (i)","Sharma, Nitya","34","10","Indian Institute of Technology Delhi","New Delhi","India"
"","View last title","","","",""
"","","","","","",""
"568 57210726317 (i) on (i)","Verma, Anjeet Kumar  Verma, Anjeet","34","10","Indian Institute of Technology Delhi","New Delhi","India"
"","View last title","","","",""
"","","","","","",""
"569 55452897600 (i) on (i)","Agarwal, Sumeet","33","11","Indian Institute of Technology Delhi","New Delhi","India"
"","View last title","","","",""
"","","","","","",""
"570 55943488200 (i) on (i)","Barik, Rasmita  Barik, R.   Barik, R. R.","33","13","Indian Institute of Technology Delhi","New Delhi","India"
"","View last title","","","",""
"","","","","","",""
"571 7006374447 (i) on (i)","Bhatia, Divesh","33","10","Indian Institute of Technology Delhi","New Delhi","India"
"","View last title","","","",""
"","","","","","",""
"572 23029891200 (i) on (i)","Bhaumik, Basabi  Bhaumik, Bsabi   Bhaumik, B.","33","7","Indian Institute of Technology Delhi","New Delhi","India"
"","View last title","","","",""
"","","","","","",""
"573 55221880700 (i) on (i)","Bisht, Meena  Bisht, M. S.","33","14","Indian Institute of Technology Delhi","New Delhi","India"
"","View last title","","","",""
"","","","","","",""
"574 55668918500 (i) on (i)","Chakma, Sumedha  Chakma, Sumeda","33","10","Indian Institute of Technology Delhi","New Delhi","India"
"","View last title","","","",""
"","","","","","",""
"575 57211727173 (i) on (i)","Chandra, Ram  Chandra, R.","33","9","Indian Institute of Technology Delhi","New Delhi","India"
"","View last title","","","",""
"","","","","","",""
"576 22952938400 (i) on (i)","Chokshi, Paresh  Chokshi, P.","33","10","Indian Institute of Technology Delhi","New Delhi","India"
"","View last title","","","",""
"","","","","","",""
"577 37007393800 (i) on (i)","Goel, Rahul  Goel, R.","33","15","Indian Institute of Technology Delhi","New Delhi","India"
"","View last title","","","",""
"","","","","","",""
"578 6508097329 (i) on (i)","Jere, G. V.","33","9","Indian Institute of Technology Delhi","New Delhi","India"
"","View last title","","","",""
"","","","","","",""
"579 57714840000 (i) on (i)","Kumar, Praveen Ajay  Kumar, P.   Kumar, P. Ajay   Kumar, Praveen","33","9","Indian Institute of Technology Delhi","New Delhi","India"
"","View last title","","","",""
"","","","","","",""
"580 57220974632 (i) on (i)","Kumar, Varun","33","11","Indian Institute of Technology Delhi","New Delhi","India"
"","View last title","","","",""
"","","","","","",""
"581 57188558468 (i) on (i)","Laha, Arnab","33","11","Indian Institute of Technology Delhi","New Delhi","India"
"","View last title","","","",""
"","","","","","",""
"582 7006567711 (i) on (i)","Maheshwari, Satyavardhan N.  Maheshwari, Satyavardhan   Maheshwari, S. N.","33","10","Indian Institute of Technology Delhi","New Delhi","India"
"","View last title","","","",""
"","","","","","",""
"583 57205700929 (i) on (i)","Maheswari, J. Uma  Maheswari, J. Uma   Uma Maheswari, J.   Maheswari, J. U.   Maheswari, Uma","33","6","Indian Institute of Technology Delhi","New Delhi","India"
"","View last title","","","",""
"","","","","","",""
"584 7201939477 (i) on (i)","Mehta, K. N.","33","10","Indian Institute of Technology Delhi","New Delhi","India"
"","View last title","","","",""
"","","","","","",""
"585 7202569581 (i) on (i)","Mohanty, Sanat  Mohanty, S.","33","11","Indian Institute of Technology Delhi","New Delhi","India"
"","View last title","","","",""
"","","","","","",""
"586 6602557167 (i) on (i)","Nadir, Upender K.  Nadir, Upendir K.   Nadir, U. K.   Nadir, Upender","33","16","Indian Institute of Technology Delhi","New Delhi","India"
"","View last title","","","",""
"","","","","","",""
"587 6602756719 (i) on (i)","Prakasa Rao, K. S.","33","8","Indian Institute of Technology Delhi","New Delhi","India"
"","View last title","","","",""
"","","","","","",""
"588 7006534340 (i) on (i)","Sarkar, Jayati  Sakar, Jayati   Sarkar, J.","33","12","Indian Institute of Technology Delhi","New Delhi","India"
"","View last title","","","",""
"","","","","","",""
"589 57221223265 (i) on (i)","Singh, Shailendra K.  Singh, Shailendra   Singh, S. K.","33","7","Indian Institute of Technology Delhi","New Delhi","India"
"","View last title","","","",""
"","","","","","",""
"590 7201981555 (i) on (i)","Anand, Ramesh Chander  Anand, R. C.   Anand, Ramesh C.","32","11","Indian Institute of Technology Delhi","New Delhi","India"
"","View last title","","","",""
"","","","","","",""
"591 7202185076 (i) on (i)","Bansal, Raj Kumar  Bansal, Raj K.   BANSAL, R. K.   Bansal, R. K.","32","10","Indian Institute of Technology Delhi","New Delhi","India"
"","View last title","","","",""
"","","","","","",""
"592 57205101613 (i) on (i)","Bansal, Rajni K.  Bansal, R.   Bansal, Rajni   Bansal, R. K.","32","11","Indian Institute of Technology Delhi","New Delhi","India"
"","View last title","","","",""
"","","","","","",""
"593 57539879200 (i) on (i)","Biswas, K. K.  Biswas, KK","32","7","Indian Institute of Technology Delhi","New Delhi","India"
"","View last title","","","",""
"","","","","","",""
"594 35317502800 (i) on (i)","Dubey, Devendra Kumar  Dubey, Devendra K.   Dubey, Devendra k.   Dubey, D. K.","32","9","Indian Institute of Technology Delhi","New Delhi","India"
"","View last title","","","",""
"","","","","","",""
"595 55360117000 (i) on (i)","Iyer, Abhishek M.  Iyer, A. M.   Iyer, A.   Iyer, Abhishek","32","9","Indian Institute of Technology Delhi","New Delhi","India"
"","View last title","","","",""
"","","","","","",""
"596 24314576100 (i) on (i)","Kumar, Amioy  Kumar, Amoiy   Kumar, A.","32","12","Indian Institute of Technology Delhi","New Delhi","India"
"","View last title","","","",""
"","","","","","",""
"597 6507897051 (i) on (i)","Kurur, Narayanan D.  Kurur, N. D.","32","14","Indian Institute of Technology Delhi","New Delhi","India"
"","View last title","","","",""
"","","","","","",""
"598 35546383800 (i) on (i)","Saxena, Rajendra K.  Saxena, R.   Saxena, R. K.","32","7","Indian Institute of Technology Delhi","New Delhi","India"
"","View last title","","","",""
"","","","","","",""
"599 36072836400 (i) on (i)","Sharma, Ranju K.  Sharma, R.   Sharma, Ranju   Sharma, R. K.","32","7","Indian Institute of Technology Delhi","New Delhi","India"
"","View last title","","","",""
"","","","","","",""
"600 7202989014 (i) on (i)","Chaturvedi, Shivani  Chaturvedi, S.","31","9","Indian Institute of Technology Delhi","New Delhi","India"
"","View last title","","","",""
"","","","","","",""