"Result Number","Author","Documents","h-index          Author metrics Scopus is adding an array of metrics for researchers. As an initial step, the h-index has been added.  The h-graph is one way of displaying and comparing the productivity and impact of published work of scholars. It should only be used together with a mix of quantitative and qualitative metrics.  More metrics will be added in the course of the year.","Affiliation","City","Country/Territory"
"1 35227719200 (i) on (i)","Nandi, Basanta Kumar  Nandi, Basanta K.   Nandi, Basanta   Nandi, B.   Nandi, B. K.   Nandi, B.  K","706","124","Indian Institute of Technology Bombay","Mumbai","India"
"","View last title","","","",""
"","","","","","",""
"2 35228110500 (i) on (i)","Varma, Raghava  Varma, R.","526","114","Indian Institute of Technology Bombay","Mumbai","India"
"","View last title","","","",""
"","","","","","",""
"3 55541317300 (i) on (i)","Dash, Sadhana  Dash, S.","475","97","Indian Institute of Technology Bombay","Mumbai","India"
"","View last title","","","",""
"","","","","","",""
"4 57192900310 (i) on (i)","Chakrabarti, Subhananda  Chakrabarti, S.   Chakrabarti, Shubhananda","421","29","Indian Institute of Technology Bombay","Mumbai","India"
"","View last title","","","",""
"","","","","","",""
"5 34567632500 (i) on (i)","Banerjee, Piyali  Banerjee, P.","398","85","Indian Institute of Technology Bombay","Mumbai","India"
"","View last title","","","",""
"","","","","","",""
"6 57204083493 (i) on (i)","Agarwal, Vivek  Agarwal, V.   Agarval, Vivek   Agarwal, Vivek","359","40","Indian Institute of Technology Bombay","Mumbai","India"
"","View last title","","","",""
"","","","","","",""
"7 7005185245 (i) on (i)","Ramamritham, Krithi  Krithi, Ramamritham   Ramamritham, K.   Ramamritham, Krithivasan","357","49","Indian Institute of Technology Bombay","Mumbai","India"
"","View last title","","","",""
"","","","","","",""
"8 35462660300 (i) on (i)","Singh, Trilok Nath  Singh, T. N.   Singh, Trilok N.   Singh, T.","352","54","Indian Institute of Technology Bombay","Mumbai","India"
"","View last title","","","",""
"","","","","","",""
"9 7003788650 (i) on (i)","Ravikanth, Mangalampalli  Mangalampalli, Ravikanth   Ravikanth, M.","312","38","Indian Institute of Technology Bombay","Mumbai","India"
"","View last title","","","",""
"","","","","","",""
"10 35454133100 (i) on (i)","Sahoo, Pragati  Sahoo, P.","306","51","Indian Institute of Technology Bombay","Mumbai","India"
"","View last title","","","",""
"","","","","","",""
"11 7003781658 (i) on (i)","Lahiri, Goutam Kumar  Lahiri, G. K.   Lahiri, Goutam K.   Lahiri, Gautam K.   Kumar Lahiri, Goutam","305","50","Indian Institute of Technology Bombay","Mumbai","India"
"","View last title","","","",""
"","","","","","",""
"12 57212921166 (i) on (i)","Sharma, Vikas Kumar  Sharma, Vikash   Sharma, Vikas̀ K.   Sharma, V.   Sharma, Vikas K.   Sharma, Vikas   Sharma, V. K.","299","39","Indian Institute of Technology Bombay","Mumbai","India"
"","View last title","","","",""
"","","","","","",""
"13 26540761700 (i) on (i)","Kotha, Sambasivarao  Kotha, Sanbasivarao   Kotha, S.","295","54","Indian Institute of Technology Bombay","Mumbai","India"
"","View last title","","","",""
"","","","","","",""
"14 57203207864 (i) on (i)","Borkar, Vivek Shripad  Borkar, Vivek S.   Borkar, V. S.   Borkar, Vivek   Vivek, B. S.   BORKAR, VIVEK S.   Borkar, V.","290","33","Indian Institute of Technology Bombay","Mumbai","India"
"","View last title","","","",""
"","","","","","",""
"15 7402977965 (i) on (i)","Chaudhuri, Subhasis  Chaudhauri, Subhasis   Chaudhuri, S.   Chaudhuri, Subhais","285","39","Indian Institute of Technology Bombay","Mumbai","India"
"","View last title","","","",""
"","","","","","",""
"16 9635357300 (i) on (i)","Shojaei Baghini, Maryam  Shojaei-Baghini, M.   Shojaei-Baghini, Maryam   Baghini, M. S.   Shojaei Baghini, M.   Baghini, M. Shoiaei   Baghini, Maryam Shojaei   Baghini, M. Shojaei   Baghini, Maryam S.","279","23","Indian Institute of Technology Bombay","Mumbai","India"
"","View last title","","","",""
"","","","","","",""
"17 7006657053 (i) on (i)","Samajdar, Indradev S.  Samjadar, I.   Samajdar, Indradev   Samajdar, I. S.   Samajdar, I. D.   Samajdar, I.   Samajdar, Indradev S.","278","37","Indian Institute of Technology Bombay","Mumbai","India"
"","View last title","","","",""
"","","","","","",""
"18 55666920200 (i) on (i)","Narain Singh, Devendra  Singh, D.   Singh, D. N.   Singh, Devandra N.   Sing, D. N.   Singh, Devendra Narain   Singh, Devendra N.","264","37","Indian Institute of Technology Bombay","Mumbai","India"
"","View last title","","","",""
"","","","","","",""
"19 6602194731 (i) on (i)","Rajaraman, Gopalan  Rajaraman, G.","264","53","Indian Institute of Technology Bombay","Mumbai","India"
"","View last title","","","",""
"","","","","","",""
"20 7003688762 (i) on (i)","Bellare, Jayesh Ramesh  Bellare, J. R.   Bellare, Jayesh R.   Bellare, Jayesh H.   Bellare, Jayesh   Bellare, J.","258","41","Indian Institute of Technology Bombay","Mumbai","India"
"","View last title","","","",""
"","","","","","",""
"21 7103241789 (i) on (i)","Suresh, Krishnawarrier Gopinatha  Suresh, Krishna G.   Suresh, Krishna Gopinatha   Suresh, Krishnawarrier G.   Suresh, K.   Suresh, K. G.","256","40","Indian Institute of Technology Bombay","Mumbai","India"
"","View last title","","","",""
"","","","","","",""
"22 7102781564 (i) on (i)","Arora, Brij Mohan 				       Arora, B. M.   Arora, B.   Arora, Brij M.","252","20","Indian Institute of Technology Bombay","Mumbai","India"
"","View last title","","","",""
"","","","","","",""
"23 7005292115 (i) on (i)","Pai, Archana  Pai, A.","249","73","Indian Institute of Technology Bombay","Mumbai","India"
"","View last title","","","",""
"","","","","","",""
"24 56277793100 (i) on (i)","Sivakumar, Bellie  Sivakumar, B.   SivaKumar, Bellie","245","43","Indian Institute of Technology Bombay","Mumbai","India"
"","View last title","","","",""
"","","","","","",""
"25 7102526802 (i) on (i)","Mahapatra, Souvik  Mahapatra, S.","240","33","Indian Institute of Technology Bombay","Mumbai","India"
"","View last title","","","",""
"","","","","","",""
"26 7201421865 (i) on (i)","Aguilar, Marie Isabel  Aguilar, M. I.   Aguilar, M.   AGUILAR, Marie Isabel   Aguilar, Mare Isabel   Aguilar, Mibel","238","47","Monash University","Melbourne","Australia"
"","View last title","","","",""
"","","","","","",""
"27 55436799500 (i) on (i)","Fernandes, Baylon Godfrey  Fernandes, B. C.   Fernandes, Baylon G.   Fernandes, B. G.","237","31","Indian Institute of Technology Bombay","Mumbai","India"
"","View last title","","","",""
"","","","","","",""
"28 7402059311 (i) on (i)","Bandyopadhyay, Santanu  Bandhyopadhyay, Santanu   Bandyopadhyay, S.","234","39","Indian Institute of Technology Bombay","Mumbai","India"
"","View last title","","","",""
"","","","","","",""
"29 22234837500 (i) on (i)","Maiti, Debabrata","233","62","Indian Institute of Technology Bombay","Mumbai","India"
"","View last title","","","",""
"","","","","","",""
"30 7102344057 (i) on (i)","Merchant, Shabbir Noman  Merchant, Shabbir   Merchant, S. N.   Merchant, Shabbier N.   Merchant, Shabbir N.","226","18","Indian Institute of Technology Bombay","Mumbai","India"
"","View last title","","","",""
"","","","","","",""
"31 7103392045 (i) on (i)","Choudhury, Deepankar  Choudhary, Deepankar   Deepankar, Choudhury   Choudhury, D.","225","38","Indian Institute of Technology Bombay","Mumbai","India"
"","View last title","","","",""
"","","","","","",""
"32 14048428200 (i) on (i)","Khaligh, Alireza  Khaligh, Alirenza   Khaligh, A.","224","46","A. James Clark School of Engineering","College Park","United States"
"","View last title","","","",""
"","","","","","",""
"33 56247530400 (i) on (i)","Agrawal, Amit  Agrawal, A.   AGRAWAL, A. M.I.T.","223","35","Indian Institute of Technology Bombay","Mumbai","India"
"","View last title","","","",""
"","","","","","",""
"34 7006906774 (i) on (i)","Tomy, Chakkalakal Vardunny  Tomy, Chakkalakal V.   Tomy, C. V.   Tomy, C.","220","28","Indian Institute of Technology Bombay","Mumbai","India"
"","View last title","","","",""
"","","","","","",""
"35 7201845790 (i) on (i)","Mathur, Pradeep  Mathur, Pradeeb   Mathur, Pradccp   Mathur, Pradeep K.   Mathur, P.   Mathur, Pradep   Mathur, P. K.   Mathur, Pradeep Kumar","217","34","Indian Institute of Technology Bombay","Mumbai","India"
"","View last title","","","",""
"","","","","","",""
"36 7004063083 (i) on (i)","Murugavel, Ramaswamy  Murugavel, Ramaswarny   Murugavel, R.","212","46","Indian Institute of Technology Bombay","Mumbai","India"
"","View last title","","","",""
"","","","","","",""
"37 57206132247 (i) on (i)","Sahoo, Baidyanath  Sahoo, B.","212","34","Indian Institute of Technology Bombay","Mumbai","India"
"","View last title","","","",""
"","","","","","",""
"38 7102345413 (i) on (i)","Narasimhan, Krishnamachari L.  Narasimhan, K.   Narasimhan, K. L.","211","32","Indian Institute of Technology Bombay","Mumbai","India"
"","View last title","","","",""
"","","","","","",""
"39 6701347379 (i) on (i)","Mahajani, Sanjay M.  Mahajani, S.   Mahajani, Sanjay   Mahajani, S. M.","209","34","Indian Institute of Technology Bombay","Mumbai","India"
"","View last title","","","",""
"","","","","","",""
"40 7202418704 (i) on (i)","Kumar, Girish Siva  Kumar, G.   Kumar, Girish   Kumar, G. Siva","208","24","Indian Institute of Technology Bombay","Mumbai","India"
"","View last title","","","",""
"","","","","","",""
"41 6701641267 (i) on (i)","Eldho, T. I.  Eldho, T. I.","206","27","Indian Institute of Technology Bombay","Mumbai","India"
"","View last title","","","",""
"","","","","","",""
"42 57191968091 (i) on (i)","Balakrishna, Maravanji S.  Balakrishna, Maravanjis   Balakrishna, Marvanji S.   Balakrishna, M. S.","205","37","Indian Institute of Technology Bombay","Mumbai","India"
"","View last title","","","",""
"","","","","","",""
"43 7401950079 (i) on (i)","Kulkarni, Ajit R.  Kulkarni, A.   Kulkarni, Ajit   Kulkarni, A. R.","204","33","Indian Institute of Technology Bombay","Mumbai","India"
"","View last title","","","",""
"","","","","","",""
"44 6603960269 (i) on (i)","Kottantharayil, Anil  Anil, Kottantharayil   Kottantharayil, A.   Anil, K.   Anil, K. G.","201","27","Indian Institute of Technology Bombay","Mumbai","India"
"","View last title","","","",""
"","","","","","",""
"45 35612432200 (i) on (i)","Singh, Harkesh B.  Singh, Harkesh   Singh, Harakesh B.   Singh, H. B.","201","38","Indian Institute of Technology Bombay","Mumbai","India"
"","View last title","","","",""
"","","","","","",""
"46 57200901387 (i) on (i)","Panda, Dulal  PANDA, Dulal   Panda, D.   Pandaa, Dulal","197","56","Indian Institute of Technology Bombay","Mumbai","India"
"","View last title","","","",""
"","","","","","",""
"47 9333147100 (i) on (i)","Srivastava, Rohit  Srivastava, R.   Srivastava, R. C.","196","36","Indian Institute of Technology Bombay","Mumbai","India"
"","View last title","","","",""
"","","","","","",""
"48 7402524855 (i) on (i)","Joshi, Suhas S.  Joshi, Suhas   Joshi, Suhas Sitaram   Joshi, S.   Joshi, Suhas S.   Joshi, S. S.","195","34","Indian Institute of Technology Bombay","Mumbai","India"
"","View last title","","","",""
"","","","","","",""
"49 15029970200 (i) on (i)","Gumaste, Ashwin  Gumaste, Ashwin A.   Gumaste, Ahshwin   				      Gumaste, A.   Gumaste, A. A.","193","17","Indian Institute of Technology Bombay","Mumbai","India"
"","View last title","","","",""
"","","","","","",""
"50 57549276100 (i) on (i)","Nayak, Ranjit Kumar  Nayak, R.   Nayak, Ranjit K.   Nayak, Ranjit","192","37","Indian Institute of Technology Bombay","Mumbai","India"
"","View last title","","","",""
"","","","","","",""
"51 7004541266 (i) on (i)","Duttagupta, Siddhartha Prakash  Duttagupta, S.   Duttagupta, S. P.   Duttagupta, Suvajeet   Duttagupta, Siddharth P.   Duttagupta, Siddhartah P.   Duttagupta, Siddharth   Duttagupta, Sidhartha P.   Duttagupta, Siddhartha   Duttagupta, Siddartha P.   Duttagupta, Siddhartha P.","189","26","Indian Institute of Technology Bombay","Mumbai","India"
"","View last title","","","",""
"","","","","","",""
"52 57200265166 (i) on (i)","Prabhu, Siddini Venkatesh  Prabhu, Siddini   Prabhu, Santosh V.   Prabhu, Siddini V.   Prabhu, S. V.   PRABHU, S. V.","183","32","Indian Institute of Technology Bombay","Mumbai","India"
"","View last title","","","",""
"","","","","","",""
"53 36682468900 (i) on (i)","Koyithatta Meethaleveedu, Greeshma  Koyithatta Meethaleveedu, G.","181","76","Indian Institute of Technology, Bombay","Mumbai","India"
"","View last title","","","",""
"","","","","","",""
"54 7004435299 (i) on (i)","Mayya, Yelia Shankaranarayana M.  Mayya, Yelia S.   Mayya, Y. S.   Mayya, Yelia Shankaranarayana   Mayya, Y. S.M.","181","25","Indian Institute of Technology Bombay","Mumbai","India"
"","View last title","","","",""
"","","","","","",""
"55 57207509641 (i) on (i)","Shyamasundar, Rudrapatna K.  Shyamasundar, R. K.   Shyamasundar, Rudrapatna   Shyamsundar, Rudrapatna K.   Shyamsundar, R. K.","181","13","Indian Institute of Technology Bombay","Mumbai","India"
"","View last title","","","",""
"","","","","","",""
"56 7005906645 (i) on (i)","Bhargava, Parag  Bhargava, P. K.   Bhargava, P.","176","32","Indian Institute of Technology Bombay","Mumbai","India"
"","View last title","","","",""
"","","","","","",""
"57 9534326300 (i) on (i)","Srivastava, Sanjeeva  Srivastava, S.   Srivastav, Sanjeeva","175","31","Indian Institute of Technology Bombay","Mumbai","India"
"","View last title","","","",""
"","","","","","",""
"58 55620845400 (i) on (i)","Mukherjee, Jayanta  Mukherjee, J.","173","21","Indian Institute of Technology Bombay","Mumbai","India"
"","View last title","","","",""
"","","","","","",""
"59 7003625824 (i) on (i)","Khopkar, Shripad M.  Khopkar, Shripad   Khopkar, S. M.","172","16","Indian Institute of Technology Bombay","Mumbai","India"
"","View last title","","","",""
"","","","","","",""
"60 7004568274 (i) on (i)","Raja, V. Srinivasa  Raja, V.   Raja, V. S.","171","31","Indian Institute of Technology Bombay","Mumbai","India"
"","View last title","","","",""
"","","","","","",""
"61 7102622936 (i) on (i)","Doherty, Roger D.  Doherty, Roger   Doherty, R.   Doherty, R. D.","170","47","Drexel University","Philadelphia","United States"
"","View last title","","","",""
"","","","","","",""
"62 7005142369 (i) on (i)","Ganguly, Udayan  Gangway, U.   Ganguly, U.   Ganguly, Undayan","167","20","Indian Institute of Technology Bombay","Mumbai","India"
"","View last title","","","",""
"","","","","","",""
"63 6603390445 (i) on (i)","Namboothiri, Irishi N.Narayanan  Namboothiri, I. N.N.   Namboothiri, Irishi N.   Nambothiri, Irishi N.N.   Namboothiri, Irishi N.N.   Namboothiri, I. N.Narayanan   Namboothiri, Irishi","165","41","Indian Institute of Technology Bombay","Mumbai","India"
"","View last title","","","",""
"","","","","","",""
"64 7004119822 (i) on (i)","Padalia, B. D.  Padalia, B. d.   Padalia, BD   Padalia, B. P.","165","25","Indian Institute of Technology, Bombay","Mumbai","India"
"","View last title","","","",""
"","","","","","",""
"65 7004865653 (i) on (i)","Patwardhan, Sachin C.  Patwardhan, Sachin   Patwardhan, S.   Patwardhan, S. C.   Patwradhan, Sachin C.","165","26","Indian Institute of Technology Bombay","Mumbai","India"
"","View last title","","","",""
"","","","","","",""
"66 57199647323 (i) on (i)","Singh, Virendra K.  Singh, V.   Singh, Virendra   Singh, V. K.","164","14","Indian Institute of Technology Bombay","Mumbai","India"
"","View last title","","","",""
"","","","","","",""
"67 6602403651 (i) on (i)","Sunoj, Raghavan B.  Sunoj, Raghavan B.   Sunoj, R. B.","164","43","Indian Institute of Technology Bombay","Mumbai","India"
"","View last title","","","",""
"","","","","","",""
"68 55921532400 (i) on (i)","Banavar, Ravi N.  Banavar, R.   Banavar, R. N.   Banavar, Ravi","163","18","Indian Institute of Technology Bombay","Mumbai","India"
"","View last title","","","",""
"","","","","","",""
"69 7004916102 (i) on (i)","Banthia, Ajit Kumar  Banthia, Ajit   Banthia, Ajit K.   Banthia, Ajir K.   Banthia, A. K.   Banthia, A.","162","33","Indian Institute of Technology Bombay","Mumbai","India"
"","View last title","","","",""
"","","","","","",""
"70 7102863075 (i) on (i)","Ganguly, Swaroop  Ganguly, S.","162","15","Indian Institute of Technology Bombay","Mumbai","India"
"","View last title","","","",""
"","","","","","",""
"71 14519836900 (i) on (i)","Parmananda, Punit  Parmanada, P.      Parmananda, P.","161","26","Indian Institute of Technology Bombay","Mumbai","India"
"","View last title","","","",""
"","","","","","",""
"72 7005584843 (i) on (i)","Kant, Tarun  Kant, T.   Kant, Ta","160","44","Indian Institute of Technology Bombay","Mumbai","India"
"","View last title","","","",""
"","","","","","",""
"73 56157375100 (i) on (i)","Srivastava, Atul  Srivastava, A.","160","25","Indian Institute of Technology Bombay","Mumbai","India"
"","View last title","","","",""
"","","","","","",""
"74 7003356744 (i) on (i)","Gudi, Ravindra D.  D. Gudi, Ravindra   Gudi, R.   Gudi, Ravindra   Gudi, Ravi   Gudi, R. D.","158","23","Indian Institute of Technology Bombay","Mumbai","India"
"","View last title","","","",""
"","","","","","",""
"75 7003951077 (i) on (i)","Jangid, Radhey Shyam  Jangid, Radhey S.   Jangid, R. S.","157","45","Indian Institute of Technology Bombay","Mumbai","India"
"","View last title","","","",""
"","","","","","",""
"76 57212149019 (i) on (i)","Sudarshan, Kumar  Kumar, S.   Kumar, Sudarshan","156","33","Indian Institute of Technology Bombay","Mumbai","India"
"","View last title","","","",""
"","","","","","",""
"77 57201766355 (i) on (i)","Singh, Gulab  Singh, G.   Gulab, Singh","155","19","Indian Institute of Technology Bombay","Mumbai","India"
"","View last title","","","",""
"","","","","","",""
"78 13005541700 (i) on (i)","Doolla, Suryanarayana  Suryanarayana, D.   Doolla, Suryanarayanna   Doolla, Suryanaraya   Doolla, S.","154","21","Indian Institute of Technology Bombay","Mumbai","India"
"","View last title","","","",""
"","","","","","",""
"79 7006400994 (i) on (i)","Jadhav, Manoj B.  Jadhav, Manoj   Jadhav, M.   Jadhav, M. B.","154","39","Indian Institute of Technology Bombay","Mumbai","India"
"","View last title","","","",""
"","","","","","",""
"80 7004473417 (i) on (i)","Khaparde, Shrikrishna A.  Khaparde, A.   Khaparde, S.   Khaparde, S. A.","154","23","Indian Institute of Technology Bombay","Mumbai","India"
"","View last title","","","",""
"","","","","","",""
"81 57214748544 (i) on (i)","Banerjee, Rinti  Banerjee, R.","153","35","Indian Institute of Technology Bombay","Mumbai","India"
"","View last title","","","",""
"","","","","","",""
"82 7006537242 (i) on (i)","Mandal, Jnanendranath  Mandal, J. N.   Mandal, Jnanendra   Mandal, Jnanendra N.   Mandal, Jnanendra Nath","152","18","Indian Institute of Technology Bombay","Mumbai","India"
"","View last title","","","",""
"","","","","","",""
"83 7006558336 (i) on (i)","Naik, Niranjan K.  Naik, Niranjan K.   Naik, N. K.","152","40","Indian Institute of Technology Bombay","Mumbai","India"
"","View last title","","","",""
"","","","","","",""
"84 7402110587 (i) on (i)","Datta, Anindya  Dutta, Anindya   Datta, A.","150","31","Indian Institute of Technology Bombay","Mumbai","India"
"","View last title","","","",""
"","","","","","",""
"85 7403003589 (i) on (i)","Prasad, Shiva V.G.V.A.  Prasad, S.   Prasad, Shiva","150","18","Indian Institute of Technology Bombay","Mumbai","India"
"","View last title","","","",""
"","","","","","",""
"86 56234452100 (i) on (i)","Manjunath, Dharmaiah  Manjunath, D.   Doddavenkatappa, Manjunath","146","16","Indian Institute of Technology Bombay","Mumbai","India"
"","View last title","","","",""
"","","","","","",""
"87 7103267659 (i) on (i)","Bhaduri, Sumit A.  Bhaduri, Sumit   							      Bhaduri, S.","145","36","Indian Institute of Technology, Bombay","Mumbai","India"
"","View last title","","","",""
"","","","","","",""
"88 34882105800 (i) on (i)","Rao, Yallamanchili Subrahmanyeswara  Rao, Y. S.   Rao, Yallamanchili S.   Rao, Yalamanchili S.   Rao, Yalamanchili Subrahmanyeswara","145","15","Indian Institute of Technology Bombay","Mumbai","India"
"","View last title","","","",""
"","","","","","",""
"89 57197033574 (i) on (i)","Mukherji, Soumyo  Mukherji, S.","143","27","Indian Institute of Technology Bombay","Mumbai","India"
"","View last title","","","",""
"","","","","","",""
"90 15521008600 (i) on (i)","Singh, Suneet  Singh, C. Suneet   Singh, S.","143","19","Indian Institute of Technology Bombay","Mumbai","India"
"","View last title","","","",""
"","","","","","",""
"91 7005674468 (i) on (i)","Khakhar, Devang V.  Khakhar, Devang V.   Khakhar, D. V.   Khakhar, D.   Khakhar, Devang","142","39","Indian Institute of Technology Bombay","Mumbai","India"
"","View last title","","","",""
"","","","","","",""
"92 7005297186 (i) on (i)","Lodha, Saurabh  Lodha, S.","142","26","Indian Institute of Technology Bombay","Mumbai","India"
"","View last title","","","",""
"","","","","","",""
"93 8620710400 (i) on (i)","Shastri, Yogendra N.  Shastri, Y. N.   Shastri, Yogendra   Shastri, Y.","142","22","Indian Institute of Technology Bombay","Mumbai","India"
"","View last title","","","",""
"","","","","","",""
"94 7202613551 (i) on (i)","Mohan, Shyam  Mohan, S.","141","23","Indian Institute of Technology Bombay","Mumbai","India"
"","View last title","","","",""
"","","","","","",""
"95 8601668100 (i) on (i)","Saha, Dipankar  Saha, DIpankar   Saha, D.","140","18","Indian Institute of Technology Bombay","Mumbai","India"
"","View last title","","","",""
"","","","","","",""
"96 57193825896 (i) on (i)","Singh, Dharamveer V.  Singh, D.   Singh, D. V.   Singh, Dharamveer","140","25","Indian Institute of Technology Bombay","Mumbai","India"
"","View last title","","","",""
"","","","","","",""
"97 7003693678 (i) on (i)","Nataraj, Paluri S.V.  Nataraj, Paluri S.V.   Nataraj, P. S.V.   Paluri, Nataraj S.V.","139","18","Indian Institute of Technology Bombay","Mumbai","India"
"","View last title","","","",""
"","","","","","",""
"98 7407263776 (i) on (i)","Singh, Ram Kumar  Singh, Ramesh   Singh, R. K.   Singh, Ram K.   Singh, R.   Singh, Ramesh Kumar   Singh, Ramesh K.","139","16","Indian Institute of Technology Bombay","Mumbai","India"
"","View last title","","","",""
"","","","","","",""
"99 10341128500 (i) on (i)","Ghosh, Subimal  Ghosh, S.","138","37","Indian Institute of Technology Bombay","Mumbai","India"
"","View last title","","","",""
"","","","","","",""
"100 7003404096 (i) on (i)","Vasi, Juzer M.  Vasi, J.   Vasi, J. M.   Vasi, Juzer","138","19","Indian Institute of Technology Bombay","Mumbai","India"
"","View last title","","","",""
"","","","","","",""
"101 57208050932 (i) on (i)","Chakraborty, Pritam  Chakraborty, P.","136","21","Indian Institute of Technology Bombay","Mumbai","India"
"","View last title","","","",""
"","","","","","",""
"102 57191446778 (i) on (i)","Dusane, Rajiv O.  Dusane, Rajiv O.   Dusane, R. O.   Dusane, Rajiv   Dusane, Rajiv Onkar","136","23","Indian Institute of Technology Bombay","Mumbai","India"
"","View last title","","","",""
"","","","","","",""
"103 7006046682 (i) on (i)","Kishore, Nand  Kishore, N.","135","27","Indian Institute of Technology Bombay","Mumbai","India"
"","View last title","","","",""
"","","","","","",""
"104 57208699587 (i) on (i)","Bhattacharya, Avik  Bhattacharya, A.","134","20","Indian Institute of Technology Bombay","Mumbai","India"
"","View last title","","","",""
"","","","","","",""
"105 7403177944 (i) on (i)","Mitra, Sagar  Mitra, S.","134","36","Indian Institute of Technology Bombay","Mumbai","India"
"","View last title","","","",""
"","","","","","",""
"106 57217604862 (i) on (i)","Tripathy, Tulika  Tripathy, T.","134","21","Indian Institute of Technology Bombay","Mumbai","India"
"","View last title","","","",""
"","","","","","",""
"107 57208054995 (i) on (i)","Bauri, D.","133","21","Indian Institute of Technology Bombay","Mumbai","India"
"","View last title","","","",""
"","","","","","",""
"108 34969689800 (i) on (i)","Venkatesh, Kareenhalli Viswanath  Kareenhalli, Venkatesh   Venkatesh, K. V.   Venkatesh, Kareenhalli V.   Kareenhalli, Venkatesh V.","133","25","Indian Institute of Technology Bombay","Mumbai","India"
"","View last title","","","",""
"","","","","","",""
"109 23091319400 (i) on (i)","Pant, Rajkumar Sureshchandra  Pant, R. K.   Pant, Rajkumar   Pant, R. S.   Pant, R. R.   Pant, Rajkumar S.","132","12","Indian Institute of Technology Bombay","Mumbai","India"
"","View last title","","","",""
"","","","","","",""
"110 57226808934 (i) on (i)","Srivastava, Alok  Srivastava, Alok Kumar   Srivastava, A. K.   Srivastava, A.   Srivastava, Alok K.","131","25","Indian Institute of Technology Bombay","Mumbai","India"
"","View last title","","","",""
"","","","","","",""
"111 6603303626 (i) on (i)","Viswanadham, Bhamidipati Venkata Surya  Viswanadham, B. V.S.   Viswanadham, Bhamidipati V.S.","131","24","Indian Institute of Technology Bombay","Mumbai","India"
"","View last title","","","",""
"","","","","","",""
"112 7103259778 (i) on (i)","Fernandes, Rodney A.","130","26","Indian Institute of Technology Bombay","Mumbai","India"
"","View last title","","","",""
"","","","","","",""
"113 55943973100 (i) on (i)","Kulkarni, Shrikrishna V.  Kulkarni, Shrikrishna V.   Kulkarni, Shrikrishana V.   Kulkami, S. V.   Kulkarni, S. V.","130","22","Indian Institute of Technology Bombay","Mumbai","India"
"","View last title","","","",""
"","","","","","",""
"114 35331814800 (i) on (i)","Banerjee, Santanu  Banerjee, S.","129","30","Indian Institute of Technology Bombay","Mumbai","India"
"","View last title","","","",""
"","","","","","",""
"115 57386449400 (i) on (i)","Das, Siddhartha K.  Das, S.   Das, S. K.   Das, Siddhartha","127","27","Indian Institute of Technology Bombay","Mumbai","India"
"","View last title","","","",""
"","","","","","",""
"116 56071467500 (i) on (i)","Iyer, Sridhar R.  Iyer, S.   Lyer, Sridhar   Iyer, Sridhar","127","17","Indian Institute of Technology Bombay","Mumbai","India"
"","View last title","","","",""
"","","","","","",""
"117 35546248500 (i) on (i)","Ramakrishnan, Parrakat  Ramakrishnan, P.","127","22","Indian Institute of Technology Bombay","Mumbai","India"
"","View last title","","","",""
"","","","","","",""
"118 7006050508 (i) on (i)","Gopalan, M. N.","126","12","Indian Institute of Technology, Bombay","Mumbai","India"
"","View last title","","","",""
"","","","","","",""
"119 6701745986 (i) on (i)","Maji, Samir Kumar  Maji, S. K.   Maji, Samir   Maji, Samir K.   Maji, Sudipta K.   Maji, Sudipta Kumar  				                Kumar Maji, Samir","126","35","Indian Institute of Technology Bombay","Mumbai","India"
"","View last title","","","",""
"","","","","","",""
"120 35462184900 (i) on (i)","Sarkar, Apu  Sarkar, A.","126","25","Indian Institute of Technology Bombay","Mumbai","India"
"","View last title","","","",""
"","","","","","",""
"121 35568212900 (i) on (i)","Saha, Sandip Kumar  Saha, Sandip   Saha, S. K.   Saha, Sandip Kr   Saha, Sandip K.","125","21","Indian Institute of Technology Bombay","Mumbai","India"
"","View last title","","","",""
"","","","","","",""
"122 6604046497 (i) on (i)","Solanki, Chetan Singh  Singh Solanki, Chetan   Solanki, C. S.   Solanki, Chetan S.   Solanki, Chetan   Solanki, C.","125","19","Indian Institute of Technology Bombay","Mumbai","India"
"","View last title","","","",""
"","","","","","",""
"123 57203031298 (i) on (i)","Deo, Makaranad Chintamani  Deo, Makarand C.   Deo, Makarand Chintamani   Deo, M. C.","124","29","Indian Institute of Technology Bombay","Mumbai","India"
"","View last title","","","",""
"","","","","","",""
"124 24306956300 (i) on (i)","Maiti, Surjya K.  Maiti, S. K.","124","32","Indian Institute of Technology Bombay","Mumbai","India"
"","View last title","","","",""
"","","","","","",""
"125 57211115411 (i) on (i)","Naskar, Kousik  Naskar, K.","124","18","Bhabha Atomic Research Centre","Mumbai","India"
"","View last title","","","",""
"","","","","","",""
"126 6701653014 (i) on (i)","Venkataramani, Narayanan  Venkataramani, N.","124","19","Indian Institute of Technology Bombay","Mumbai","India"
"","View last title","","","",""
"","","","","","",""
"127 7403254661 (i) on (i)","Chakrabarti, Soumen  Chakrabarti, S.   Chakrabarti, Souznen","123","34","Indian Institute of Technology Bombay","Mumbai","India"
"","View last title","","","",""
"","","","","","",""
"128 7007051313 (i) on (i)","Mazumder, Bijoy Singha  Mazumder, Bijoy S.   Mazumder, Buoy S.   Mazumder, B. S.   MAZUMDER, B. S.","123","25","Indian Institute of Technology Bombay","Mumbai","India"
"","View last title","","","",""
"","","","","","",""
"129 9337603100 (i) on (i)","Mukherjee, Soumyajit  Mukherjee, S.","123","25","Indian Institute of Technology Bombay","Mumbai","India"
"","View last title","","","",""
"","","","","","",""
"130 55725529100 (i) on (i)","Apte, Prakash R.  Apte, P. R.   Apte, Prakash   Apte, Prakash P.   Apte, P.","122","15","Indian Institute of Technology Bombay","Mumbai","India"
"","View last title","","","",""
"","","","","","",""
"131 16460648100 (i) on (i)","Singh, Randhir L.  Singh, R. L.   Singh, R.   Singh, Randhir   SINGH, RANDHIR   Singh, Randhtr","122","24","Indian Institute of Technology Bombay","Mumbai","India"
"","View last title","","","",""
"","","","","","",""
"132 6603635343 (i) on (i)","Wangikar, Pramod P.  Wangikar, Pramod   Wangikar, P. P.","122","29","Indian Institute of Technology Bombay","Mumbai","India"
"","View last title","","","",""
"","","","","","",""
"133 7006913387 (i) on (i)","Gandhi, Prasanna S.  Gandhi, P.   Prasanna, Gandhi   Gandhi, Prasanna   Gandhi, P. S.   Prasanna, G.","121","19","Indian Institute of Technology Bombay","Mumbai","India"
"","View last title","","","",""
"","","","","","",""
"134 57215595522 (i) on (i)","Gupta, Shalabh  Gupta, S.","121","12","Indian Institute of Technology Bombay","Mumbai","India"
"","View last title","","","",""
"","","","","","",""
"135 6701373254 (i) on (i)","Khaneja, Navin  Khaneja, N.","121","37","Indian Institute of Technology Bombay","Mumbai","India"
"","View last title","","","",""
"","","","","","",""
"136 57221037127 (i) on (i)","Mukherjee, Asmita  Mukherjee, A.","121","26","Indian Institute of Technology Bombay","Mumbai","India"
"","View last title","","","",""
"","","","","","",""
"137 55828149870 (i) on (i)","Sharma, Atul  Sharma, A.","119","25","Indian Institute of Technology Bombay","Mumbai","India"
"","View last title","","","",""
"","","","","","",""
"138 7201904905 (i) on (i)","Banerjee, Rangan  Banerjee, R.","117","29","Indian Institute of Technology Bombay","Mumbai","India"
"","View last title","","","",""
"","","","","","",""
"139 56522396300 (i) on (i)","Dhar, S.  Dhar, Subhabrata   Dhar, Shubhabrata   Dhar, S.","117","23","Indian Institute of Technology Bombay","Mumbai","India"
"","View last title","","","",""
"","","","","","",""
"140 7405641869 (i) on (i)","Singh, Bhanu Pratap  Singh, Bhanu P.   Singh, B. P.","117","23","Indian Institute of Technology Bombay","Mumbai","India"
"","View last title","","","",""
"","","","","","",""
"141 57211505669 (i) on (i)","Kumar, Ashutosh  Kumar, A.","116","31","Indian Institute of Technology Bombay","Mumbai","India"
"","View last title","","","",""
"","","","","","",""
"142 7006091390 (i) on (i)","Palkar, Vaijayanti R.      Palkar, V. R.   Palkar, Vaijayanti   Palkar, V.","116","26","Indian Institute of Technology Bombay","Mumbai","India"
"","View last title","","","",""
"","","","","","",""
"143 7201977983 (i) on (i)","Ramakrishnan, Srinivasan  Ramakrishnan, S.","116","31","Indian Institute of Technology Bombay","Mumbai","India"
"","View last title","","","",""
"","","","","","",""
"144 36815713200 (i) on (i)","Buddhiraju, Krishna Mohan  Buddhiraju, Krishna M.   Buddhiraju, K. M.   Mohan, B. Krishna   Mohan, Buddhiraju Krishna   Mohan, B. K.","113","15","Indian Institute of Technology Bombay","Mumbai","India"
"","View last title","","","",""
"","","","","","",""
"145 7102301051 (i) on (i)","Guha, Anirban  Guha, A.   GUHA, ANIRBAN","113","13","Indian Institute of Technology Bombay","Mumbai","India"
"","View last title","","","",""
"","","","","","",""
"146 24829199600 (i) on (i)","Jothiprakash, V.  Jothiprakash, Vinayakam   JOTHIPRAKASH, V.   Jothiprakash, V.","113","23","Indian Institute of Technology Bombay","Mumbai","India"
"","View last title","","","",""
"","","","","","",""
"147 57206167231 (i) on (i)","Major, S. S.  Major, S. S.   Major, S.","113","26","Indian Institute of Technology Bombay","Mumbai","India"
"","View last title","","","",""
"","","","","","",""
"148 55417648300 (i) on (i)","Shukla, Anshuman  Shukla, Anshumna   Shukla, A.","111","20","Indian Institute of Technology Bombay","Mumbai","India"
"","View last title","","","",""
"","","","","","",""
"149 7202963269 (i) on (i)","Shukla, Alok  Shukla, A.","110","24","Indian Institute of Technology Bombay","Mumbai","India"
"","View last title","","","",""
"","","","","","",""
"150 6701621828 (i) on (i)","Tulapurkar, Ashwin A.  Tulapurkar, A.   Tulapurkar, A. A.   Tulapurkar, Ashwin   Tulapurkar, Ashwin A.","110","21","Indian Institute of Technology Bombay","Mumbai","India"
"","View last title","","","",""
"","","","","","",""
"151 12140784800 (i) on (i)","Ramakrishnan, Ganesh","109","15","Indian Institute of Technology Bombay","Mumbai","India"
"","View last title","","","",""
"","","","","","",""
"152 6603510058 (i) on (i)","Chandorkar, Mukul C.  Chandorkar, M.   Chandorkar, Mukul   Chandorkar, M. C.","108","21","Indian Institute of Technology Bombay","Mumbai","India"
"","View last title","","","",""
"","","","","","",""
"153 23393831500 (i) on (i)","Thaokar, Rochish M.  Thaokar, R.   Thaokar, R. M.   Thaokar, Rochish   M. Thaokar, Rochish","108","21","Indian Institute of Technology Bombay","Mumbai","India"
"","View last title","","","",""
"","","","","","",""
"154 35275628500 (i) on (i)","Murthy, Sahana","107","12","Indian Institute of Technology Bombay","Mumbai","India"
"","View last title","","","",""
"","","","","","",""
"155 7005129538 (i) on (i)","Venkataraman, Chandra  Venkataraman, C.","107","40","Indian Institute of Technology Bombay","Mumbai","India"
"","View last title","","","",""
"","","","","","",""
"156 6602840334 (i) on (i)","Bhartiya, Sharad  Bhartya, Sharad   Bhartiya, S.   Bhartiya, Shared","106","19","Indian Institute of Technology Bombay","Mumbai","India"
"","View last title","","","",""
"","","","","","",""
"157 53979576900 (i) on (i)","Goswami, Ankita  Goswami, A.","106","48","Indian Institute of Technology Bombay","Mumbai","India"
"","View last title","","","",""
"","","","","","",""
"158 8595864800 (i) on (i)","Mukherji, Suparna  Mukherji, S.","106","31","Indian Institute of Technology Bombay","Mumbai","India"
"","View last title","","","",""
"","","","","","",""
"159 7404545711 (i) on (i)","Banerjee, Sauvik  Benarjee, Sauvik   Banerjee, S.","105","21","Indian Institute of Technology Bombay","Mumbai","India"
"","View last title","","","",""
"","","","","","",""
"160 8935045500 (i) on (i)","Krishna, Shankara Narayanan  Krishna, Shankaranarayanan   Krishna, S. N.   Narayanan Krishna, Shankara   Krishna, S.   Krishna, Shankara Narayann   Krishna, Shankara N.","105","12","Indian Institute of Technology Bombay","Mumbai","India"
"","View last title","","","",""
"","","","","","",""
"161 7005489431 (i) on (i)","Sridhar, Tamarapu M.  Sridhar, T.   Sridhar, Tam   Sridhar, t.   Sridhar, T. M.   Sridhar, Tamarapu","105","29","Monash University","Melbourne","Australia"
"","View last title","","","",""
"","","","","","",""
"162 7005238817 (i) on (i)","Suresh, Akkihebbal Krishnamurthy  Suresh, Akkihebbal K.   Akkihebbal, Suresh K.   Suresh, A. K.   Suresh, A. Krishnamurthy","105","26","Indian Institute of Technology Bombay","Mumbai","India"
"","View last title","","","",""
"","","","","","",""
"163 55568183500 (i) on (i)","Banerjee, Biplab  Banerjee, Bidisha","104","11","Indian Institute of Technology Bombay","Mumbai","India"
"","View last title","","","",""
"","","","","","",""
"164 14024143300 (i) on (i)","Chowdhury, Arindrajit  Chowdhury, A.","104","18","Indian Institute of Technology Bombay","Mumbai","India"
"","View last title","","","",""
"","","","","","",""
"165 9633318200 (i) on (i)","Gadre, Vikram M.  Gadre, V. M.   Gadre, Vikman M.   M. Gadre, Vikram   Gadre, Vikram   Gadre, V.","104","16","Indian Institute of Technology Bombay","Mumbai","India"
"","View last title","","","",""
"","","","","","",""
"166 9740734300 (i) on (i)","Kabra, Dinesh  Kabra, D.","104","31","Indian Institute of Technology Bombay","Mumbai","India"
"","View last title","","","",""
"","","","","","",""
"167 7004139785 (i) on (i)","Vitta, Satish  Vitta, S.","104","16","Indian Institute of Technology Bombay","Mumbai","India"
"","View last title","","","",""
"","","","","","",""
"168 56760530900 (i) on (i)","Bhardwaj, Rajneesh  Bhardwaj, R.   Bharadwaj, R.","103","26","Indian Institute of Technology Bombay","Mumbai","India"
"","View last title","","","",""
"","","","","","",""
"169 55869547100 (i) on (i)","Tewari, Asim  Tewari, A.","103","23","Indian Institute of Technology Bombay","Mumbai","India"
"","View last title","","","",""
"","","","","","",""
"170 54999762600 (i) on (i)","Durbha, Surya S.  Durbha, S. S.   Durbha, Surya   Durbha, Surya H.   Durbha, S.","102","14","Indian Institute of Technology Bombay","Mumbai","India"
"","View last title","","","",""
"","","","","","",""
"171 15063937300 (i) on (i)","Bellur, Umesh  Bellur, U.   Umesh, Bellur","100","15","Indian Institute of Technology Bombay","Mumbai","India"
"","View last title","","","",""
"","","","","","",""
"172 7003372500 (i) on (i)","Laha, Apurba  Laha, A.","100","14","Indian Institute of Technology Bombay","Mumbai","India"
"","View last title","","","",""
"","","","","","",""
"173 24497497000 (i) on (i)","Srivastava, Tapeshwari S.  Srivastava, T. S.","100","32","Indian Institute of Technology, Bombay","Mumbai","India"
"","View last title","","","",""
"","","","","","",""
"174 6506775513 (i) on (i)","Warke, Chindhu S.  Warke, Chindu   Warke, Chindhu        Warke, C.   Warke, C. S.   Warke, Chindu S.","100","15","Indian Institute of Technology, Bombay","Mumbai","India"
"","View last title","","","",""
"","","","","","",""
"175 57211720049 (i) on (i)","Alam, Aftab  Alam, A.   Alam, Afta","99","21","Indian Institute of Technology Bombay","Mumbai","India"
"","View last title","","","",""
"","","","","","",""
"176 7005277010 (i) on (i)","Bhushan, Mani  Bhushan, M.","99","18","Indian Institute of Technology Bombay","Mumbai","India"
"","View last title","","","",""
"","","","","","",""
"177 57193687946 (i) on (i)","Chatterjee, Debasish  Chatterjee, D.   CHATTERJEE, DEBASISH","99","20","Indian Institute of Technology Bombay","Mumbai","India"
"","View last title","","","",""
"","","","","","",""
"178 8670334000 (i) on (i)","Mallick, Sudhanshu  Mallick, S.   Sudhanshu, Mallick","99","21","Indian Institute of Technology Bombay","Mumbai","India"
"","View last title","","","",""
"","","","","","",""
"179 56188025200 (i) on (i)","Misra, Devi Shankar  Misra, Devi S.   Misra, D. S.   Misra, Devi Shanker","99","26","Indian Institute of Technology Bombay","Mumbai","India"
"","View last title","","","",""
"","","","","","",""
"180 57198279792 (i) on (i)","Panda, Debiprasad  Panda, D. P.   Panda, Debi Prasad","99","10","Indian Institute of Technology Bombay","Mumbai","India"
"","View last title","","","",""
"","","","","","",""
"181 55496975000 (i) on (i)","Singh, Ramesh Kumar  Singh, Ramesh   Singh, R. K.   Singh, R.   Singh, Ramesh K.","99","21","Indian Institute of Technology Bombay","Mumbai","India"
"","View last title","","","",""
"","","","","","",""
"182 7004051883 (i) on (i)","Juvekar, Vinay Anant  Juvekar, Vinay   Juvekar, V.   Juvekar, Vinay A.   Juvekar, V. A.","98","20","Indian Institute of Technology Bombay","Mumbai","India"
"","View last title","","","",""
"","","","","","",""
"183 8836988800 (i) on (i)","Awate, Suyash P.  Awate, Suyash P.   Awate, S. P.   Awate, Suyash","97","20","Indian Institute of Technology Bombay","Mumbai","India"
"","View last title","","","",""
"","","","","","",""
"184 7102946963 (i) on (i)","Chakraborty, Debasis  Chakraborty, D.   Chakraboity, Debasis","97","16","Indian Institute of Technology Bombay","Mumbai","India"
"","View last title","","","",""
"","","","","","",""
"185 6601983504 (i) on (i)","Vellaisamy, Palaniappan  Vellaisamy, P.","96","16","Indian Institute of Technology Bombay","Mumbai","India"
"","View last title","","","",""
"","","","","","",""
"186 7202877505 (i) on (i)","Chatterjee, Kishore  Chatterjee, K.","95","21","Indian Institute of Technology Bombay","Mumbai","India"
"","View last title","","","",""
"","","","","","",""
"187 14047018300 (i) on (i)","Ghosh, Prasenjit  Ghosh, P.","95","36","Indian Institute of Technology Bombay","Mumbai","India"
"","View last title","","","",""
"","","","","","",""
"188 56177581700 (i) on (i)","John, Joseph P.  John, J.   John, Joseph","95","19","Indian Institute of Technology Bombay","Mumbai","India"
"","View last title","","","",""
"","","","","","",""
"189 36171137100 (i) on (i)","Uma Sankar, Sankagiri  Sankar, S. U.   Uma Sankar, S.   Sankar, S. Uma   Sankar, Sankagiri Uma","95","24","Indian Institute of Technology Bombay","Mumbai","India"
"","View last title","","","",""
"","","","","","",""
"190 26645222600 (i) on (i)","Velaga, Nagendra R.Rao  Velaga, Nagendra   Velaga, N. R. 		        Velaga, Nagendra R.   Velaga, Nagenra R.","95","22","Indian Institute of Technology Bombay","Mumbai","India"
"","View last title","","","",""
"","","","","","",""
"191 7004217094 (i) on (i)","Soman, Shreevardhan Arunchandra  Soman, Shreevardhan A.   Soman, S. A.   Soman, Shreevardhan","94","18","Indian Institute of Technology Bombay","Mumbai","India"
"","View last title","","","",""
"","","","","","",""
"192 57194243844 (i) on (i)","Anand, Sandeep  Anand, S.","93","19","Indian Institute of Technology Bombay","Mumbai","India"
"","View last title","","","",""
"","","","","","",""
"193 13805286500 (i) on (i)","Karmakar, Subhankar  Karmakar, S.   Subhankar, Karmakar","93","28","Indian Institute of Technology Bombay","Mumbai","India"
"","View last title","","","",""
"","","","","","",""
"194 35180193500 (i) on (i)","Rao, Preeti V.S.  Rao, P.   Rao, P. V.S.   Rao, Preeti","93","11","Indian Institute of Technology Bombay","Mumbai","India"
"","View last title","","","",""
"","","","","","",""
"195 55968663300 (i) on (i)","Sarawagi, Sunita","93","32","Indian Institute of Technology Bombay","Mumbai","India"
"","View last title","","","",""
"","","","","","",""
"196 57205068043 (i) on (i)","Pradeep, A. M.  A. M. Pradeep, A. M.   Pradeep","92","14","Indian Institute of Technology Bombay","Mumbai","India"
"","View last title","","","",""
"","","","","","",""
"197 55883766400 (i) on (i)","Shankaranarayanan, S.  Shankaranarayanan, S.","92","18","Indian Institute of Technology Bombay","Mumbai","India"
"","View last title","","","",""
"","","","","","",""
"198 56212265900 (i) on (i)","Sheth, Hetu  Sheth, Hetu C.   Seth, Hetu C.   Sheth, H. C.","91","32","Indian Institute of Technology Bombay","Mumbai","India"
"","View last title","","","",""
"","","","","","",""
"199 6602090209 (i) on (i)","Mahulikar, Shripad Prabhakar  Mahulika, Shripad P.   Mahulikar, Shripad P.   Mahulikar, S. P.","90","24","Indian Institute of Technology Bombay","Mumbai","India"
"","View last title","","","",""
"","","","","","",""
"200 35567041700 (i) on (i)","Patil, Dinkar S.  Patil, D.   Patil, Dinkar   Patil, D. S.","90","20","Indian Institute of Technology Bombay","Mumbai","India"
"","View last title","","","",""
"","","","","","",""