"Result Number","Author","Documents","h-index          Author metrics Scopus is adding an array of metrics for researchers. As an initial step, the h-index has been added.  The h-graph is one way of displaying and comparing the productivity and impact of published work of scholars. It should only be used together with a mix of quantitative and qualitative metrics.  More metrics will be added in the course of the year.","Affiliation","City","Country/Territory"
"401 7102824987 (i) on (i)","Mondal, Swasti Sundar  Mondal, S. S.   Mondal, S.","17","7","Indian Institute of Technology Banaras Hindu University","Varanasi","India"
"","View last title","","","",""
"","","","","","",""
"402 26533395800 (i) on (i)","Shukla, Dali  Shukla, D.","17","12","Indian Institute of Technology Banaras Hindu University","Varanasi","India"
"","View last title","","","",""
"","","","","","",""
"403 57212591647 (i) on (i)","Singh, Pragati","17","4","Indian Institute of Technology Banaras Hindu University","Varanasi","India"
"","View last title","","","",""
"","","","","","",""
"404 57209604664 (i) on (i)","Upadhyay, Deepchandra  Upadhyay, Deep Chandra","17","6","Indian Institute of Technology Banaras Hindu University","Varanasi","India"
"","View last title","","","",""
"","","","","","",""
"405 57201736622 (i) on (i)","Awale, Akash Subhash  Awale, Akash   Awale, A. S.","16","8","Indian Institute of Technology Banaras Hindu University","Varanasi","India"
"","View last title","","","",""
"","","","","","",""
"406 57217319249 (i) on (i)","Chauhan, Vaibhav S.  Chauhan, V. S.   Chauhan, Vaibhav","16","6","Indian Institute of Technology Banaras Hindu University","Varanasi","India"
"","View last title","","","",""
"","","","","","",""
"407 57194014435 (i) on (i)","Dhoble, Abhishek S.  Dhoble, Abhishek   Dhoble, Abhishek S.","16","8","Indian Institute of Technology Banaras Hindu University","Varanasi","India"
"","View last title","","","",""
"","","","","","",""
"408 56500735200 (i) on (i)","Dodla, Srihari  Srihari Dodla, S.   Dodla","16","4","Indian Institute of Technology Banaras Hindu University","Varanasi","India"
"","View last title","","","",""
"","","","","","",""
"409 55495196500 (i) on (i)","Gupta, Suresh Chandra  Gupta, Suresh C.   Gupta, S. C.","16","5","Indian Institute of Technology Banaras Hindu University","Varanasi","India"
"","View last title","","","",""
"","","","","","",""
"410 6603660900 (i) on (i)","Kachhawaha, J. S.","16","5","Indian Institute of Technology Banaras Hindu University","Varanasi","India"
"","View last title","","","",""
"","","","","","",""
"411 57190134060 (i) on (i)","Khare, Ankur K.  Khare, A. K.   Khare, Ankur","16","6","Indian Institute of Technology Banaras Hindu University","Varanasi","India"
"","View last title","","","",""
"","","","","","",""
"412 57221449259 (i) on (i)","Kumar, Pardeep  Kumar, P.","16","9","Indian Institute of Technology Banaras Hindu University","Varanasi","India"
"","View last title","","","",""
"","","","","","",""
"413 57301684300 (i) on (i)","Kumar, Sandeep Sasi  Kumar, S.   Kumar, Sandeep","16","3","Indian Institute of Technology Banaras Hindu University","Varanasi","India"
"","View last title","","","",""
"","","","","","",""
"414 7003579787 (i) on (i)","Lakshmanan, K.  Lakshmanan, Kailasam   Lakshmanan, K.","16","6","Indian Institute of Technology Banaras Hindu University","Varanasi","India"
"","View last title","","","",""
"","","","","","",""
"415 56292177400 (i) on (i)","Madhu, Devarapaga  Madhu, D.","16","8","Indian Institute of Technology Banaras Hindu University","Varanasi","India"
"","View last title","","","",""
"","","","","","",""
"416 57193349679 (i) on (i)","Mondal, Satyajit","16","6","Indian Institute of Technology Banaras Hindu University","Varanasi","India"
"","View last title","","","",""
"","","","","","",""
"417 57197750457 (i) on (i)","Pal, Shaili","16","8","Indian Institute of Technology Banaras Hindu University","Varanasi","India"
"","View last title","","","",""
"","","","","","",""
"418 22939071900 (i) on (i)","Pathak, Binita  Pathak, B.","16","8","Indian Institute of Technology Banaras Hindu University","Varanasi","India"
"","View last title","","","",""
"","","","","","",""
"419 7004374000 (i) on (i)","Ratan, S.","16","4","Indian Institute of Technology Banaras Hindu University","Varanasi","India"
"","View last title","","","",""
"","","","","","",""
"420 6507783583 (i) on (i)","Satish Kumar, S. R.","16","6","Indian Institute of Technology Banaras Hindu University","Varanasi","India"
"","View last title","","","",""
"","","","","","",""
"421 57562871300 (i) on (i)","Sharma, Saurabh K.  Sharma, Saurabh   Sharma, S. K.","16","5","Indian Institute of Technology Banaras Hindu University","Varanasi","India"
"","View last title","","","",""
"","","","","","",""
"422 57210179849 (i) on (i)","Sharma, Sweta  Sweta","16","8","Indian Institute of Technology Banaras Hindu University","Varanasi","India"
"","View last title","","","",""
"","","","","","",""
"423 57197053492 (i) on (i)","Shukla, Devesh  Shukla, D.","16","4","Indian Institute of Technology Banaras Hindu University","Varanasi","India"
"","View last title","","","",""
"","","","","","",""
"424 57190050868 (i) on (i)","Srivastava, Pavan","16","12","Indian Institute of Technology Banaras Hindu University","Varanasi","India"
"","View last title","","","",""
"","","","","","",""
"425 57223931570 (i) on (i)","Thakur, Amit Kumar  Thakur, A. K.   Thaku, Amit Kumar   Thakur, Amit K.","16","4","Indian Institute of Technology Banaras Hindu University","Varanasi","India"
"","View last title","","","",""
"","","","","","",""
"426 57217830346 (i) on (i)","Tripathi, Nancy","16","5","Indian Institute of Technology Banaras Hindu University","Varanasi","India"
"","View last title","","","",""
"","","","","","",""
"427 36572953200 (i) on (i)","Verma, Ankur","16","9","Indian Institute of Technology Banaras Hindu University","Varanasi","India"
"","View last title","","","",""
"","","","","","",""
"428 55615132400 (i) on (i)","Verma, Mitresh Kumar  Verma, Mitresh K.   Verma, M. K.","16","4","Indian Institute of Technology Banaras Hindu University","Varanasi","India"
"","View last title","","","",""
"","","","","","",""
"429 57193528358 (i) on (i)","Vishwakarma, Ajeet Kumar  Vishwakarma, Ajeet kumar   Vishwakarma, A. K.","16","6","Indian Institute of Technology Banaras Hindu University","Varanasi","India"
"","View last title","","","",""
"","","","","","",""
"430 55603444000 (i) on (i)","Walde, Pratima","16","5","Indian Institute of Technology Banaras Hindu University","Varanasi","India"
"","View last title","","","",""
"","","","","","",""
"431 57094771800 (i) on (i)","Yadava, Shiva Sundar  Yadava, Shiva Sunder   Yadava, Shiv Sunder","16","6","Indian Institute of Technology Banaras Hindu University","Varanasi","India"
"","View last title","","","",""
"","","","","","",""
"432 57204099685 (i) on (i)","Abhash, Amit  abhash, Amit   Abhash, Amiya","15","6","Indian Institute of Technology Banaras Hindu University","Varanasi","India"
"","View last title","","","",""
"","","","","","",""
"433 57202063837 (i) on (i)","Agrawal, Anil K.  Agrawal, A.   Agrawal, A. K.","15","3","Indian Institute of Technology Banaras Hindu University","Varanasi","India"
"","View last title","","","",""
"","","","","","",""
"434 35221211800 (i) on (i)","Basariya, M. Raviathul  Raviathul Basariya, M.   Basariya, M. Raviathul   Basariya, Mohammed Ishaq Raviathul","15","9","Indian Institute of Technology Banaras Hindu University","Varanasi","India"
"","View last title","","","",""
"","","","","","",""
"435 57217833406 (i) on (i)","Bhardwaj, Nivedita","15","4","Indian Institute of Technology Banaras Hindu University","Varanasi","India"
"","View last title","","","",""
"","","","","","",""
"436 55180263000 (i) on (i)","Bhardwaj, Prabhas  Bhardwaj, P.","15","5","Indian Institute of Technology Banaras Hindu University","Varanasi","India"
"","View last title","","","",""
"","","","","","",""
"437 56728004600 (i) on (i)","Bharti, Vandana  Bharti, V.","15","6","Indian Institute of Technology Banaras Hindu University","Varanasi","India"
"","View last title","","","",""
"","","","","","",""
"438 57212425989 (i) on (i)","Chandra, Subhash","15","10","Indian Institute of Technology Banaras Hindu University","Varanasi","India"
"","View last title","","","",""
"","","","","","",""
"439 57063982300 (i) on (i)","Dikshit, Prabhat Kumar Singh  Dikshit, P. K.S.","15","6","Indian Institute of Technology Banaras Hindu University","Varanasi","India"
"","View last title","","","",""
"","","","","","",""
"440 57214878648 (i) on (i)","Jha, Abhishek","15","9","Indian Institute of Technology Banaras Hindu University","Varanasi","India"
"","View last title","","","",""
"","","","","","",""
"441 57193233153 (i) on (i)","Kumar, Ajay","15","7","Indian Institute of Technology Banaras Hindu University","Varanasi","India"
"","View last title","","","",""
"","","","","","",""
"442 57201826080 (i) on (i)","Kumar, Pattem Hemanth  Kumar, P. Hemanth   Kumar, P.   Kumar, Pattem   Kumar, P. H.","15","7","Indian Institute of Technology Banaras Hindu University","Varanasi","India"
"","View last title","","","",""
"","","","","","",""
"443 57192039184 (i) on (i)","Malhotra, S. L.","15","7","Indian Institute of Technology Banaras Hindu University","Varanasi","India"
"","View last title","","","",""
"","","","","","",""
"444 6603011949 (i) on (i)","Mallik, Nilanjan  Mallik, N.","15","6","Indian Institute of Technology Banaras Hindu University","Varanasi","India"
"","View last title","","","",""
"","","","","","",""
"445 8873702000 (i) on (i)","Malviya, Manisha  Malviya, M.","15","9","Indian Institute of Technology Banaras Hindu University","Varanasi","India"
"","View last title","","","",""
"","","","","","",""
"446 57218434326 (i) on (i)","Mishra, Ashwini Kumar  Mishra, A. K.","15","8","Indian Institute of Technology Banaras Hindu University","Varanasi","India"
"","View last title","","","",""
"","","","","","",""
"447 15843875300 (i) on (i)","Naidu, Natansh K.Swami  Naidu, Natansh K.   Naidu, N. K.   Naidu, N. K.Swami","15","7","Indian Institute of Technology Banaras Hindu University","Varanasi","India"
"","View last title","","","",""
"","","","","","",""
"448 57213497931 (i) on (i)","Pandey, Kamlesh Kumar  Pandey, K.   Pandey, K. K.","15","3","Indian Institute of Technology Banaras Hindu University","Varanasi","India"
"","View last title","","","",""
"","","","","","",""
"449 26536486700 (i) on (i)","Pandey, R. N.","15","4","Banaras Hindu University","Varanasi","India"
"","View last title","","","",""
"","","","","","",""
"450 57191097234 (i) on (i)","Pandey, Ram K.  Pandey, Ram K.   Pandey, Ram Kishor   Pandey, R. K.","15","7","Indian Institute of Technology Banaras Hindu University","Varanasi","India"
"","View last title","","","",""
"","","","","","",""
"451 57211924168 (i) on (i)","Pandey, Santosh  Pandey, S.","15","4","Indian Institute of Technology Banaras Hindu University","Varanasi","India"
"","View last title","","","",""
"","","","","","",""
"452 57202496379 (i) on (i)","Raja, Avinash Ravi","15","5","Indian Institute of Technology Banaras Hindu University","Varanasi","India"
"","View last title","","","",""
"","","","","","",""
"453 55391504500 (i) on (i)","Sarma, Bandikatla Nageswara  Sarma, B. N.   Sarma, Bandikatla N.   Sarma, B. Nageswara","15","5","Indian Institute of Technology Banaras Hindu University","Varanasi","India"
"","View last title","","","",""
"","","","","","",""
"454 57199273687 (i) on (i)","Shaw, S. K.  Shaw, S. K.   Shaw, Subham Kumar","15","7","Indian Institute of Technology Banaras Hindu University","Varanasi","India"
"","View last title","","","",""
"","","","","","",""
"455 57223694988 (i) on (i)","Shukla, Aparna","15","8","Indian Institute of Technology Banaras Hindu University","Varanasi","India"
"","View last title","","","",""
"","","","","","",""
"456 7006444476 (i) on (i)","Shukla, B. M.","15","5","Indian Institute of Technology Banaras Hindu University","Varanasi","India"
"","View last title","","","",""
"","","","","","",""
"457 57190872080 (i) on (i)","Singh, Anshu Sharan  Singh, Anshu S.   Sharan Singh, Anshu   Singh, Akanksha   Singh, A. S.","15","2","Indian Institute of Technology Banaras Hindu University","Varanasi","India"
"","View last title","","","",""
"","","","","","",""
"458 57157982500 (i) on (i)","Singh, Baghendra","15","9","Indian Institute of Technology Banaras Hindu University","Varanasi","India"
"","View last title","","","",""
"","","","","","",""
"459 57220741994 (i) on (i)","Singh, Manish Kumar  Singh, Manish   Singh, M. K.","15","3","Indian Institute of Technology Banaras Hindu University","Varanasi","India"
"","View last title","","","",""
"","","","","","",""
"460 57224579890 (i) on (i)","Sinha, Om Prakash  Sinha, O. P.","15","9","Indian Institute of Technology Banaras Hindu University","Varanasi","India"
"","View last title","","","",""
"","","","","","",""
"461 56922085600 (i) on (i)","Sonali, undefined  Sonali","15","12","Indian Institute of Technology Banaras Hindu University","Varanasi","India"
"","View last title","","","",""
"","","","","","",""
"462 57219033516 (i) on (i)","Sukhija, Mayank","15","5","Indian Institute of Technology Banaras Hindu University","Varanasi","India"
"","View last title","","","",""
"","","","","","",""
"463 57207113215 (i) on (i)","Swain, Ganesh","15","6","Indian Institute of Technology Banaras Hindu University","Varanasi","India"
"","View last title","","","",""
"","","","","","",""
"464 55922064300 (i) on (i)","Tripathi, Himanshu  Tripathi, R.   Tripathi, H.","15","8","Indian Institute of Technology Banaras Hindu University","Varanasi","India"
"","View last title","","","",""
"","","","","","",""
"465 55419744900 (i) on (i)","Verma, Ashok Kumar  Verma, A. K.   Verma, Ashok K.","15","5","Indian Institute of Technology Banaras Hindu University","Varanasi","India"
"","View last title","","","",""
"","","","","","",""
"466 7202765928 (i) on (i)","Agrawal, Gokul Nath  Agrawal, G. N.","14","4","Indian Institute of Technology Banaras Hindu University","Varanasi","India"
"","View last title","","","",""
"","","","","","",""
"467 57211293461 (i) on (i)","Akshayveer, null  Akshayveer","14","7","Indian Institute of Technology Banaras Hindu University","Varanasi","India"
"","View last title","","","",""
"","","","","","",""
"468 57197775048 (i) on (i)","Arif, Zeenat  Arif, Z.","14","6","Indian Institute of Technology Banaras Hindu University","Varanasi","India"
"","View last title","","","",""
"","","","","","",""
"469 56625717500 (i) on (i)","Dikshit, Ashutosh Kumar  Dikshit, Ashutosh   Dikshit, Ashutosh K.","14","2","Indian Institute of Technology Banaras Hindu University","Varanasi","India"
"","View last title","","","",""
"","","","","","",""
"470 57218326563 (i) on (i)","Divya","14","3","Indian Institute of Technology Banaras Hindu University","Varanasi","India"
"","View last title","","","",""
"","","","","","",""
"471 57210712976 (i) on (i)","Dwivedi, Akansha","14","6","Indian Institute of Technology Banaras Hindu University","Varanasi","India"
"","View last title","","","",""
"","","","","","",""
"472 57189462930 (i) on (i)","Gaur, Anupama","14","11","Indian Institute of Technology Banaras Hindu University","Varanasi","India"
"","View last title","","","",""
"","","","","","",""
"473 57189491070 (i) on (i)","Ghosh, Abir","14","6","Indian Institute of Technology Banaras Hindu University","Varanasi","India"
"","View last title","","","",""
"","","","","","",""
"474 56309659400 (i) on (i)","Gupta, Neeraj Kumar  Gupta, N.   Gupta, Neeraj K.   Gupta, N. K.   Gupta, Neeraj","14","9","Indian Institute of Technology Banaras Hindu University","Varanasi","India"
"","View last title","","","",""
"","","","","","",""
"475 7007004152 (i) on (i)","Kak, S. K.","14","4","Indian Institute of Technology Banaras Hindu University","Varanasi","India"
"","View last title","","","",""
"","","","","","",""
"476 7003799764 (i) on (i)","Karki, Karam S. 					       Karki, K. S.","14","3","Indian Institute of Technology Banaras Hindu University","Varanasi","India"
"","View last title","","","",""
"","","","","","",""
"477 57307821000 (i) on (i)","Kumar, Abhinav","14","7","Indian Institute of Technology Banaras Hindu University","Varanasi","India"
"","View last title","","","",""
"","","","","","",""
"478 57209070651 (i) on (i)","Kuntail, Jyoti","14","7","Indian Institute of Technology Banaras Hindu University","Varanasi","India"
"","View last title","","","",""
"","","","","","",""
"479 56610411400 (i) on (i)","Mahanta, Arun Kumar  Mahanta, Arun K.","14","9","Indian Institute of Technology Banaras Hindu University","Varanasi","India"
"","View last title","","","",""
"","","","","","",""
"480 57205017035 (i) on (i)","Maiti, Subrata  Maiti, S.","14","10","Indian Institute of Technology Banaras Hindu University","Varanasi","India"
"","View last title","","","",""
"","","","","","",""
"481 57211618031 (i) on (i)","Mishra, Anurag  Mishra, A.","14","8","Indian Institute of Technology Banaras Hindu University","Varanasi","India"
"","View last title","","","",""
"","","","","","",""
"482 57211886180 (i) on (i)","Mishra, Shivansh","14","4","Indian Institute of Technology Banaras Hindu University","Varanasi","India"
"","View last title","","","",""
"","","","","","",""
"483 7102703445 (i) on (i)","Nath, Prabhu  NATH, P.   Nath, P.","14","6","Indian Institute of Technology Banaras Hindu University","Varanasi","India"
"","View last title","","","",""
"","","","","","",""
"484 57211938714 (i) on (i)","Neogi, Kaushik  Neogi, K.","14","7","Indian Institute of Technology Banaras Hindu University","Varanasi","India"
"","View last title","","","",""
"","","","","","",""
"485 6601994947 (i) on (i)","Panday, Kamala K.  Panday, K. K.","14","11","Indian Institute of Technology Banaras Hindu University","Varanasi","India"
"","View last title","","","",""
"","","","","","",""
"486 56305255800 (i) on (i)","Pandey, Vaibhav  Pandey, V.","14","9","Indian Institute of Technology Banaras Hindu University","Varanasi","India"
"","View last title","","","",""
"","","","","","",""
"487 26641425800 (i) on (i)","Paramkusam, Bala Ramudu","14","3","Indian Institute of Technology Banaras Hindu University","Varanasi","India"
"","View last title","","","",""
"","","","","","",""
"488 25650747700 (i) on (i)","Ranjan, Deeksha  Ranjan, D.","14","10","Indian Institute of Technology Banaras Hindu University","Varanasi","India"
"","View last title","","","",""
"","","","","","",""
"489 57202301792 (i) on (i)","Rao, Uppu Srinivas  Rao, U. S.   Srinivas Rao, U.","14","5","Indian Institute of Technology Banaras Hindu University","Varanasi","India"
"","View last title","","","",""
"","","","","","",""
"490 57212586632 (i) on (i)","Ray, Arunava","14","3","Indian Institute of Technology Banaras Hindu University","Varanasi","India"
"","View last title","","","",""
"","","","","","",""
"491 57200038455 (i) on (i)","Singh, Arvind","14","8","Indian Institute of Technology Banaras Hindu University","Varanasi","India"
"","View last title","","","",""
"","","","","","",""
"492 57203792833 (i) on (i)","Singh, Govind N.  Singh, Govind   Singh, G.   Singh, G. N.","14","10","Indian Institute of Technology Banaras Hindu University","Varanasi","India"
"","View last title","","","",""
"","","","","","",""
"493 57200721620 (i) on (i)","Singh, Priyam  Singh, P.","14","8","Indian Institute of Technology Banaras Hindu University","Varanasi","India"
"","View last title","","","",""
"","","","","","",""
"494 57161300900 (i) on (i)","Singh, Somveer  Singh, S.","14","9","Indian Institute of Technology Banaras Hindu University","Varanasi","India"
"","View last title","","","",""
"","","","","","",""
"495 57188665441 (i) on (i)","Swarnkar, Mayank","14","5","Indian Institute of Technology Banaras Hindu University","Varanasi","India"
"","View last title","","","",""
"","","","","","",""
"496 57189360414 (i) on (i)","Vajanthri, Kiran Yellappa  Vajanthri, K. Y.","14","9","Indian Institute of Technology Banaras Hindu University","Varanasi","India"
"","View last title","","","",""
"","","","","","",""
"497 57205327678 (i) on (i)","Varshney, Neelima","14","4","Indian Institute of Technology Banaras Hindu University","Varanasi","India"
"","View last title","","","",""
"","","","","","",""
"498 56448014700 (i) on (i)","Verma, Preeti","14","8","Indian Institute of Technology Banaras Hindu University","Varanasi","India"
"","View last title","","","",""
"","","","","","",""
"499 56490233700 (i) on (i)","Vyas, Vikash Kumar  Vyas, V. K.   Vyas, Vikas Kr   Vyas, Vikas Kumar","14","9","Indian Institute of Technology Banaras Hindu University","Varanasi","India"
"","View last title","","","",""
"","","","","","",""
"500 57202252876 (i) on (i)","Agnihotri, Ashwani Kumar","13","4","Indian Institute of Technology Banaras Hindu University","Varanasi","India"
"","View last title","","","",""
"","","","","","",""
"501 57191829332 (i) on (i)","Ajmal, Gufran","13","11","Indian Institute of Technology Banaras Hindu University","Varanasi","India"
"","View last title","","","",""
"","","","","","",""
"502 8904576500 (i) on (i)","Balasubramanian, Sirkazhi Krithivasan  Balasubramanian, S. K.","13","4","Indian Institute of Technology Banaras Hindu University","Varanasi","India"
"","View last title","","","",""
"","","","","","",""
"503 13407696200 (i) on (i)","Dixit, Shobhit  Dixit, S.","13","5","Indian Institute of Technology Banaras Hindu University","Varanasi","India"
"","View last title","","","",""
"","","","","","",""
"504 57193896897 (i) on (i)","Dohare, Parul  Dohare, P.","13","10","Indian Institute of Technology Banaras Hindu University","Varanasi","India"
"","View last title","","","",""
"","","","","","",""
"505 57201295918 (i) on (i)","Goel, Divya  Goel, D.","13","6","Indian Institute of Technology Banaras Hindu University","Varanasi","India"
"","View last title","","","",""
"","","","","","",""
"506 57226779223 (i) on (i)","Gupta, S. N.","13","6","Indian Institute of Technology Banaras Hindu University","Varanasi","India"
"","View last title","","","",""
"","","","","","",""
"507 57205365440 (i) on (i)","Kavita","13","5","Indian Institute of Technology Banaras Hindu University","Varanasi","India"
"","View last title","","","",""
"","","","","","",""
"508 57741094200 (i) on (i)","Kumar, Amit","13","2","Indian Institute of Technology Banaras Hindu University","Varanasi","India"
"","View last title","","","",""
"","","","","","",""
"509 57225345940 (i) on (i)","Kumar, Chintoo N.Ravi  Kumar, Chintoo   Kumar, C.   Kumar, C. N.Ravi","13","5","Indian Institute of Technology Banaras Hindu University","Varanasi","India"
"","View last title","","","",""
"","","","","","",""
"510 57204946907 (i) on (i)","Kumar, M.  Kumar, M.   Kumar, M. Pradeep   Kumar, Munna","13","4","Indian Institute of Technology Banaras Hindu University","Varanasi","India"
"","View last title","","","",""
"","","","","","",""
"511 57212043585 (i) on (i)","Kumar, Praveen","13","5","Indian Institute of Technology Banaras Hindu University","Varanasi","India"
"","View last title","","","",""
"","","","","","",""
"512 36065422800 (i) on (i)","Kumar Singh, Rakesh","13","6","Indian Institute of Technology Banaras Hindu University","Varanasi","India"
"","View last title","","","",""
"","","","","","",""
"513 57203887778 (i) on (i)","Kumari, Savita","13","6","Indian Institute of Technology Banaras Hindu University","Varanasi","India"
"","View last title","","","",""
"","","","","","",""
"514 7102625840 (i) on (i)","Mishra, Garima K.  Mishra, G. K.   Mishra, G.   Mishra, Garima","13","8","Indian Institute of Technology Banaras Hindu University","Varanasi","India"
"","View last title","","","",""
"","","","","","",""
"515 57197768747 (i) on (i)","Nirala, Gurudeo  Nirala, G.","13","4","Indian Institute of Technology Banaras Hindu University","Varanasi","India"
"","View last title","","","",""
"","","","","","",""
"516 56565468400 (i) on (i)","Pradeepkumar, Maurya Sandeep","13","5","Indian Institute of Technology Banaras Hindu University","Varanasi","India"
"","View last title","","","",""
"","","","","","",""
"517 35751454800 (i) on (i)","Pradhan, Smita  Pradhan, S.","13","4","Indian Institute of Technology Banaras Hindu University","Varanasi","India"
"","View last title","","","",""
"","","","","","",""
"518 57193095201 (i) on (i)","Prajapati, Santosh Kumar","13","6","Indian Institute of Technology Banaras Hindu University","Varanasi","India"
"","View last title","","","",""
"","","","","","",""
"519 57199120345 (i) on (i)","Ray, Amit Kumar  Ray, Amit K.   Kumar Ray, Amit   Ray, Amit   Ray, A. K.","13","6","Indian Institute of Technology Banaras Hindu University","Varanasi","India"
"","View last title","","","",""
"","","","","","",""
"520 57216676213 (i) on (i)","Sahoo, Kedar  Sahoo, K.","13","4","Indian Institute of Technology Banaras Hindu University","Varanasi","India"
"","View last title","","","",""
"","","","","","",""
"521 57220546582 (i) on (i)","Sarita, Kumari","13","4","Indian Institute of Technology Banaras Hindu University","Varanasi","India"
"","View last title","","","",""
"","","","","","",""
"522 57197765194 (i) on (i)","Sethy, Naresh Kumar  Sethy, Naresh K.   Sethy, N. K.","13","6","Indian Institute of Technology Banaras Hindu University","Varanasi","India"
"","View last title","","","",""
"","","","","","",""
"523 36197305800 (i) on (i)","Sharma, Ashok K.  Sharma, A. K.   Sharma, A.","13","5","Indian Institute of Technology Banaras Hindu University","Varanasi","India"
"","View last title","","","",""
"","","","","","",""
"524 39762653200 (i) on (i)","Shukla, Shubhanjali H.  Shukla, Shubhanjali   Shukla, S. H.   Shukla, S.","13","7","Indian Institute of Technology Banaras Hindu University","Varanasi","India"
"","View last title","","","",""
"","","","","","",""
"525 57212845960 (i) on (i)","Singh, Angaraj K.  Singh, A.   Singh, A. K.   Singh, Angaraj","13","4","Indian Institute of Technology Banaras Hindu University","Varanasi","India"
"","View last title","","","",""
"","","","","","",""
"526 57213875599 (i) on (i)","Singh, Jitendra Kumar  Singh, J. K.","13","5","Indian Institute of Technology Banaras Hindu University","Varanasi","India"
"","View last title","","","",""
"","","","","","",""
"527 57214659068 (i) on (i)","Singh, N. K.  Singh, N. K.   Singh, Nitish Kumar","13","4","Indian Institute of Technology Banaras Hindu University","Varanasi","India"
"","View last title","","","",""
"","","","","","",""
"528 57217715362 (i) on (i)","Singh, Veer  Singh, V.","13","4","Indian Institute of Technology Banaras Hindu University","Varanasi","India"
"","View last title","","","",""
"","","","","","",""
"529 57192371806 (i) on (i)","Srivastava, Gargi","13","4","Indian Institute of Technology Banaras Hindu University","Varanasi","India"
"","View last title","","","",""
"","","","","","",""
"530 56741084600 (i) on (i)","Swetha, Rayala  Swetha, R.","13","7","Indian Institute of Technology Banaras Hindu University","Varanasi","India"
"","View last title","","","",""
"","","","","","",""
"531 7202857586 (i) on (i)","Tripathi, Saurabh  Tripathi, S.","13","7","Indian Institute of Technology Banaras Hindu University","Varanasi","India"
"","View last title","","","",""
"","","","","","",""
"532 57201701670 (i) on (i)","Yadav, Vinay Kumar  Yadav, Vinaykumar","13","3","Indian Institute of Technology Banaras Hindu University","Varanasi","India"
"","View last title","","","",""
"","","","","","",""
"533 57215830954 (i) on (i)","Akhilesh","12","3","Indian Institute of Technology Banaras Hindu University","Varanasi","India"
"","View last title","","","",""
"","","","","","",""
"534 37101127400 (i) on (i)","Banerjee, Anupam G.  Banerjee, A. G.   Banerjee, Anupam","12","8","Indian Institute of Technology Banaras Hindu University","Varanasi","India"
"","View last title","","","",""
"","","","","","",""
"535 7102186992 (i) on (i)","Chaturvedi, P. N.","12","4","Indian Institute of Technology Banaras Hindu University","Varanasi","India"
"","View last title","","","",""
"","","","","","",""
"536 57190376022 (i) on (i)","Ershad, Md  Ershad, M. D.","12","7","Indian Institute of Technology Banaras Hindu University","Varanasi","India"
"","View last title","","","",""
"","","","","","",""
"537 56924014400 (i) on (i)","Gupta, Surabhi","12","9","Indian Institute of Technology Banaras Hindu University","Varanasi","India"
"","View last title","","","",""
"","","","","","",""
"538 56814014500 (i) on (i)","Kumar, Arepalli Sampath  Kumar, A.   Kumar, A. S.","12","8","Indian Institute of Technology Banaras Hindu University","Varanasi","India"
"","View last title","","","",""
"","","","","","",""
"539 55875586100 (i) on (i)","Kumar, Dhanananajay","12","3","Indian Institute of Technology Banaras Hindu University","Varanasi","India"
"","View last title","","","",""
"","","","","","",""
"540 57208645290 (i) on (i)","Kumar, Manish","12","3","Indian Institute of Technology Banaras Hindu University","Varanasi","India"
"","View last title","","","",""
"","","","","","",""
"541 57199419077 (i) on (i)","Kumar, Nagendra","12","10","Indian Institute of Technology Banaras Hindu University","Varanasi","India"
"","View last title","","","",""
"","","","","","",""
"542 55492143500 (i) on (i)","Kumar, Rajnesh  Kumar, R.","12","9","Indian Institute of Technology Banaras Hindu University","Varanasi","India"
"","View last title","","","",""
"","","","","","",""
"543 35083956200 (i) on (i)","Mishra, Richa K.  Mishra, R. K.   Mishra, Richa","12","7","Indian Institute of Technology Banaras Hindu University","Varanasi","India"
"","View last title","","","",""
"","","","","","",""
"544 56435216200 (i) on (i)","Patel, Krishna Kumar","12","10","Indian Institute of Technology Banaras Hindu University","Varanasi","India"
"","View last title","","","",""
"","","","","","",""
"545 57204200406 (i) on (i)","Prakash, Jay","12","9","Indian Institute of Technology Banaras Hindu University","Varanasi","India"
"","View last title","","","",""
"","","","","","",""
"546 35734822300 (i) on (i)","Prasad, Rajesh  Prasad, R.","12","9","Indian Institute of Technology Banaras Hindu University","Varanasi","India"
"","View last title","","","",""
"","","","","","",""
"547 57216243188 (i) on (i)","Priya, Vishnu","12","4","Indian Institute of Technology Banaras Hindu University","Varanasi","India"
"","View last title","","","",""
"","","","","","",""
"548 57205286794 (i) on (i)","Rao, Mudila Dhanunjaya  Dhanunjaya Rao, Mudila","12","6","Indian Institute of Technology Banaras Hindu University","Varanasi","India"
"","View last title","","","",""
"","","","","","",""
"549 57201912456 (i) on (i)","Saraswat, Surbhi","12","5","Indian Institute of Technology Banaras Hindu University","Varanasi","India"
"","View last title","","","",""
"","","","","","",""
"550 57221072390 (i) on (i)","Sharma, Sanjay Kumar  Sharma, Sanjay K.   Sharma, S. K.","12","1","Indian Institute of Technology Banaras Hindu University","Varanasi","India"
"","View last title","","","",""
"","","","","","",""
"551 57212846114 (i) on (i)","Singh, Adesh Kumar","12","8","Indian Institute of Technology Banaras Hindu University","Varanasi","India"
"","View last title","","","",""
"","","","","","",""
"552 57215131039 (i) on (i)","Singh, J. G.","12","2","Indian Institute of Technology Banaras Hindu University","Varanasi","India"
"","View last title","","","",""
"","","","","","",""
"553 57219657938 (i) on (i)","Singh, Jyoti  Singh, J.","12","4","Indian Institute of Technology Banaras Hindu University","Varanasi","India"
"","View last title","","","",""
"","","","","","",""
"554 57301491300 (i) on (i)","Singh, Manish Kumar  Singh, M. K.   Singh, Manish K.","12","5","Indian Institute of Technology Banaras Hindu University","Varanasi","India"
"","View last title","","","",""
"","","","","","",""
"555 57216195748 (i) on (i)","Singh, Manoj Kumar 	  Singh, Manoj   Singh, Manojkumar   Singh, Manuj Kumar","12","7","Indian Institute of Technology Banaras Hindu University","Varanasi","India"
"","View last title","","","",""
"","","","","","",""
"556 55463330200 (i) on (i)","Singh, Prem Chand  Singh, Prem C.   Singh, P. C.","12","6","Indian Institute of Technology Banaras Hindu University","Varanasi","India"
"","View last title","","","",""
"","","","","","",""
"557 57201615687 (i) on (i)","Singh, Sanjeev Kumar  Singh, Sanjeev   Singh, Sandip Kumar   Singh, S. K.","12","3","Indian Institute of Technology Banaras Hindu University","Varanasi","India"
"","View last title","","","",""
"","","","","","",""
"558 57723863000 (i) on (i)","Singh, Shailendra","12","4","Indian Institute of Technology Banaras Hindu University","Varanasi","India"
"","View last title","","","",""
"","","","","","",""
"559 24575465500 (i) on (i)","Srivastava, Kaushal Kumar  Srivastava, Kaushal K.   Srivastava, K. K.","12","5","Indian Institute of Technology Banaras Hindu University","Varanasi","India"
"","View last title","","","",""
"","","","","","",""
"560 57204976715 (i) on (i)","Tiwari, Shivam  Tiwari, S.","12","6","Indian Institute of Technology Banaras Hindu University","Varanasi","India"
"","View last title","","","",""
"","","","","","",""
"561 57201674722 (i) on (i)","Tiwari, Vandana","12","5","Indian Institute of Technology Banaras Hindu University","Varanasi","India"
"","View last title","","","",""
"","","","","","",""
"562 55006624500 (i) on (i)","Upadhyay, Aditya N.  Upadhyay, A. N.","12","5","Indian Institute of Technology Banaras Hindu University","Varanasi","India"
"","View last title","","","",""
"","","","","","",""
"563 36993564100 (i) on (i)","Vishal, Kumar  Vishal, K.","12","8","Indian Institute of Technology Banaras Hindu University","Varanasi","India"
"","View last title","","","",""
"","","","","","",""
"564 54886047300 (i) on (i)","Wasnik, Kirti","12","3","Indian Institute of Technology Banaras Hindu University","Varanasi","India"
"","View last title","","","",""
"","","","","","",""
"565 57209750500 (i) on (i)","Yadav, Sanjeev Mani  Yadav, Sanjeev M.   Yadav, S.   Mani Yadav, Sanjeev","12","3","Indian Institute of Technology Banaras Hindu University","Varanasi","India"
"","View last title","","","",""
"","","","","","",""
"566 7005832692 (i) on (i)","Agrawal, H. L.","11","3","Indian Institute of Technology Banaras Hindu University","Varanasi","India"
"","View last title","","","",""
"","","","","","",""
"567 57192370682 (i) on (i)","Ali, Akher","11","7","Indian Institute of Technology Banaras Hindu University","Varanasi","India"
"","View last title","","","",""
"","","","","","",""
"568 57200957751 (i) on (i)","Ansari, M. A.  Ansari, M. A.","11","2","Indian Institute of Technology Banaras Hindu University","Varanasi","India"
"","View last title","","","",""
"","","","","","",""
"569 57217065658 (i) on (i)","Chanda, Aniket  Chanda, Aniket Gopa   Gopa Chanda, Aniket","11","3","Indian Institute of Technology Banaras Hindu University","Varanasi","India"
"","View last title","","","",""
"","","","","","",""
"570 57199772385 (i) on (i)","Chatterjee, Sougata  Chaterjee, Sougata   Chatterjee, S.","11","3","Indian Institute of Technology Banaras Hindu University","Varanasi","India"
"","View last title","","","",""
"","","","","","",""
"571 57218772134 (i) on (i)","Chaudhuri, Aiswarya","11","5","Indian Institute of Technology Banaras Hindu University","Varanasi","India"
"","View last title","","","",""
"","","","","","",""
"572 56585450200 (i) on (i)","Datta, Deepanwita","11","5","Indian Institute of Technology Banaras Hindu University","Varanasi","India"
"","View last title","","","",""
"","","","","","",""
"573 56152164700 (i) on (i)","Dwivedi, Shri Prakash","11","4","Indian Institute of Technology Banaras Hindu University","Varanasi","India"
"","View last title","","","",""
"","","","","","",""
"574 57210928757 (i) on (i)","Gadepalli, Anagha","11","4","Indian Institute of Technology Banaras Hindu University","Varanasi","India"
"","View last title","","","",""
"","","","","","",""
"575 57208432055 (i) on (i)","Gautam, Pooja","11","4","Indian Institute of Technology Banaras Hindu University","Varanasi","India"
"","View last title","","","",""
"","","","","","",""
"576 57162024700 (i) on (i)","Jain, Pankaj K.  Jain, Pankaj K.","11","7","Indian Institute of Technology Banaras Hindu University","Varanasi","India"
"","View last title","","","",""
"","","","","","",""
"577 7201832517 (i) on (i)","Kapoor, Arun Kumar  Kapoor, A. K.   Kapoor, A.   Kapoor, Arun K.","11","4","Indian Institute of Technology Banaras Hindu University","Varanasi","India"
"","View last title","","","",""
"","","","","","",""
"578 55557504800 (i) on (i)","Kapur, Meghna","11","8","Indian Institute of Technology Banaras Hindu University","Varanasi","India"
"","View last title","","","",""
"","","","","","",""
"579 57202091334 (i) on (i)","Karana, Dhruv Raj","11","6","Indian Institute of Technology Banaras Hindu University","Varanasi","India"
"","View last title","","","",""
"","","","","","",""
"580 57213128844 (i) on (i)","Kaur, Harsimran","11","3","Indian Institute of Technology Banaras Hindu University","Varanasi","India"
"","View last title","","","",""
"","","","","","",""
"581 56020859100 (i) on (i)","Khade, Shankar Mukundrao  Khade, Shankar M.   Khade, Shankar   Khade, Shankar Mukund   Khade, S. M.","11","5","Indian Institute of Technology Banaras Hindu University","Varanasi","India"
"","View last title","","","",""
"","","","","","",""
"582 57217714228 (i) on (i)","Kumar, Manish Manoj  Kumar, M. Manoj   Kumar, Manish","11","4","Indian Institute of Technology Banaras Hindu University","Varanasi","India"
"","View last title","","","",""
"","","","","","",""
"583 57216799342 (i) on (i)","Makam, Pandeeswar","11","7","Indian Institute of Technology Banaras Hindu University","Varanasi","India"
"","View last title","","","",""
"","","","","","",""
"584 20735062800 (i) on (i)","Maurya, Jiya L.  Maurya, J. L.","11","8","Indian Institute of Technology Banaras Hindu University","Varanasi","India"
"","View last title","","","",""
"","","","","","",""
"585 56689315500 (i) on (i)","Nath, Aneesh G.","11","5","Indian Institute of Technology Banaras Hindu University","Varanasi","India"
"","View last title","","","",""
"","","","","","",""
"586 57193227590 (i) on (i)","Paliwal, Pankaj","11","9","Indian Institute of Technology Banaras Hindu University","Varanasi","India"
"","View last title","","","",""
"","","","","","",""
"587 56064721200 (i) on (i)","Pandey, Jeewan Chandra  Pandey, J. C.","11","6","Indian Institute of Technology Banaras Hindu University","Varanasi","India"
"","View last title","","","",""
"","","","","","",""
"588 54412810600 (i) on (i)","Raghvendra","11","8","Indian Institute of Technology Banaras Hindu University","Varanasi","India"
"","View last title","","","",""
"","","","","","",""
"589 57200303126 (i) on (i)","Rana, Bhupendra Singh  Rana, Bhupendra   Rana, B. S.","11","4","Indian Institute of Technology Banaras Hindu University","Varanasi","India"
"","View last title","","","",""
"","","","","","",""
"590 36115420400 (i) on (i)","Saravanan, Chinnadurai  Saravanan, C.","11","5","Indian Institute of Technology Banaras Hindu University","Varanasi","India"
"","View last title","","","",""
"","","","","","",""
"591 56586090300 (i) on (i)","Saurabh, Arun Kumar  Saurabh, Arun K.   Saurabh, A. Kumar","11","3","Indian Institute of Technology Banaras Hindu University","Varanasi","India"
"","View last title","","","",""
"","","","","","",""
"592 57301670000 (i) on (i)","Singh, Aditya Kumar  Singh, A.   Singh, Aditya   Singh, A. K.","11","7","Indian Institute of Technology Banaras Hindu University","Varanasi","India"
"","View last title","","","",""
"","","","","","",""
"593 57194576466 (i) on (i)","Singh, Akhand Pratap","11","9","Indian Institute of Technology Banaras Hindu University","Varanasi","India"
"","View last title","","","",""
"","","","","","",""
"594 57213598578 (i) on (i)","Singh, Anoop","11","2","Indian Institute of Technology Banaras Hindu University","Varanasi","India"
"","View last title","","","",""
"","","","","","",""
"595 56079506400 (i) on (i)","Singh, Digamber  Waiker, Digambar Kumar   Waiker, Digambar K.","11","4","Indian Institute of Technology Banaras Hindu University","Varanasi","India"
"","View last title","","","",""
"","","","","","",""
"596 57191165493 (i) on (i)","Singh, Durgesh","11","8","Indian Institute of Technology Banaras Hindu University","Varanasi","India"
"","View last title","","","",""
"","","","","","",""
"597 57217454480 (i) on (i)","Singh, Mahima","11","2","Indian Institute of Technology Banaras Hindu University","Varanasi","India"
"","View last title","","","",""
"","","","","","",""
"598 57216140082 (i) on (i)","Singh, Shailendra  Singh, S. P.","11","6","Indian Institute of Technology Banaras Hindu University","Varanasi","India"
"","View last title","","","",""
"","","","","","",""
"599 53881954400 (i) on (i)","Sudheer, undefined  Sudheer","11","8","Indian Institute of Technology Banaras Hindu University","Varanasi","India"
"","View last title","","","",""
"","","","","","",""
"600 57194021767 (i) on (i)","Tiwari, Anurag","11","5","Indian Institute of Technology Banaras Hindu University","Varanasi","India"
"","View last title","","","",""
"","","","","","",""