"Result Number","Author","Documents","h-index          Author metrics Scopus is adding an array of metrics for researchers. As an initial step, the h-index has been added.  The h-graph is one way of displaying and comparing the productivity and impact of published work of scholars. It should only be used together with a mix of quantitative and qualitative metrics.  More metrics will be added in the course of the year.","Affiliation","City","Country/Territory"
"2001 56786319700 (i) on (i)","Berwal, Deepak","7","4","Indian Institute of Technology Bombay","Mumbai","India"
"","View last title","","","",""
"","","","","","",""
"2002 16509152800 (i) on (i)","Bhat, B. G.","7","2","Indian Institute of Technology, Bombay","Mumbai","India"
"","View last title","","","",""
"","","","","","",""
"2003 56452361200 (i) on (i)","Bhat, Rahul","7","2","Indian Institute of Technology Bombay","Mumbai","India"
"","View last title","","","",""
"","","","","","",""
"2004 24377447100 (i) on (i)","Bhatt, Rama Krishna  Bhatt, R. K.","7","6","Indian Institute of Technology, Bombay","Mumbai","India"
"","View last title","","","",""
"","","","","","",""
"2005 56924403600 (i) on (i)","Bhattacharya, Ayan","7","2","Indian Institute of Technology Bombay","Mumbai","India"
"","View last title","","","",""
"","","","","","",""
"2006 6701313622 (i) on (i)","Bhattacharya, H. P.","7","1","Indian Institute of Technology, Bombay","Mumbai","India"
"","View last title","","","",""
"","","","","","",""
"2007 57162002400 (i) on (i)","Bhattacharyya, Surajit","7","2","Indian Institute of Technology Bombay","Mumbai","India"
"","View last title","","","",""
"","","","","","",""
"2008 55951567400 (i) on (i)","Bhide, Rahul S.  Bhide, Rahul   Bhide, R. S.","7","5","Indian Institute of Technology, Bombay","Mumbai","India"
"","View last title","","","",""
"","","","","","",""
"2009 56684672400 (i) on (i)","Bhowmik, Amit","7","4","Indian Institute of Technology Bombay","Mumbai","India"
"","View last title","","","",""
"","","","","","",""
"2010 55319324100 (i) on (i)","Bichu, Shrirang  Bichu, S.","7","2","Bombay Hospital and Medical Research Centre","Mumbai","India"
"","View last title","","","",""
"","","","","","",""
"2011 56685653700 (i) on (i)","Birajdar, Farjana S.  Birajdar, Farjana","7","1","Indian Institute of Technology Bombay","Mumbai","India"
"","View last title","","","",""
"","","","","","",""
"2012 57205889555 (i) on (i)","Biswas, Rathin","7","3","Indian Institute of Technology Bombay","Mumbai","India"
"","View last title","","","",""
"","","","","","",""
"2013 6506716064 (i) on (i)","Bobde, Vivek  BOBDE, V.   BOBDE, VIVEK   Bobde, V.","7","5","Indian Institute of Technology, Bombay","Mumbai","India"
"","View last title","","","",""
"","","","","","",""
"2014 57208224447 (i) on (i)","Boopathi, Nithyapriya","7","3","IITB-Monash Research Academy","Mumbai","India"
"","View last title","","","",""
"","","","","","",""
"2015 57191191643 (i) on (i)","Buch, Chintan","7","3","Indian Institute of Technology, Bombay","Mumbai","India"
"","View last title","","","",""
"","","","","","",""
"2016 57204571600 (i) on (i)","Chakrabarti, Poulab","7","2","Indian Institute of Technology Bombay","Mumbai","India"
"","View last title","","","",""
"","","","","","",""
"2017 57091351000 (i) on (i)","Chakravarthy, Battula Kalyana  Chakravarthy, Battula K.   Chakravarthy, B. K.","7","2","Indian Institute of Technology, Bombay","Mumbai","India"
"","View last title","","","",""
"","","","","","",""
"2018 7005075802 (i) on (i)","Chandrasekaran, V. S.  Chandrasekaran, V.","7","5","Indian Institute of Technology Bombay","Mumbai","India"
"","View last title","","","",""
"","","","","","",""
"2019 57194069626 (i) on (i)","Chandrasekhar, Trupti","7","5","Indian Institute of Technology, Bombay","Mumbai","India"
"","View last title","","","",""
"","","","","","",""
"2020 56242107400 (i) on (i)","Changotra, Avtar","7","6","Indian Institute of Technology, Bombay","Mumbai","India"
"","View last title","","","",""
"","","","","","",""
"2021 51664645700 (i) on (i)","Chaudhari, Dipak L.","7","3","Indian Institute of Technology Bombay","Mumbai","India"
"","View last title","","","",""
"","","","","","",""
"2022 55371072200 (i) on (i)","Chaurasia, Avinash Kumar  Chaurasia, Avinash","7","2","Indian Institute of Technology Bombay","Mumbai","India"
"","View last title","","","",""
"","","","","","",""
"2023 7102237133 (i) on (i)","Chhabra, Rajendra  Chhabra, Gaurav   Chhabra, Hemlata   Chhabra, Anjali   Chhabra, H.   Chhabra, Puneet","7","6","Indian Institute of Technology, Bombay","Mumbai","India"
"","View last title","","","",""
"","","","","","",""
"2024 57203203842 (i) on (i)","Chhangte, Lalhruaizela","7","3","Indian Institute of Technology Bombay","Mumbai","India"
"","View last title","","","",""
"","","","","","",""
"2025 14419942800 (i) on (i)","Chhatre, Advait J.  Chhatre, Advait   Chhatre, A. J.","7","5","Indian Institute of Technology, Bombay","Mumbai","India"
"","View last title","","","",""
"","","","","","",""
"2026 14324430500 (i) on (i)","Choudhary, Vijay Singh  Choudhary, V. S.","7","6","Defence Laboratory India","Jodhpur","India"
"","View last title","","","",""
"","","","","","",""
"2027 57365911000 (i) on (i)","Choudhury, Debittree","7","3","Indian Institute of Technology Bombay","Mumbai","India"
"","View last title","","","",""
"","","","","","",""
"2028 57188994343 (i) on (i)","Chouhan, Shikhar  Chouhan, S.","7","4","Indian Institute of Technology, Bombay","Mumbai","India"
"","View last title","","","",""
"","","","","","",""
"2029 7102003703 (i) on (i)","Daniel, Asha E.","7","4","Indian Institute of Technology, Bombay","Mumbai","India"
"","View last title","","","",""
"","","","","","",""
"2030 54782297800 (i) on (i)","Das, Chandrani","7","6","Tata Consultancy Services India","Pune","India"
"","View last title","","","",""
"","","","","","",""
"2031 56019513100 (i) on (i)","Das, Diptendu","7","4","Indian Institute of Technology, Bombay","Mumbai","India"
"","View last title","","","",""
"","","","","","",""
"2032 57213459684 (i) on (i)","Das, Sreya","7","4","Indian Institute of Technology Bombay","Mumbai","India"
"","View last title","","","",""
"","","","","","",""
"2033 7103175305 (i) on (i)","Dash, Raghunath N.  Dash, R. N.   Dash, Raghunath","7","2","Indian Institute of Technology, Bombay","Mumbai","India"
"","View last title","","","",""
"","","","","","",""
"2034 55263706100 (i) on (i)","Date, Madhumita P.  Date, M. P.   Date, Madhumita","7","2","Indian Institute of Technology Bombay","Mumbai","India"
"","View last title","","","",""
"","","","","","",""
"2035 7003765903 (i) on (i)","Davenport, Kenneth G.  Davenport, K.","7","5","Indian Institute of Technology, Bombay","Mumbai","India"
"","View last title","","","",""
"","","","","","",""
"2036 37072036600 (i) on (i)","De, Dipanwita","7","6","Indian Institute of Technology, Bombay","Mumbai","India"
"","View last title","","","",""
"","","","","","",""
"2037 23667106100 (i) on (i)","Deodhar, Deepak K.  Deodhar, Deepak","7","4","Indian Institute of Technology Bombay","Mumbai","India"
"","View last title","","","",""
"","","","","","",""
"2038 57205687227 (i) on (i)","Desai, Akshaykumar N.  Desai, Akshay   Desai, Akshaykumar N.","7","4","Indian Institute of Technology Bombay","Mumbai","India"
"","View last title","","","",""
"","","","","","",""
"2039 56100070400 (i) on (i)","Desai, Sarika S.  Desai, Sarika   Desai Sarika, S.","7","5","Indian Institute of Technology Bombay","Mumbai","India"
"","View last title","","","",""
"","","","","","",""
"2040 7202826187 (i) on (i)","Desai, Shailesh R.  Desai, S. R.   Desai, S.","7","5","Indian Institute of Technology Bombay","Mumbai","India"
"","View last title","","","",""
"","","","","","",""
"2041 35582587000 (i) on (i)","Desai, Umang","7","2","Indian Institute of Technology Bombay","Mumbai","India"
"","View last title","","","",""
"","","","","","",""
"2042 7202168366 (i) on (i)","Deshpande, Anjali  Deshpande, A.","7","3","Indian Institute of Technology, Bombay","Mumbai","India"
"","View last title","","","",""
"","","","","","",""
"2043 7005605312 (i) on (i)","Deshpande, Jayant M.  Deshpande, J. M.","7","3","Indian Institute of Technology, Bombay","Mumbai","India"
"","View last title","","","",""
"","","","","","",""
"2044 56826070400 (i) on (i)","Deulkar, Vivek","7","3","Indian Institute of Technology Bombay","Mumbai","India"
"","View last title","","","",""
"","","","","","",""
"2045 57104728500 (i) on (i)","Dev, Sachin  Dev, S.","7","3","Indian Institute of Technology, Bombay","Mumbai","India"
"","View last title","","","",""
"","","","","","",""
"2046 7003649595 (i) on (i)","Dighe, Sandip","7","3","Indian Institute of Technology Bombay","Mumbai","India"
"","View last title","","","",""
"","","","","","",""
"2047 56292044200 (i) on (i)","Divi, Srikanth","7","5","Indian Institute of Technology, Bombay","Mumbai","India"
"","View last title","","","",""
"","","","","","",""
"2048 55572282600 (i) on (i)","Doiphode, Rajendra L.  Doiphode, R. L.   Doiphode, Rajendra","7","5","Indian Institute of Technology, Bombay","Mumbai","India"
"","View last title","","","",""
"","","","","","",""
"2049 55711112900 (i) on (i)","Donck, Simon","7","6","Indian Institute of Technology Bombay","Mumbai","India"
"","View last title","","","",""
"","","","","","",""
"2050 57211518283 (i) on (i)","Dutta, Subhabrata","7","4","Indian Institute of Technology Bombay","Mumbai","India"
"","View last title","","","",""
"","","","","","",""
"2051 57208363613 (i) on (i)","Dwivedi, M. C.","7","3","Indian Institute of Technology Bombay","Mumbai","India"
"","View last title","","","",""
"","","","","","",""
"2052 57492803000 (i) on (i)","Furquan, Mohammad","7","3","Indian Institute of Technology Bombay","Mumbai","India"
"","View last title","","","",""
"","","","","","",""
"2053 57224790022 (i) on (i)","Gandhi, Mayuri N.  Gandhi, M.   Gandhi, M. N.","7","4","Indian Institute of Technology Bombay","Mumbai","India"
"","View last title","","","",""
"","","","","","",""
"2054 57215658291 (i) on (i)","Gangani, Ashvin J.","7","2","Indian Institute of Technology Bombay","Mumbai","India"
"","View last title","","","",""
"","","","","","",""
"2055 57215597173 (i) on (i)","Gaur, Bhanupratap","7","1","Indian Institute of Technology Bombay","Mumbai","India"
"","View last title","","","",""
"","","","","","",""
"2056 57531062300 (i) on (i)","Gautam, Manoj","7","1","Indian Institute of Technology Bombay","Mumbai","India"
"","View last title","","","",""
"","","","","","",""
"2057 6603839468 (i) on (i)","Gharpure, V. S.  GHARPURE, V. S.","7","1","Indian Institute of Technology, Bombay","Mumbai","India"
"","View last title","","","",""
"","","","","","",""
"2058 57206696888 (i) on (i)","Ghosh, Saikat","7","6","Indian Institute of Technology Bombay","Mumbai","India"
"","View last title","","","",""
"","","","","","",""
"2059 57206696944 (i) on (i)","Ghosh, Snigdha","7","2","Indian Institute of Technology Bombay","Mumbai","India"
"","View last title","","","",""
"","","","","","",""
"2060 57075837000 (i) on (i)","Giri, Sachin D.  Giri, S. D.   Giri, Sachin D.","7","5","Indian Institute of Technology, Bombay","Mumbai","India"
"","View last title","","","",""
"","","","","","",""
"2061 36957334500 (i) on (i)","Gokhale, Prasad","7","3","Indian Institute of Technology, Bombay","Mumbai","India"
"","View last title","","","",""
"","","","","","",""
"2062 57197258700 (i) on (i)","Gopalakrishnan, Shivasubramanian","7","2","Indian Institute of Technology Bombay","Mumbai","India"
"","View last title","","","",""
"","","","","","",""
"2063 55200768800 (i) on (i)","Gopinathan, Sreelekha P.  Gopinathan, Sreelekha","7","7","Indian Institute of Technology Bombay","Mumbai","India"
"","View last title","","","",""
"","","","","","",""
"2064 57200165452 (i) on (i)","Goyal, Gagan K.  Goyal, Gagan K.   Goyal, G. K.","7","4","Indian Institute of Technology, Bombay","Mumbai","India"
"","View last title","","","",""
"","","","","","",""
"2065 57202013673 (i) on (i)","Gupta, Ankita","7","5","Indian Institute of Technology Bombay","Mumbai","India"
"","View last title","","","",""
"","","","","","",""
"2066 56404742200 (i) on (i)","Gupta, Meenakshi","7","5","Indian Institute of Technology Bombay","Mumbai","India"
"","View last title","","","",""
"","","","","","",""
"2067 56697389400 (i) on (i)","Gupta, S. C.  GUPTA, S. C.","7","1","Indian Institute of Technology, Bombay","Mumbai","India"
"","View last title","","","",""
"","","","","","",""
"2068 57215066660 (i) on (i)","Gupta, Suranjana","7","2","Indian Institute of Technology Bombay","Mumbai","India"
"","View last title","","","",""
"","","","","","",""
"2069 57207396283 (i) on (i)","Gupta, Vinod H.  Gupta, V. H.","7","5","Indian Institute of Technology, Bombay","Mumbai","India"
"","View last title","","","",""
"","","","","","",""
"2070 6602296171 (i) on (i)","Gurujee, Chandrahas S.  Gurujee, C. S.","7","3","Indian Institute of Technology, Bombay","Mumbai","India"
"","View last title","","","",""
"","","","","","",""
"2071 6507829737 (i) on (i)","Hadimani, Shreeshailkumar B.","7","5","Indian Institute of Technology, Bombay","Mumbai","India"
"","View last title","","","",""
"","","","","","",""
"2072 57214489114 (i) on (i)","Hariharan, Venkatnarayan  Hariharan, V.","7","4","Indian Institute of Technology Bombay","Mumbai","India"
"","View last title","","","",""
"","","","","","",""
"2073 57203585698 (i) on (i)","Hariprasad, Chelamallu","7","1","Indian Institute of Technology, Bombay","Mumbai","India"
"","View last title","","","",""
"","","","","","",""
"2074 55843691900 (i) on (i)","Hassija, Varun","7","3","Indian Institute of Technology, Bombay","Mumbai","India"
"","View last title","","","",""
"","","","","","",""
"2075 56636159600 (i) on (i)","Indulekha, S.","7","7","Indian Institute of Technology Bombay","Mumbai","India"
"","View last title","","","",""
"","","","","","",""
"2076 56022949200 (i) on (i)","Ingle, Avinash Vijay  Ingle, A. V.   Ingle, Avinash V.","7","4","Indian Institute of Technology, Bombay","Mumbai","India"
"","View last title","","","",""
"","","","","","",""
"2077 6701454553 (i) on (i)","Jagadish, B. S.","7","3","Indian Institute of Technology, Bombay","Mumbai","India"
"","View last title","","","",""
"","","","","","",""
"2078 57194410981 (i) on (i)","Jain, Parul  Jain, P.","7","5","Indian Institute of Technology Bombay","Mumbai","India"
"","View last title","","","",""
"","","","","","",""
"2079 57191578078 (i) on (i)","Jain, Saumitra","7","4","Indian Institute of Technology Bombay","Mumbai","India"
"","View last title","","","",""
"","","","","","",""
"2080 55423787000 (i) on (i)","Jha, Neeraj K.  Jha, N. K.","7","5","Indian Institute of Technology, Bombay","Mumbai","India"
"","View last title","","","",""
"","","","","","",""
"2081 57833573500 (i) on (i)","Jha, Sudhanshu S.","7","3","Indian Institute of Technology Bombay","Mumbai","India"
"","View last title","","","",""
"","","","","","",""
"2082 56964124600 (i) on (i)","Jhaveri, Jainesh H.  Jhaveri, Jainesh H.","7","3","Indian Institute of Technology Bombay","Mumbai","India"
"","View last title","","","",""
"","","","","","",""
"2083 57192296952 (i) on (i)","Jois, Santhosh","7","2","Indian Institute of Technology, Bombay","Mumbai","India"
"","View last title","","","",""
"","","","","","",""
"2084 57189491313 (i) on (i)","Joshi, Prathamesh Shreekant  Joshi, Prathamesh","7","5","Indian Institute of Technology, Bombay","Mumbai","India"
"","View last title","","","",""
"","","","","","",""
"2085 57212646131 (i) on (i)","Joshi, Shashikant","7","7","Indian Institute of Technology Bombay","Mumbai","India"
"","View last title","","","",""
"","","","","","",""
"2086 55004503700 (i) on (i)","Kadam, Sudin","7","3","Indian Institute of Technology Bombay","Mumbai","India"
"","View last title","","","",""
"","","","","","",""
"2087 8705902200 (i) on (i)","Kalra, Ruchi","7","6","Indian Institute of Technology, Bombay","Mumbai","India"
"","View last title","","","",""
"","","","","","",""
"2088 57202054292 (i) on (i)","Kangude, Prasad","7","5","Indian Institute of Technology Bombay","Mumbai","India"
"","View last title","","","",""
"","","","","","",""
"2089 55602518100 (i) on (i)","Kapadia, Anush","7","3","Indian Institute of Technology Bombay","Mumbai","India"
"","View last title","","","",""
"","","","","","",""
"2090 57200598841 (i) on (i)","Kar, Soumyashree  Kar, S.","7","3","Indian Institute of Technology, Bombay","Mumbai","India"
"","View last title","","","",""
"","","","","","",""
"2091 57222731421 (i) on (i)","Khan, Imran  Khan, I.","7","1","Indian Institute of Technology Bombay","Mumbai","India"
"","View last title","","","",""
"","","","","","",""
"2092 56105153000 (i) on (i)","Khan, M. I.  Khan, M. I.","7","4","Indian Institute of Technology Bombay","Mumbai","India"
"","View last title","","","",""
"","","","","","",""
"2093 57199444768 (i) on (i)","Khan, Mohammad Moiz  Khan, Mohd Moiz   Khan, Mohammad","7","4","Indian Institute of Technology Bombay","Mumbai","India"
"","View last title","","","",""
"","","","","","",""
"2094 57217036387 (i) on (i)","Khandakar, Mostafizar  Khandakar, M.","7","2","Indian Institute of Technology Bombay","Mumbai","India"
"","View last title","","","",""
"","","","","","",""
"2095 7003796145 (i) on (i)","Khosla, N. K.","7","4","Indian Institute of Technology, Bombay","Mumbai","India"
"","View last title","","","",""
"","","","","","",""
"2096 57202037379 (i) on (i)","Kishor, Vimal","7","4","Indian Institute of Technology Bombay","Mumbai","India"
"","View last title","","","",""
"","","","","","",""
"2097 57203568460 (i) on (i)","Kotha, Vishal","7","2","Indian Institute of Technology Bombay","Mumbai","India"
"","View last title","","","",""
"","","","","","",""
"2098 35885557600 (i) on (i)","Kotwal, Ketan","7","7","Indian Institute of Technology Bombay","Mumbai","India"
"","View last title","","","",""
"","","","","","",""
"2099 55648372100 (i) on (i)","Krishnan, Geethi","7","5","Indian Institute of Technology, Bombay","Mumbai","India"
"","View last title","","","",""
"","","","","","",""
"2100 55808072163 (i) on (i)","Kulkarni, M. M.","7","2","Indian Institute of Technology, Bombay","Mumbai","India"
"","View last title","","","",""
"","","","","","",""
"2101 57203438784 (i) on (i)","Kulkarni, Vinay S.  Kulkarni, V. S.   Kulkarni, Vinay","7","3","Indian Institute of Technology Bombay","Mumbai","India"
"","View last title","","","",""
"","","","","","",""
"2102 57216227840 (i) on (i)","Kumar, Ankita  Kumar, A.","7","2","Indian Institute of Technology Bombay","Mumbai","India"
"","View last title","","","",""
"","","","","","",""
"2103 7004429588 (i) on (i)","Kumar, Erukulla Ravi  Kumar, E. Ravi   Kumar, E. R.","7","6","Indian Institute of Technology, Bombay","Mumbai","India"
"","View last title","","","",""
"","","","","","",""
"2104 57205976790 (i) on (i)","Kumar, Hareesh M.Ravi  Kumar, H.   Kumar, H. M.Ravi   Kumar, Hareesh","7","1","Indian Institute of Technology Bombay","Mumbai","India"
"","View last title","","","",""
"","","","","","",""
"2105 57301761300 (i) on (i)","Kumar, Sandeep","7","2","Defence Research and Development Organisation India","Dehradun","India"
"","View last title","","","",""
"","","","","","",""
"2106 57201079687 (i) on (i)","Kumar, Shyam  Kumar, S.","7","3","Indian Institute of Technology, Bombay","Mumbai","India"
"","View last title","","","",""
"","","","","","",""
"2107 57738912300 (i) on (i)","Kumar, Surender  Kumar, S.","7","3","Indian Institute of Technology Bombay","Mumbai","India"
"","View last title","","","",""
"","","","","","",""
"2108 55548908800 (i) on (i)","Kunkalkar, Rupesh A.","7","4","Indian Institute of Technology Bombay","Mumbai","India"
"","View last title","","","",""
"","","","","","",""
"2109 57131140600 (i) on (i)","Kunnath-Poovakka, Aiswarya  Kunnath Poovakka, A.   Kunnath-Poovakka, A.","7","4","Indian Institute of Technology Bombay","Mumbai","India"
"","View last title","","","",""
"","","","","","",""
"2110 57191891798 (i) on (i)","Lal, Raj M.  Lal, Raj","7","5","Indian Institute of Technology Bombay","Mumbai","India"
"","View last title","","","",""
"","","","","","",""
"2111 57216225818 (i) on (i)","Lekshmipathy, Janani  Janani, L.","7","5","Indian Institute of Technology Bombay","Mumbai","India"
"","View last title","","","",""
"","","","","","",""
"2112 57018843600 (i) on (i)","Limaye, R. G.","7","2","Indian Institute of Technology, Bombay","Mumbai","India"
"","View last title","","","",""
"","","","","","",""
"2113 36651225600 (i) on (i)","Mahajan, Prachi","7","3","Indian Institute of Technology Bombay","Mumbai","India"
"","View last title","","","",""
"","","","","","",""
"2114 57214534106 (i) on (i)","Maheshwari, Ayush","7","2","Indian Institute of Technology Bombay","Mumbai","India"
"","View last title","","","",""
"","","","","","",""
"2115 57191855345 (i) on (i)","Maitra, Shubhrajit  Maitra, S.","7","4","Indian Institute of Technology Bombay","Mumbai","India"
"","View last title","","","",""
"","","","","","",""
"2116 57192253091 (i) on (i)","Mali, Amol Kamalakar  Kamalakar Mali, Amol   Mali, A. K.","7","3","Indian Institute of Technology Bombay","Mumbai","India"
"","View last title","","","",""
"","","","","","",""
"2117 57202536164 (i) on (i)","Mandal, Avirup","7","2","Indian Institute of Technology Bombay","Mumbai","India"
"","View last title","","","",""
"","","","","","",""
"2118 18634970200 (i) on (i)","Mane, Vaijinath","7","6","Indian Institute of Technology Bombay","Mumbai","India"
"","View last title","","","",""
"","","","","","",""
"2119 56448942200 (i) on (i)","Mangla, Rohit","7","3","Indian Institute of Technology, Bombay","Mumbai","India"
"","View last title","","","",""
"","","","","","",""
"2120 7005435162 (i) on (i)","Mani, K. K.","7","5","Indian Institute of Technology, Bombay","Mumbai","India"
"","View last title","","","",""
"","","","","","",""
"2121 55893497800 (i) on (i)","Manivannan, Ethirajan  Manivannan, E.","7","6","Indian Institute of Technology, Bombay","Mumbai","India"
"","View last title","","","",""
"","","","","","",""
"2122 7003323179 (i) on (i)","Manjunatha, B. S.","7","7","Indian Institute of Technology, Bombay","Mumbai","India"
"","View last title","","","",""
"","","","","","",""
"2123 57196682142 (i) on (i)","Mathai, C. Joseph  Mathai, C. J.","7","6","Indian Institute of Technology, Bombay","Mumbai","India"
"","View last title","","","",""
"","","","","","",""
"2124 57195230656 (i) on (i)","Mathew, Rohit T.  Mathew, Rohit T.","7","4","Indian Institute of Technology Bombay","Mumbai","India"
"","View last title","","","",""
"","","","","","",""
"2125 57205326472 (i) on (i)","Mathews, Nidhin George  Mathews, N. G.   Mathews, Nidhin G.","7","3","Indian Institute of Technology Bombay","Mumbai","India"
"","View last title","","","",""
"","","","","","",""
"2126 57190138529 (i) on (i)","Maurya, Satish  Maurya, S.","7","4","Indian Institute of Technology Bombay","Mumbai","India"
"","View last title","","","",""
"","","","","","",""
"2127 6603556189 (i) on (i)","Meduri, Sailendra  Meduri, S.","7","6","Indian Institute of Technology, Bombay","Mumbai","India"
"","View last title","","","",""
"","","","","","",""
"2128 57211789162 (i) on (i)","Meena, Roopmati","7","4","Indian Institute of Technology Bombay","Mumbai","India"
"","View last title","","","",""
"","","","","","",""
"2129 7005739579 (i) on (i)","Mehendale, S. G.","7","4","Indian Institute of Technology, Bombay","Mumbai","India"
"","View last title","","","",""
"","","","","","",""
"2130 8111364300 (i) on (i)","Mehta, P. K.","7","3","Indian Institute of Technology, Bombay","Mumbai","India"
"","View last title","","","",""
"","","","","","",""
"2131 56559218300 (i) on (i)","Mishra, Ashish Mani  Mishra, Ashish M.   Misra, Ashish Mani","7","3","Indian Institute of Technology Bombay","Mumbai","India"
"","View last title","","","",""
"","","","","","",""
"2132 57201909985 (i) on (i)","Mishra, Vinamra  Mishra, V.","7","4","Indian Institute of Technology Bombay","Mumbai","India"
"","View last title","","","",""
"","","","","","",""
"2133 57198817328 (i) on (i)","Mogha, Pankaj","7","5","Indian Institute of Technology Bombay","Mumbai","India"
"","View last title","","","",""
"","","","","","",""
"2134 57209071916 (i) on (i)","Moideen, Rameeza","7","4","Indian Institute of Technology Bombay","Mumbai","India"
"","View last title","","","",""
"","","","","","",""
"2135 57209777814 (i) on (i)","Monish, M.  Monish, M.   Monish, Mohammad","7","2","Indian Institute of Technology Bombay","Mumbai","India"
"","View last title","","","",""
"","","","","","",""
"2136 56534046600 (i) on (i)","Mopurisetty, Sundara Murthy","7","2","Indian Institute of Technology Bombay","Mumbai","India"
"","View last title","","","",""
"","","","","","",""
"2137 56526697300 (i) on (i)","More, Venumadhav","7","4","Indian Institute of Technology, Bombay","Mumbai","India"
"","View last title","","","",""
"","","","","","",""
"2138 9249016100 (i) on (i)","Murthy, Dasaka S.N.  Murthy, Dasaka S.   Murthy, D. S.   Murthy, D.   Murthy, D. S.N.","7","4","Indian Institute of Technology Bombay","Mumbai","India"
"","View last title","","","",""
"","","","","","",""
"2139 56983058800 (i) on (i)","Nadeema, Ayasha","7","4","Indian Institute of Technology Bombay","Mumbai","India"
"","View last title","","","",""
"","","","","","",""
"2140 6602174589 (i) on (i)","Nageswari, K.","7","5","Indian Institute of Technology, Bombay","Mumbai","India"
"","View last title","","","",""
"","","","","","",""
"2141 57201312646 (i) on (i)","Naik, Soniya D.  Naik, Soniya","7","2","Indian Institute of Technology Bombay","Mumbai","India"
"","View last title","","","",""
"","","","","","",""
"2142 57201992469 (i) on (i)","Nair, Arun Chandrasekharan  Chandrasekharan Nair, Arun","7","4","Indian Institute of Technology Bombay","Mumbai","India"
"","View last title","","","",""
"","","","","","",""
"2143 57205628991 (i) on (i)","Nandeshwar, Ruchira","7","3","Indian Institute of Technology Bombay","Mumbai","India"
"","View last title","","","",""
"","","","","","",""
"2144 57191255106 (i) on (i)","Nandy, Subhashis  Nandy, S.","7","3","Indian Institute of Technology Bombay","Mumbai","India"
"","View last title","","","",""
"","","","","","",""
"2145 57192574829 (i) on (i)","Narayana, Soumya  Narayanan, Soumya","7","2","Indian Institute of Technology Bombay","Mumbai","India"
"","View last title","","","",""
"","","","","","",""
"2146 57197400712 (i) on (i)","Nawaz, S.","7","4","Indian Institute of Technology, Bombay","Mumbai","India"
"","View last title","","","",""
"","","","","","",""
"2147 57211414687 (i) on (i)","Ojha, Belarani","7","2","Indian Institute of Technology Bombay","Mumbai","India"
"","View last title","","","",""
"","","","","","",""
"2148 57376256900 (i) on (i)","P Singh, Swatantra  P. Singh, Swatantra","7","1","Indian Institute of Technology Bombay","Mumbai","India"
"","View last title","","","",""
"","","","","","",""
"2149 55419732600 (i) on (i)","Padmakumar, Mithun","7","4","Indian Institute of Technology, Bombay","Mumbai","India"
"","View last title","","","",""
"","","","","","",""
"2150 57197308682 (i) on (i)","Pal, Rama","7","4","Indian Institute of Technology, Bombay","Mumbai","India"
"","View last title","","","",""
"","","","","","",""
"2151 56018768200 (i) on (i)","Paliwal, Pallavi  Paliwal, P.","7","4","Indian Institute of Technology, Bombay","Mumbai","India"
"","View last title","","","",""
"","","","","","",""
"2152 36537869200 (i) on (i)","Pande, Manish Marotrao  Pande, M. M.   Pande, Manish M.","7","5","Indian Institute of Technology Bombay","Mumbai","India"
"","View last title","","","",""
"","","","","","",""
"2153 57211999117 (i) on (i)","Pandit, Shardul  Pandit, S.","7","3","Indian Institute of Technology, Bombay","Mumbai","India"
"","View last title","","","",""
"","","","","","",""
"2154 7004201681 (i) on (i)","Pandya, B. N.","7","7","Indian Institute of Technology, Bombay","Mumbai","India"
"","View last title","","","",""
"","","","","","",""
"2155 55523547200 (i) on (i)","Panja, Arpita","7","4","Indian Institute of Technology Bombay","Mumbai","India"
"","View last title","","","",""
"","","","","","",""
"2156 55901835600 (i) on (i)","Parameswaran, Chithra","7","3","Indian Institute of Technology Bombay","Mumbai","India"
"","View last title","","","",""
"","","","","","",""
"2157 57200817654 (i) on (i)","Patel, Abhishek Kumar","7","5","Indian Institute of Technology Bombay","Mumbai","India"
"","View last title","","","",""
"","","","","","",""
"2158 55669180300 (i) on (i)","Patel, Anilkumar K.","7","5","Indian Institute of Technology Bombay","Mumbai","India"
"","View last title","","","",""
"","","","","","",""
"2159 57196613604 (i) on (i)","Patil, Ujwala N.","7","3","Indian Institute of Technology Bombay","Mumbai","India"
"","View last title","","","",""
"","","","","","",""
"2160 57014434800 (i) on (i)","Patil, Vishal  Patil, V. V.   Patil, Vishal V.","7","2","Indian Institute of Technology Bombay","Mumbai","India"
"","View last title","","","",""
"","","","","","",""
"2161 22036098700 (i) on (i)","Perur, Srinath","7","3","Indian Institute of Technology, Bombay","Mumbai","India"
"","View last title","","","",""
"","","","","","",""
"2162 57192699477 (i) on (i)","Pokharia, Ravindra Singh  Pokharia, Ravindra S.   Pokharia, Ravinder S.   Pokharia, R. S.","7","3","Indian Institute of Technology Bombay","Mumbai","India"
"","View last title","","","",""
"","","","","","",""
"2163 57204052388 (i) on (i)","Polepalli, Sirilata","7","4","Indian Institute of Technology Bombay","Mumbai","India"
"","View last title","","","",""
"","","","","","",""
"2164 57205513352 (i) on (i)","Polimeru, Vijay Kumar","7","1","Indian Institute of Technology Bombay","Mumbai","India"
"","View last title","","","",""
"","","","","","",""
"2165 57219219213 (i) on (i)","Poojitha, S. N.  Poojitha, S.","7","2","Indian Institute of Technology Bombay","Mumbai","India"
"","View last title","","","",""
"","","","","","",""
"2166 7202312688 (i) on (i)","Prasad, Benimadhay M.  Prasad, B. M.   Prasad, Benimadhay","7","3","Indian Institute of Technology, Bombay","Mumbai","India"
"","View last title","","","",""
"","","","","","",""
"2167 57215002207 (i) on (i)","Prasad, Vikas S.S.S.  Prasad, V. S.S.S.   Prasad, Vikas","7","1","Indian Institute of Technology, Bombay","Mumbai","India"
"","View last title","","","",""
"","","","","","",""
"2168 57204376863 (i) on (i)","Prasannan, Charulata B.  Prasannan, Charulata","7","6","Indian Institute of Technology, Bombay","Mumbai","India"
"","View last title","","","",""
"","","","","","",""
"2169 57205505104 (i) on (i)","Prasanthan, Pooja  Prasanthan, P.","7","3","Indian Institute of Technology Bombay","Mumbai","India"
"","View last title","","","",""
"","","","","","",""
"2170 6505996475 (i) on (i)","Preeti, R.","7","4","Indian Institute of Technology, Bombay","Mumbai","India"
"","View last title","","","",""
"","","","","","",""
"2171 57201726371 (i) on (i)","Pulletikurti, Sunil","7","3","Indian Institute of Technology Bombay","Mumbai","India"
"","View last title","","","",""
"","","","","","",""
"2172 56480705500 (i) on (i)","Punjabi, Kapil","7","5","Indian Institute of Technology Bombay","Mumbai","India"
"","View last title","","","",""
"","","","","","",""
"2173 8274874700 (i) on (i)","Pushpa, Vishal  Pushpa, V.","7","5","Indian Institute of Technology, Bombay","Mumbai","India"
"","View last title","","","",""
"","","","","","",""
"2174 7007035816 (i) on (i)","Raghunathan, T. S.","7","5","Indian Institute of Technology, Bombay","Mumbai","India"
"","View last title","","","",""
"","","","","","",""
"2175 7007153991 (i) on (i)","Ram, Prakhya  Ram, P.","7","4","City University of New York","New York","United States"
"","View last title","","","",""
"","","","","","",""
"2176 57217697239 (i) on (i)","Ram Kumar, R. M.R.  Ram Kumar, R. M.","7","1","Indian Institute of Technology Bombay","Mumbai","India"
"","View last title","","","",""
"","","","","","",""
"2177 6701726572 (i) on (i)","Ramkumar, Devarapaill H.S.  Ramkumar, Devarapalli H.S.   Ramkumar, D. H.S.","7","5","Indian Institute of Technology, Bombay","Mumbai","India"
"","View last title","","","",""
"","","","","","",""
"2178 57196479635 (i) on (i)","Rana, Navdeep","7","3","Indian Institute of Technology Bombay","Mumbai","India"
"","View last title","","","",""
"","","","","","",""
"2179 55881359200 (i) on (i)","Ranjan, Priyatosh","7","7","Indian Institute of Technology, Bombay","Mumbai","India"
"","View last title","","","",""
"","","","","","",""
"2180 56180532500 (i) on (i)","Ranjan, Shashi","7","3","Indian Institute of Technology Bombay","Mumbai","India"
"","View last title","","","",""
"","","","","","",""
"2181 56497987400 (i) on (i)","Rao, A. M.","7","3","Indian Institute of Technology, Bombay","Mumbai","India"
"","View last title","","","",""
"","","","","","",""
"2182 55466202200 (i) on (i)","Rao, M. S.  Rao, M. S.S.","7","5","Indian Institute of Technology Bombay","Mumbai","India"
"","View last title","","","",""
"","","","","","",""
"2183 56919778200 (i) on (i)","Rasamsetty, Amaleswari","7","3","Indian Institute of Technology Bombay","Mumbai","India"
"","View last title","","","",""
"","","","","","",""
"2184 57217156173 (i) on (i)","Raut, Parvej  Raut, P.","7","1","Indian Institute of Technology Bombay","Mumbai","India"
"","View last title","","","",""
"","","","","","",""
"2185 7005779067 (i) on (i)","Ravichandran, Gopal  Ravichandran, G.","7","5","Indian Institute of Technology, Bombay","Mumbai","India"
"","View last title","","","",""
"","","","","","",""
"2186 55990726300 (i) on (i)","Reddy, Panyala Linga  Reddy, P. Linga   Reddy, Panyala L.","7","6","Indian Institute of Technology, Bombay","Mumbai","India"
"","View last title","","","",""
"","","","","","",""
"2187 7402439325 (i) on (i)","Roy, D. L.","7","2","Indian Institute of Technology, Bombay","Mumbai","India"
"","View last title","","","",""
"","","","","","",""
"2188 57214504509 (i) on (i)","Roy, Tanushree","7","2","Indian Institute of Technology Bombay","Mumbai","India"
"","View last title","","","",""
"","","","","","",""
"2189 57213219402 (i) on (i)","Roy Choudhury, Shouvik  Choudhury, Shouvik Roy","7","5","Indian Institute of Technology Bombay","Mumbai","India"
"","View last title","","","",""
"","","","","","",""
"2190 54795951000 (i) on (i)","Sadana, Sunny  Sadana, S.","7","3","Indian Institute of Technology Bombay","Mumbai","India"
"","View last title","","","",""
"","","","","","",""
"2191 36731539700 (i) on (i)","Saha, Amrita","7","2","Indian Institute of Technology, Bombay","Mumbai","India"
"","View last title","","","",""
"","","","","","",""
"2192 56605975500 (i) on (i)","Saha, Ujjwal K.  Saha, U. K.","7","4","Indian Institute of Technology, Bombay","Mumbai","India"
"","View last title","","","",""
"","","","","","",""
"2193 56579933300 (i) on (i)","Saini, Gajender","7","6","Indian Institute of Technology Bombay","Mumbai","India"
"","View last title","","","",""
"","","","","","",""
"2194 57188650608 (i) on (i)","Saini, Gaurav  Saini, G.","7","4","Indian Institute of Technology Bombay","Mumbai","India"
"","View last title","","","",""
"","","","","","",""
"2195 57203025520 (i) on (i)","Salkar, Akanksha","7","5","Indian Institute of Technology Bombay","Mumbai","India"
"","View last title","","","",""
"","","","","","",""
"2196 57211975295 (i) on (i)","Samanta, Biswajit  Samanta, B.","7","5","Indian Institute of Technology Bombay","Mumbai","India"
"","View last title","","","",""
"","","","","","",""
"2197 57194758111 (i) on (i)","Sankar, Hari","7","5","Indian Institute of Technology Bombay","Mumbai","India"
"","View last title","","","",""
"","","","","","",""
"2198 56355221600 (i) on (i)","Sankaranarayanan, Sandeep  Sankaranarayanan, S.","7","5","Indian Institute of Technology Bombay","Mumbai","India"
"","View last title","","","",""
"","","","","","",""
"2199 55646880300 (i) on (i)","Sapra, Mahak","7","4","Indian Institute of Technology Bombay","Mumbai","India"
"","View last title","","","",""
"","","","","","",""
"2200 55647376700 (i) on (i)","Sarkar, Indrajit","7","3","Indian Institute of Technology, Bombay","Mumbai","India"
"","View last title","","","",""
"","","","","","",""