"Result Number","Author","Documents","h-index          Author metrics Scopus is adding an array of metrics for researchers. As an initial step, the h-index has been added.  The h-graph is one way of displaying and comparing the productivity and impact of published work of scholars. It should only be used together with a mix of quantitative and qualitative metrics.  More metrics will be added in the course of the year.","Affiliation","City","Country/Territory"
"201 14621934900 (i) on (i)","Roy, Shantanu  Roy, S.","99","26","Indian Institute of Technology Delhi","New Delhi","India"
"","View last title","","","",""
"","","","","","",""
"202 35854246100 (i) on (i)","Agrawal, Monika  Agrawal, M.   Aggarwal, Monika","98","12","Indian Institute of Technology Delhi","New Delhi","India"
"","View last title","","","",""
"","","","","","",""
"203 8675855400 (i) on (i)","Ahmad, Suhail  Ahmed, S.   Ahmed, Suhail   Ahmad, S.","97","19","Indian Institute of Technology Delhi","New Delhi","India"
"","View last title","","","",""
"","","","","","",""
"204 21733787100 (i) on (i)","Ali, Wazed  Wazed Ali, S.   Ali, Syed Wazed   Ali, S. Wazed   Wazed Ali, Syed   Ali, S. W.","97","24","Indian Institute of Technology Delhi","New Delhi","India"
"","View last title","","","",""
"","","","","","",""
"205 35203020100 (i) on (i)","Arora, Chetan","97","17","Indian Institute of Technology Delhi","New Delhi","India"
"","View last title","","","",""
"","","","","","",""
"206 6602925349 (i) on (i)","Nabi, Mashuq Un  Un. Nabi, Mashuq   Nabi, M. U.   Mashuq-Un-Nabi, Mashuq un   Nabi, M.   Nabi, Mashuq   un-Nabi, Mashuq   Mashuq un Nabi, Mashuq   Un Nabi   Nabi","97","14","Indian Institute of Technology Delhi","New Delhi","India"
"","View last title","","","",""
"","","","","","",""
"207 57191294058 (i) on (i)","Dash, Sushil Kumar  Dash, Sushil K.   Dash, S. K.","96","25","Indian Institute of Technology Delhi","New Delhi","India"
"","View last title","","","",""
"","","","","","",""
"208 55496111400 (i) on (i)","Sharma, K. G.","96","18","Indian Institute of Technology Delhi","New Delhi","India"
"","View last title","","","",""
"","","","","","",""
"209 8573896200 (i) on (i)","Sharma, Shilpi  Sharma, S.","96","20","Indian Institute of Technology Delhi","New Delhi","India"
"","View last title","","","",""
"","","","","","",""
"210 7004050682 (i) on (i)","Agnihotri, O. P.A.  Agnihotri, O. P.","95","23","Indian Institute of Technology Delhi","New Delhi","India"
"","View last title","","","",""
"","","","","","",""
"211 6701679530 (i) on (i)","Bijwe, Pradeep R.  Bijwe, P. R.","95","25","Indian Institute of Technology Delhi","New Delhi","India"
"","View last title","","","",""
"","","","","","",""
"212 57214417830 (i) on (i)","Gupta, Achla K.  Gupta, A. K.   Gupta, Achla   Gupta, A.","95","33","Indian Institute of Technology Delhi","New Delhi","India"
"","View last title","","","",""
"","","","","","",""
"213 8513240600 (i) on (i)","Das, Dipayan  Dasa, Dipayan   Das, D.","94","18","Indian Institute of Technology Delhi","New Delhi","India"
"","View last title","","","",""
"","","","","","",""
"214 7004079626 (i) on (i)","Koul, Veena  Koula, Veena   Koul, V.","94","33","Indian Institute of Technology Delhi","New Delhi","India"
"","View last title","","","",""
"","","","","","",""
"215 57205977836 (i) on (i)","Jha, Narendra Kumar  Jha, Narendra K.   Jha, N. K.","93","20","Indian Institute of Technology Delhi","New Delhi","India"
"","View last title","","","",""
"","","","","","",""
"216 15056003000 (i) on (i)","Kashyap, Hemant K.  Kashyap, Hemant","93","28","Indian Institute of Technology Delhi","New Delhi","India"
"","View last title","","","",""
"","","","","","",""
"217 6603008633 (i) on (i)","Shahu, Jagdish T.  Shahu, Jagdish Telangrao   Shahu, J. T.   Shahu, J. M.   Shahu, Jagdish T.   Shahu, Jagadish T.","92","17","Indian Institute of Technology Delhi","New Delhi","India"
"","View last title","","","",""
"","","","","","",""
"218 36864631800 (i) on (i)","Haridas, V.  Haridas, V.   Haridas, Vattekat","91","23","Indian Institute of Technology Delhi","New Delhi","India"
"","View last title","","","",""
"","","","","","",""
"219 55963402300 (i) on (i)","Mausam, null  Mausam, Mausam   Mausam, M.   Mausam","91","30","Indian Institute of Technology Delhi","New Delhi","India"
"","View last title","","","",""
"","","","","","",""
"220 35838301500 (i) on (i)","Dube, Dinesh C.  Dube, D.   Dube, Dinesh   Dube, Denesh C.   Dube, D. C.","90","27","Indian Institute of Technology Delhi","New Delhi","India"
"","View last title","","","",""
"","","","","","",""
"221 35070083400 (i) on (i)","Manna, B.  Manna, B.   Manna, Bappaditya","90","9","Indian Institute of Technology Delhi","New Delhi","India"
"","View last title","","","",""
"","","","","","",""
"222 7006510512 (i) on (i)","Shahid, Mohammad Iqbal Bin  Shahid, Mohd   Shahid, Mohammad   Shahid, M.   Shahid, Md   Shahid, Mohammed","90","24","Indian Institute of Technology Delhi","New Delhi","India"
"","View last title","","","",""
"","","","","","",""
"223 6508306094 (i) on (i)","Dharmaraja, Selvamuthu  Dharmaraja, S.   Selvamuthu, Dharmaraja","89","19","Indian Institute of Technology Delhi","New Delhi","India"
"","View last title","","","",""
"","","","","","",""
"224 7003426255 (i) on (i)","Shorey, Rajeev  Rajeev, S.   Shorey, R.","89","19","Indian Institute of Technology Delhi","New Delhi","India"
"","View last title","","","",""
"","","","","","",""
"225 6507105709 (i) on (i)","Sreenadh, Konijeti  Srieenadh, Konijeti   Sreenadh, K.","89","13","Indian Institute of Technology Delhi","New Delhi","India"
"","View last title","","","",""
"","","","","","",""
"226 55478989200 (i) on (i)","Ghosh, Sourabh  Ghosh, S.","88","28","Indian Institute of Technology Delhi","New Delhi","India"
"","View last title","","","",""
"","","","","","",""
"227 35564291900 (i) on (i)","Malhotra, Lalit Kumar  Malhotra, L.   Malhotra, L. K.   Malhotra, LK K.   Malhotra, Lalit   Malhotra, Lalit K.","88","21","Indian Institute of Technology Delhi","New Delhi","India"
"","View last title","","","",""
"","","","","","",""
"228 8261623100 (i) on (i)","Rakshit, Dibakar  Rakshit, D.","88","16","The University of Queensland","Brisbane","Australia"
"","View last title","","","",""
"","","","","","",""
"229 57213924993 (i) on (i)","Sinha, Aloka  Sinha, A.","88","17","Indian Institute of Technology Delhi","New Delhi","India"
"","View last title","","","",""
"","","","","","",""
"230 55798800800 (i) on (i)","Dixit, Abhisek  Dixit, A.","87","18","Indian Institute of Technology Delhi","New Delhi","India"
"","View last title","","","",""
"","","","","","",""
"231 57206367009 (i) on (i)","Singh, Anup  Singh, A.","87","26","All India Institute of Medical Sciences, New Delhi","New Delhi","India"
"","View last title","","","",""
"","","","","","",""
"232 56262802000 (i) on (i)","Tandon, Naresh  Tandon, N.","87","25","Indian Institute of Technology Delhi","New Delhi","India"
"","View last title","","","",""
"","","","","","",""
"233 56926363200 (i) on (i)","Vijay, Virendra Kumar  Vijay, Virendra K.   Vijay, V. K.","87","30","Indian Institute of Technology Delhi","New Delhi","India"
"","View last title","","","",""
"","","","","","",""
"234 23569135500 (i) on (i)","Bhasin, Shubhendu  Bhasin, S.","86","18","Indian Institute of Technology Delhi","New Delhi","India"
"","View last title","","","",""
"","","","","","",""
"235 7101665427 (i) on (i)","Dube, Shishir K.  Dube, S. K.","86","21","Indian Institute of Technology Delhi","New Delhi","India"
"","View last title","","","",""
"","","","","","",""
"236 7401842947 (i) on (i)","Mukherjee, Ananda K.  Mukherjee, A. K.","86","13","Indian Institute of Technology Delhi","New Delhi","India"
"","View last title","","","",""
"","","","","","",""
"237 57214692248 (i) on (i)","Mukhopadhyay, Samrat  Mukhopadhyay, S.","86","18","Indian Institute of Technology Delhi","New Delhi","India"
"","View last title","","","",""
"","","","","","",""
"238 6603834140 (i) on (i)","Rengasamy, Raju Seenivasan  Rengasamy, R. S.","86","18","Indian Institute of Technology Delhi","New Delhi","India"
"","View last title","","","",""
"","","","","","",""
"239 16438083100 (i) on (i)","Tripathi, Anita K.  TRIPATHI, A. K.   Tripathi, A. K.   Tripathi, Anita   Tripathi, A.","86","15","Indian Institute of Technology Delhi","New Delhi","India"
"","View last title","","","",""
"","","","","","",""
"240 7201888744 (i) on (i)","Yadav, Surendra S.  Yadav, Surendra S.   Yadav, Surendra Singh   Yadav, S. S.","86","14","Indian Institute of Technology Delhi","New Delhi","India"
"","View last title","","","",""
"","","","","","",""
"241 55765001015 (i) on (i)","Datta, Manoj  Datta, Manoja   Datta, M.","85","14","Indian Institute of Technology Delhi","New Delhi","India"
"","View last title","","","",""
"","","","","","",""
"242 7203011086 (i) on (i)","Gomes, James  Gomes, J.","85","21","Indian Institute of Technology Delhi","New Delhi","India"
"","View last title","","","",""
"","","","","","",""
"243 7201691854 (i) on (i)","Gupta, Hari Mohan  Gupta, H. M.   Gupta, Hari M.   Gupta, Hari","85","14","Indian Institute of Technology Delhi","New Delhi","India"
"","View last title","","","",""
"","","","","","",""
"244 25824992800 (i) on (i)","Ingole, Pravin Popinand  Ingole, Pravin P.","85","20","Indian Institute of Technology Delhi","New Delhi","India"
"","View last title","","","",""
"","","","","","",""
"245 57225972605 (i) on (i)","Jain, Arvind Kumar  Jain, Arvind K.   Jain, A. K.   Jain, Arvind","85","18","Indian Institute of Technology Delhi","New Delhi","India"
"","View last title","","","",""
"","","","","","",""
"246 7005434302 (i) on (i)","Sekhon, G. S.  SEKHON, G. S.","85","18","Indian Institute of Technology Delhi","New Delhi","India"
"","View last title","","","",""
"","","","","","",""
"247 6602915232 (i) on (i)","Nema, Arvind Kumar  Nema, Arvind K.   Nema, A. K.   Nema, Arvind","84","20","Indian Institute of Technology Delhi","New Delhi","India"
"","View last title","","","",""
"","","","","","",""
"248 14523216800 (i) on (i)","Pavan Kumar, Govind V.  Kumar, G. V.Pavan   Kumar, G. V.P.   PavanKumar, G. V.   Kumar, G. V.Pawan   Kumar, Govind   Pavan Kumar, G. V.","84","21","Indian Institute of Technology Delhi","New Delhi","India"
"","View last title","","","",""
"","","","","","",""
"249 57201180740 (i) on (i)","Verma, Anil  Verma, A.","84","22","AVATT Technologies Private Limited","New Delhi","India"
"","View last title","","","",""
"","","","","","",""
"250 6701646362 (i) on (i)","Bhaskarwar, Ashok N.  Bhaskarwar, Ashok   Bhaskarwar, A. N.","83","16","Indian Institute of Technology Delhi","New Delhi","India"
"","View last title","","","",""
"","","","","","",""
"251 25122014500 (i) on (i)","Sheikh, Javed  Sheikh, Javed Nabibaksha   Sheikh, J.   Sheikha, Javed   Sheikh, Javed N.","83","17","Indian Institute of Technology Delhi","New Delhi","India"
"","View last title","","","",""
"","","","","","",""
"252 56966376600 (i) on (i)","Dhir, Sanjay","82","20","Indian Institute of Technology Delhi","New Delhi","India"
"","View last title","","","",""
"","","","","","",""
"253 47762083300 (i) on (i)","Dixit, Abhishek  DIxit, Abhishek   Dixit, A.","82","14","Indian Institute of Technology Delhi","New Delhi","India"
"","View last title","","","",""
"","","","","","",""
"254 56577265000 (i) on (i)","Shukla, Aniruddha K.  Shukla, A. K.","82","20","Indian Institute of Technology Delhi","New Delhi","India"
"","View last title","","","",""
"","","","","","",""
"255 7006428280 (i) on (i)","Bhatnagar, Mukesh Chander  Bhatnagar, Mukesh Chandra   Bhatnagar, M.   Bhatnagar, Mukesh   Bhatnagar, M. C.   Bhatnagar, Mukesh C.","81","22","Indian Institute of Technology Delhi","New Delhi","India"
"","View last title","","","",""
"","","","","","",""
"256 55451791900 (i) on (i)","Bhattacharya, Saswata  Bhattacharya, S.","81","20","Indian Institute of Technology Delhi","New Delhi","India"
"","View last title","","","",""
"","","","","","",""
"257 56527846200 (i) on (i)","Haider, M. Ali  Haider, M. ALI   Haider, Mohammad Ali   Haider, M. Ali   Haider, M. A.   Haider, Mohammad A.","81","22","Indian Institute of Technology Delhi","New Delhi","India"
"","View last title","","","",""
"","","","","","",""
"258 55619311772 (i) on (i)","Kumar, Ajit  Kumar, A.","81","15","Indian Institute of Technology Delhi","New Delhi","India"
"","View last title","","","",""
"","","","","","",""
"259 43761623400 (i) on (i)","Suri, Manan  Suri, M.","81","13","Indian Institute of Technology Delhi","New Delhi","India"
"","View last title","","","",""
"","","","","","",""
"260 25930195400 (i) on (i)","Tuli, Suneet  Tuli, Saneet   Tuli, S.","81","19","Indian Institute of Technology Delhi","New Delhi","India"
"","View last title","","","",""
"","","","","","",""
"261 14023958300 (i) on (i)","Banwet, Devinder Kumar  Banwet, Devinder K.   Banwet, D. K.","80","26","Indian Institute of Technology Delhi","New Delhi","India"
"","View last title","","","",""
"","","","","","",""
"262 7203051902 (i) on (i)","Elias, Anil Jacob  Elias, A. J.   Elias, Anil J.","80","19","Indian Institute of Technology Delhi","New Delhi","India"
"","View last title","","","",""
"","","","","","",""
"263 7102513356 (i) on (i)","Hari, Pramod Kumar  Hari, P. K.","80","14","ENSAIT Ecole Nationale Supérieure des Arts et Industries Textiles","Roubaix","France"
"","View last title","","","",""
"","","","","","",""
"264 14626168000 (i) on (i)","Komarala, Vamsi Krishna  Komarala, V. K.   Krishna, K. Vamsi   Vamsi, K. K.   Komarala, Vamsi K.   Krishna, Vamsi   Vamsi Krishna, K.","80","22","Indian Institute of Technology Delhi","New Delhi","India"
"","View last title","","","",""
"","","","","","",""
"265 7006230102 (i) on (i)","Soni, Rajeev Kant  Soni, Rajeev   Soni, Ravi Kant   Soni, Ravi K.   Soni, R.   Soni, R. K.","80","15","Indian Institute of Technology Delhi","New Delhi","India"
"","View last title","","","",""
"","","","","","",""
"266 7006153446 (i) on (i)","Dey, Chinmoy Sankar  Dey, C.   Dey, Chinmoy S.   Dey, C. S.","79","24","Indian Institute of Technology Delhi","New Delhi","India"
"","View last title","","","",""
"","","","","","",""
"267 57192236481 (i) on (i)","Krishnan, N. M.Anoop  Anoop Krishnan, N. M.   Krishnan, N. M.Anoop   Krishnan, Naduvath Mana Anoop   Krishnan, N. M.A.","79","21","Indian Institute of Technology Delhi","New Delhi","India"
"","View last title","","","",""
"","","","","","",""
"268 7402668618 (i) on (i)","Reddy, Gade Brahmaiah  Reddy, Gade B.   Reddy, G. B.","79","20","Indian Institute of Technology Delhi","New Delhi","India"
"","View last title","","","",""
"","","","","","",""
"269 7406399632 (i) on (i)","Singh, Satinder Paul  Singh, Satinder P.   Singh, S. P.","79","20","Indian Institute of Technology Delhi","New Delhi","India"
"","View last title","","","",""
"","","","","","",""
"270 57220937508 (i) on (i)","Subramanian, K. A.","79","33","Indian Institute of Technology Delhi","New Delhi","India"
"","View last title","","","",""
"","","","","","",""
"271 56879936900 (i) on (i)","Gandhi, Om Parkash  Gandhi, O. P.","78","18","Indian Institute of Technology Delhi","New Delhi","India"
"","View last title","","","",""
"","","","","","",""
"272 6602498076 (i) on (i)","Krishnaswamy, Dilip  Krishnaswamy, D.   Krishnawamy, Dilip","78","12","Indian Institute of Technology Delhi","New Delhi","India"
"","View last title","","","",""
"","","","","","",""
"273 7101835728 (i) on (i)","Mehra, Aparna  Mehra, A.","78","16","Indian Institute of Technology Delhi","New Delhi","India"
"","View last title","","","",""
"","","","","","",""
"274 8622382700 (i) on (i)","Mehra, Mani  Mehra, M.","78","15","Indian Institute of Technology Delhi","New Delhi","India"
"","View last title","","","",""
"","","","","","",""
"275 6603871849 (i) on (i)","Mukherjea, Sougata  Mukherjea, S.","78","21","Indian Institute of Technology Delhi","New Delhi","India"
"","View last title","","","",""
"","","","","","",""
"276 12763731600 (i) on (i)","Nand Gosvami, Nitya  Gosvami, N.   Gosvami, Nitya Nand   Gosvami, N. N.   Gosvami, Nitya N.   Gosvami, Nitya Nanda","78","20","Indian Institute of Technology Delhi","New Delhi","India"
"","View last title","","","",""
"","","","","","",""
"277 7102368478 (i) on (i)","Tripathi, B. B.","78","12","Indian Institute of Technology Delhi","New Delhi","India"
"","View last title","","","",""
"","","","","","",""
"278 15922083100 (i) on (i)","Das, Anandarup  Das, A.","77","15","Indian Institute of Technology Delhi","New Delhi","India"
"","View last title","","","",""
"","","","","","",""
"279 24723888300 (i) on (i)","Hariprasad, Puttaswamy  Puttaswamy, Hariprasad   Hariprasad, P.","77","19","Indian Institute of Technology Delhi","New Delhi","India"
"","View last title","","","",""
"","","","","","",""
"280 57205213243 (i) on (i)","Joshi, Deepak  Joshi, D.","77","14","All India Institute of Medical Sciences, New Delhi","New Delhi","India"
"","View last title","","","",""
"","","","","","",""
"281 24447714500 (i) on (i)","Kalyanasundaram, Dinesh  Dinesh Kalyanasundaram, Fifth E.   Kalyanasundaram, D.","77","15","Indian Institute of Technology Delhi","New Delhi","India"
"","View last title","","","",""
"","","","","","",""
"282 23566782800 (i) on (i)","Mohammed, Saif Khan  Mohammed, S. K.   Mohammed, Saif K.   Khan, Mohammed Saif   Mohammed, Saif","77","19","Indian Institute of Technology Delhi","New Delhi","India"
"","View last title","","","",""
"","","","","","",""
"283 22833788900 (i) on (i)","Bedathur, Srikanta J.  Bedathur, Srikanta","76","15","Indian Institute of Technology Delhi","New Delhi","India"
"","View last title","","","",""
"","","","","","",""
"284 57202315717 (i) on (i)","Kumar, Amit  Kumar, A.   kumar, Amit","76","18","Indian Institute of Technology Delhi","New Delhi","India"
"","View last title","","","",""
"","","","","","",""
"285 57202323653 (i) on (i)","Muduli, Pranaba Kishor  Muduli, Pranaba   Muduli, P.   Muduli, Pranaba K.   Muduli, P. K.","76","21","Indian Institute of Technology Delhi","New Delhi","India"
"","View last title","","","",""
"","","","","","",""
"286 7006489821 (i) on (i)","Mullick, Subhash C.  Mullick, S. C.","76","27","Indian Institute of Technology Delhi","New Delhi","India"
"","View last title","","","",""
"","","","","","",""
"287 7801486018 (i) on (i)","Pekarik, John J.  Pekarik, John   Pekarik, Jack J.   John, J.   Pekarik, Jack   Pekarik, J. J.   John, John Wellington   Pekarik, J.","76","18","Indian Institute of Technology Delhi","New Delhi","India"
"","View last title","","","",""
"","","","","","",""
"288 7103105001 (i) on (i)","Sen, Kushal  Sen, K.","76","18","Indian Institute of Technology Delhi","New Delhi","India"
"","View last title","","","",""
"","","","","","",""
"289 55813873200 (i) on (i)","Soni, Ravi Kant  Soni, Ravi K.   Soni, R.   Soni, R. K.","76","18","Indian Institute of Technology Delhi","New Delhi","India"
"","View last title","","","",""
"","","","","","",""
"290 55502357800 (i) on (i)","Srivastava, Rajiv K.  Srivastava, Rajiiv K.   Srivastava, Rajiv   Srivastava, Rajiv K.   Srivastava, R. K.","76","19","Indian Institute of Technology Delhi","New Delhi","India"
"","View last title","","","",""
"","","","","","",""
"291 7101822393 (i) on (i)","Ahluwalia, Jagdish C.  Ahluwalia, J. C.   AHLUWALIA, J. C.","75","28","Indian Institute of Technology Delhi","New Delhi","India"
"","View last title","","","",""
"","","","","","",""
"292 56212078200 (i) on (i)","Chatterjee, Niladri  Chatterjee, N.   Chatteerjee, Niladri","75","11","Indian Institute of Technology Delhi","New Delhi","India"
"","View last title","","","",""
"","","","","","",""
"293 6508329614 (i) on (i)","Darpe, Ashish K.  Kamalakar Darpe, Ashish   Darpe, Ashish   Darpe, A. K.","75","23","Indian Institute of Technology Delhi","New Delhi","India"
"","View last title","","","",""
"","","","","","",""
"294 12797048500 (i) on (i)","Vivekanandan, Perumal  Perumal, V.   Vivekanandan, P.   Perumal, Vivekanandan","75","26","Indian Institute of Technology Delhi","New Delhi","India"
"","View last title","","","",""
"","","","","","",""
"295 55177755300 (i) on (i)","Baheti, Vijay K.  Baheti, V.   Baheti, Vijaykumar   Baheti, Vijay   Baheti, V. K.","74","19","Indian Institute of Technology Delhi","New Delhi","India"
"","View last title","","","",""
"","","","","","",""
"296 7005987460 (i) on (i)","Chadha, Devi  Chadha, D.","74","9","Indian Institute of Technology Delhi","New Delhi","India"
"","View last title","","","",""
"","","","","","",""
"297 57203118961 (i) on (i)","Gupta, Sanjay Kumar  Gupta, Sanjay K.   Kumar Gupta, Sanjay   Gupta, S.   Gupta, S. K.","74","25","Indian Institute of Technology Delhi","New Delhi","India"
"","View last title","","","",""
"","","","","","",""
"298 34768333300 (i) on (i)","Jain, Nidhi","74","21","Indian Institute of Technology Delhi","New Delhi","India"
"","View last title","","","",""
"","","","","","",""
"299 9279646800 (i) on (i)","Wadhwa, Subhash  Wadhwa, S.","74","26","Indian Institute of Technology Delhi","New Delhi","India"
"","View last title","","","",""
"","","","","","",""
"300 7102320205 (i) on (i)","Garg, Naveen  Garg, N.   GARG, NAVEEN   Garg, Nitin","73","26","Indian Institute of Technology Delhi","New Delhi","India"
"","View last title","","","",""
"","","","","","",""
"301 36989113100 (i) on (i)","Singh, Veena  Singh, V.","73","19","Indian Institute of Technology Delhi","New Delhi","India"
"","View last title","","","",""
"","","","","","",""
"302 7005371125 (i) on (i)","Kapur, Jagat N.  Kapur, J. N.","72","10","Indian Institute of Technology Delhi","New Delhi","India"
"","View last title","","","",""
"","","","","","",""
"303 13604731300 (i) on (i)","Sengupta, Amartya  Amartya, Sengupta   Sengupta, A.","72","11","Indian Institute of Technology Delhi","New Delhi","India"
"","View last title","","","",""
"","","","","","",""
"304 6602717060 (i) on (i)","Alappat, Babu J.  J. Alappat, Babu   Alappat, Babn J.   Alappat, B. J.   Alappat, Babu","71","15","Indian Institute of Technology Delhi","New Delhi","India"
"","View last title","","","",""
"","","","","","",""
"305 56321826200 (i) on (i)","Gupta, Amit  Gupta, A.   Gua, Amit","71","19","Indian Institute of Technology Delhi","New Delhi","India"
"","View last title","","","",""
"","","","","","",""
"306 36542670100 (i) on (i)","Manna, Kaustuv  Manna, K.","71","24","Indian Institute of Technology Delhi","New Delhi","India"
"","View last title","","","",""
"","","","","","",""
"307 55568530114 (i) on (i)","Patel, Pritesh R.  Patel, Pritesh   Patel, P. R.   Patel, P.","71","12","Indian Institute of Technology Delhi","New Delhi","India"
"","View last title","","","",""
"","","","","","",""
"308 21734452900 (i) on (i)","Ahammad, Shaikh Ziauddin  Ahammad, Shaikh Z.   Shaikh, Ziauddin A.   Shaikh, Z. A.   Shaikh, Zia A.   Ahammad, Sk Z.   Ahammad, S. Z.   Shaikh, Zia Ahmad   Shaikh, Ziauddin Ahammad   Ahammad, Shaaikh Ziauddin   Ahammad, Sk Ziauddin","70","18","Indian Institute of Technology Delhi","New Delhi","India"
"","View last title","","","",""
"","","","","","",""
"309 35562797100 (i) on (i)","Banerjee, Subhashis  Banerjee, S.   Banerjee, Subhashish","70","16","Indian Institute of Technology Delhi","New Delhi","India"
"","View last title","","","",""
"","","","","","",""
"310 7102245930 (i) on (i)","Chand, Subhash  Chand, S.","69","25","Indian Institute of Technology Delhi","New Delhi","India"
"","View last title","","","",""
"","","","","","",""
"311 57201605426 (i) on (i)","Dutta Roy, Sumantra  Roy, S. Dutta   Dutta, Roy   Roy, Sumantra Dutta","69","12","Indian Institute of Technology Delhi","New Delhi","India"
"","View last title","","","",""
"","","","","","",""
"312 24398775800 (i) on (i)","Gosain, Ashvani Kumar  Gosain, Ashvani   Gosain, Ashvin   Gosain, Asvani K.   Gosain, A.   Gosain, Ashwin Kumar   Gosain, Ashvin K.   Gosain, Ashvin Kumar   Gosain, Ashvani K.   Gosain, A. K.","69","22","Indian Institute of Technology Delhi","New Delhi","India"
"","View last title","","","",""
"","","","","","",""
"313 9740609700 (i) on (i)","Jain, Sanjeev Kumar  Jain, S. K.   Jain, Sanjeev   Jain, S.   Jain, Sanjeev K.","69","24","Indian Institute of Technology Delhi","New Delhi","India"
"","View last title","","","",""
"","","","","","",""
"314 7003457142 (i) on (i)","Sabnani, Krishan K.  Sabnani, Krishnan K.   Sabnani, K. K.   Sabnani, Krishan   Sabnani, Krishnan   Sabnani, K.","69","22","Indian Institute of Technology Delhi","New Delhi","India"
"","View last title","","","",""
"","","","","","",""
"315 7006034297 (i) on (i)","Sagar, Ambuj D.  Sagar, Ambuj d.   Sagar, A. D.   Sagar, A.   Sagar, Ambuj   Sagar, Ambuj D.   D Sagar, Ambuj","69","24","Indian Institute of Technology Delhi","New Delhi","India"
"","View last title","","","",""
"","","","","","",""
"316 7005420439 (i) on (i)","Sehgal, H. K.","69","16","Indian Institute of Technology Delhi","New Delhi","India"
"","View last title","","","",""
"","","","","","",""
"317 57196718495 (i) on (i)","Singh, Neetu  SINGH, N.","69","22","Indian Institute of Technology Delhi","New Delhi","India"
"","View last title","","","",""
"","","","","","",""
"318 9533108900 (i) on (i)","Chatterjee, Shouri  Chatterjee, S.","68","13","Indian Institute of Technology Delhi","New Delhi","India"
"","View last title","","","",""
"","","","","","",""
"319 6603285121 (i) on (i)","Dastidar, Manisha Ghosh  Dastidar, M. Ghosh   Dastidar, Manisha G.      Dastidar, M. G.","68","22","Indian Institute of Technology Delhi","New Delhi","India"
"","View last title","","","",""
"","","","","","",""
"320 56555923600 (i) on (i)","Jha, Sunil  Jha, S.","68","20","Indian Institute of Technology Delhi","New Delhi","India"
"","View last title","","","",""
"","","","","","",""
"321 22962973900 (i) on (i)","Mehta, C. L.","68","22","Indian Institute of Technology Delhi","New Delhi","India"
"","View last title","","","",""
"","","","","","",""
"322 7201441724 (i) on (i)","Mishra, Amruta  Amruta, Mishra   Mishra, A.","68","20","Indian Institute of Technology Delhi","New Delhi","India"
"","View last title","","","",""
"","","","","","",""
"323 7003560288 (i) on (i)","Nakra, Bahadur Chand  Nakra, B. C.","68","19","Indian Institute of Technology Delhi","New Delhi","India"
"","View last title","","","",""
"","","","","","",""
"324 14632854300 (i) on (i)","Seth, Aaditeshwar  Aaditeshwar, Seth   Seth, A.","68","13","Indian Institute of Technology Delhi","New Delhi","India"
"","View last title","","","",""
"","","","","","",""
"325 6601997551 (i) on (i)","Upreti, Shailesh  Upreti, S.   Upreti, Sailesh","68","26","Indian Institute of Technology Delhi","New Delhi","India"
"","View last title","","","",""
"","","","","","",""
"326 14422103900 (i) on (i)","Bagchi, Amitabha  BAGCHI, AMITABHA","67","13","Indian Institute of Technology Delhi","New Delhi","India"
"","View last title","","","",""
"","","","","","",""
"327 55478980300 (i) on (i)","Ghosh, Sudarsan  Ghosh, S.","67","22","Indian Institute of Technology Delhi","New Delhi","India"
"","View last title","","","",""
"","","","","","",""
"328 7003962221 (i) on (i)","Kaushika, Narendra D.  Kaushika, N. D.","67","19","Indian Institute of Technology Delhi","New Delhi","India"
"","View last title","","","",""
"","","","","","",""
"329 6701635700 (i) on (i)","Saran, Huzur  Saran, H.   Saran, Huzu","67","18","Indian Institute of Technology Delhi","New Delhi","India"
"","View last title","","","",""
"","","","","","",""
"330 55897679400 (i) on (i)","Satya, Santosh  Satya, S.","67","26","Indian Institute of Technology Delhi","New Delhi","India"
"","View last title","","","",""
"","","","","","",""
"331 20936081000 (i) on (i)","Sinha, Ashoke Kumar  Sinha, A. K.   Sinha, Ashoke K.   Sinha, Ashoke   Sinha, Alok Kumar","67","7","Indian Institute of Technology Delhi","New Delhi","India"
"","View last title","","","",""
"","","","","","",""
"332 14027606900 (i) on (i)","Toll, Tobias  Toll, T.","67","32","Indian Institute of Technology Delhi","New Delhi","India"
"","View last title","","","",""
"","","","","","",""
"333 24777664700 (i) on (i)","Venkataraman, Vivek  Venkataraman, V.","67","19","Indian Institute of Technology Delhi","New Delhi","India"
"","View last title","","","",""
"","","","","","",""
"334 57255899600 (i) on (i)","Babu, M. K.Gajendra  Babu, M. K.G.   Babu, M. K.   Babu, Mkg","66","13","Indian Institute of Technology Delhi","New Delhi","India"
"","View last title","","","",""
"","","","","","",""
"335 7006107110 (i) on (i)","Bansal, Brijesh K.  Bansal, Brijesh K.   Bansal, B. K.","66","19","Indian Institute of Technology Delhi","New Delhi","India"
"","View last title","","","",""
"","","","","","",""
"336 7004518785 (i) on (i)","Jayaraman, Girija  Jayaraman, G.","66","22","Indian Institute of Technology Delhi","New Delhi","India"
"","View last title","","","",""
"","","","","","",""
"337 57203030085 (i) on (i)","Nagpal, Ashok Kumar  Nagpal, Ashok K.   Nagpal, A. K.","66","15","Indian Institute of Technology Delhi","New Delhi","India"
"","View last title","","","",""
"","","","","","",""
"338 7102759499 (i) on (i)","Nath, Sunil","66","21","Indian Institute of Technology Delhi","New Delhi","India"
"","View last title","","","",""
"","","","","","",""
"339 55574202847 (i) on (i)","Singh, Jaspal","66","18","Sungkyunkwan University","Seoul","South Korea"
"","View last title","","","",""
"","","","","","",""
"340 7004466595 (i) on (i)","Dhariwal, Sachin R.  Dhariwal, S. R.   Dhariwal, Sachin","65","15","Indian Institute of Technology Delhi","New Delhi","India"
"","View last title","","","",""
"","","","","","",""
"341 23469520500 (i) on (i)","Kanseri, Bhaskar  Kanseria, Bhaskar   Kanseri, B.","65","9","Indian Institute of Technology Delhi","New Delhi","India"
"","View last title","","","",""
"","","","","","",""
"342 8612037600 (i) on (i)","Sanghi, Sanjeev  Sanghi, S.","65","11","Indian Institute of Technology Delhi","New Delhi","India"
"","View last title","","","",""
"","","","","","",""
"343 57213032877 (i) on (i)","Sharma, Utkarsh  Sharma, Utkash","65","10","Indian Institute of Technology Delhi","New Delhi","India"
"","View last title","","","",""
"","","","","","",""
"344 6507254791 (i) on (i)","Buwa, Vivek V.  Buwa, V. V.   Buwa, V.   Buwa, Vivek","64","21","Indian Institute of Technology Delhi","New Delhi","India"
"","View last title","","","",""
"","","","","","",""
"345 57190170343 (i) on (i)","Jain, Pramod Kumar  Jain, P. K.   Jain, Pk   Jain, Pramod K.","64","11","Indian Institute of Technology Delhi","New Delhi","India"
"","View last title","","","",""
"","","","","","",""
"346 55792074000 (i) on (i)","Agníhotri, Aditya N.  Agnihotri, A. N.   Agnihotri, Aditya N.   Agnihotri, A.   Agníhotri, A.","63","18","École nationale supérieure d'ingénieurs de Caen","Caen","France"
"","View last title","","","",""
"","","","","","",""
"347 6602510348 (i) on (i)","Chahar, Bhagu Ram  Chahar, Bhagu R.   Chahar, Baghu R.   Chahar, B. R.","63","21","Indian Institute of Technology Delhi","New Delhi","India"
"","View last title","","","",""
"","","","","","",""
"348 7202949712 (i) on (i)","Kaushik, Saroj  Kaushik, Seroj","63","9","Indian Institute of Technology Delhi","New Delhi","India"
"","View last title","","","",""
"","","","","","",""
"349 57218843055 (i) on (i)","Kumar, Sanjay  Kumar, S.","63","12","Indian Institute of Technology Delhi","New Delhi","India"
"","View last title","","","",""
"","","","","","",""
"350 36828611800 (i) on (i)","Bahga, Supreet Singh  Bahga, Supreet S.   Singh Bahga, Supreet   Bahga, S. S.","62","15","Indian Institute of Technology Delhi","New Delhi","India"
"","View last title","","","",""
"","","","","","",""
"351 56242780800 (i) on (i)","Chakraborty, Souvik  Chakraborty, S.","62","22","Indian Institute of Technology Delhi","New Delhi","India"
"","View last title","","","",""
"","","","","","",""
"352 57220768511 (i) on (i)","Kumar, Dheeraj Bala Karuna  Kumar, Dheeraj         Kumar, D. Bala Karuna","62","20","Indian Institute of Technology Delhi","New Delhi","India"
"","View last title","","","",""
"","","","","","",""
"353 7102144669 (i) on (i)","Bhat, Bharathi  Bhat, B.","61","12","Indian Institute of Technology Delhi","New Delhi","India"
"","View last title","","","",""
"","","","","","",""
"354 35476699500 (i) on (i)","Chowdhury, Pramit Kumar  Chowdhury, Pramit K.   Chowdhury, P.   Chowdhury, Pramit   Chowdhury, P. K.","61","24","Indian Institute of Technology Delhi","New Delhi","India"
"","View last title","","","",""
"","","","","","",""
"355 23566360400 (i) on (i)","Harshan, J.  Harshan, Jagadeesh   Jagadeesh, Harshan","61","9","Indian Institute of Technology Delhi","New Delhi","India"
"","View last title","","","",""
"","","","","","",""
"356 55345789000 (i) on (i)","Singh, Pushpapraj  Singh, Pushparaj   Singh, P.","61","10","Indian Institute of Technology Delhi","New Delhi","India"
"","View last title","","","",""
"","","","","","",""
"357 7103169565 (i) on (i)","Ramesh, Namakkal G.  Ramesh, N.   Ramesh, N. G.","60","20","Indian Institute of Technology Delhi","New Delhi","India"
"","View last title","","","",""
"","","","","","",""
"358 57206257405 (i) on (i)","Sharma, Anamika K.  Sharma, A. K.   Sharma, Anamika","60","14","Indian Institute of Technology Delhi","New Delhi","India"
"","View last title","","","",""
"","","","","","",""
"359 57882238800 (i) on (i)","Singh, Anushikha","60","11","Indian Institute of Technology Delhi","New Delhi","India"
"","View last title","","","",""
"","","","","","",""
"360 10244352500 (i) on (i)","Singla, Parag  SINGLA, PARAG","60","16","Indian Institute of Technology Delhi","New Delhi","India"
"","View last title","","","",""
"","","","","","",""
"361 6603647967 (i) on (i)","Varandani, Deepak  Varandani, D.","60","17","Indian Institute of Technology Delhi","New Delhi","India"
"","View last title","","","",""
"","","","","","",""
"362 6603346607 (i) on (i)","Deep, Shashank  Deep, S.","59","17","Indian Institute of Technology Delhi","New Delhi","India"
"","View last title","","","",""
"","","","","","",""
"363 7004138025 (i) on (i)","Kaushal, Deo Raj  Kaushal, D. R.   Raj Kaushal, Deo","59","15","Indian Institute of Technology Delhi","New Delhi","India"
"","View last title","","","",""
"","","","","","",""
"364 36675336000 (i) on (i)","Maheshwari, Ramkrishan  Maheshwari, Ram Krishan","59","15","Indian Institute of Technology Delhi","New Delhi","India"
"","View last title","","","",""
"","","","","","",""
"365 7005843148 (i) on (i)","Modak, Subodh V.  Modak, S. V.","59","15","Indian Institute of Technology Delhi","New Delhi","India"
"","View last title","","","",""
"","","","","","",""
"366 7101719672 (i) on (i)","Mohan, Manju  Mohan, M.","59","23","Indian Institute of Technology Delhi","New Delhi","India"
"","View last title","","","",""
"","","","","","",""
"367 6602658837 (i) on (i)","Saroha, Anil Kumar  Saroha, A. K.   Saroha, Anil   Saroha, A.   Saroha, Anil K.","59","22","Indian Institute of Technology Delhi","New Delhi","India"
"","View last title","","","",""
"","","","","","",""
"368 35301101400 (i) on (i)","Uma, R.","59","10","Indian Institute of Technology Delhi","New Delhi","India"
"","View last title","","","",""
"","","","","","",""
"369 6701838984 (i) on (i)","Banerjee, Varsha  Banerjee, V.","58","11","Indian Institute of Technology Delhi","New Delhi","India"
"","View last title","","","",""
"","","","","","",""
"370 57203082109 (i) on (i)","Chaudhuri, Tapan Kumar  Chaudhuri, T. K.   Chaudhuri, Tapan K.","58","18","Indian Institute of Technology Delhi","New Delhi","India"
"","View last title","","","",""
"","","","","","",""
"371 6701478409 (i) on (i)","Kulshreshtha, Ritu  Kulshreshtha, R.","58","21","Indian Institute of Technology Delhi","New Delhi","India"
"","View last title","","","",""
"","","","","","",""
"372 6603950584 (i) on (i)","Kundra, T. K.  Kundra, Tk","58","16","Indian Institute of Technology Delhi","New Delhi","India"
"","View last title","","","",""
"","","","","","",""
"373 41762537000 (i) on (i)","Seema","58","5","Indian Institute of Technology Delhi","New Delhi","India"
"","View last title","","","",""
"","","","","","",""
"374 16744982500 (i) on (i)","Tripathi, Bijay Prakash  Tripathi, Bijay P.   Tripathi, B. P.","58","29","Indian Institute of Technology Delhi","New Delhi","India"
"","View last title","","","",""
"","","","","","",""
"375 57887910200 (i) on (i)","Kumar, Amit","57","16","Indian Institute of Technology Delhi","New Delhi","India"
"","View last title","","","",""
"","","","","","",""
"376 57220994523 (i) on (i)","Mishra, Saroj Kanta  Mishra, S.   Mishra, S. K.   Mishra, Shiwansha   Mishra, Saroi K.   Mishra, Saroj K.","57","18","Indian Institute of Technology Delhi","New Delhi","India"
"","View last title","","","",""
"","","","","","",""
"377 7006786244 (i) on (i)","Oberlé, Jean  Oberle, J.   Oberle, Jean   OBERLE, JEAN   Oberlé, J.","57","20","Indian Institute of Technology Delhi","New Delhi","India"
"","View last title","","","",""
"","","","","","",""
"378 55435553500 (i) on (i)","Sharma, Divakar","57","19","Indian Institute of Technology Delhi","New Delhi","India"
"","View last title","","","",""
"","","","","","",""
"379 55433589500 (i) on (i)","Gupta, Bhumesh K.  Gupta, B. K.   Gupta, Bhumesh   Gupta, B. M.","56","12","Indian Institute of Technology Delhi","New Delhi","India"
"","View last title","","","",""
"","","","","","",""
"380 55375425500 (i) on (i)","Kodamana, Hariprasad  Hariprasad, K.   Hariprasad, K. H.   Kodamana, Zheyuan Liu Hariprasad","56","13","Indian Institute of Technology Delhi","New Delhi","India"
"","View last title","","","",""
"","","","","","",""
"381 7103357368 (i) on (i)","Mittal, Atul K.  Mittal, A. K.   Mittal, Atul K.   Mittal, Atul Kumar   Mittal, A.","56","20","Indian Institute of Technology Delhi","New Delhi","India"
"","View last title","","","",""
"","","","","","",""
"382 26666149900 (i) on (i)","Ranu, Sayan","56","15","Indian Institute of Technology Delhi","New Delhi","India"
"","View last title","","","",""
"","","","","","",""
"383 56472442800 (i) on (i)","Sahu, Bibhuti Bhusan  Sahu, Bibhuti B.   Sahu, B. B.","56","19","Indian Institute of Technology Delhi","New Delhi","India"
"","View last title","","","",""
"","","","","","",""
"384 6602493905 (i) on (i)","Singha, Maloy K.  Singa, Maloy K.   Singha, M.   Singha, Maloy K.   Singha, M. K.","56","20","Indian Institute of Technology Delhi","New Delhi","India"
"","View last title","","","",""
"","","","","","",""
"385 55923984800 (i) on (i)","Tiwari, Ida  Tiwari, I.","56","20","Indian Institute of Technology Delhi","New Delhi","India"
"","View last title","","","",""
"","","","","","",""
"386 56473730700 (i) on (i)","Bhowmik, Ayan  Bhowmik, A.","55","17","Indian Institute of Technology Delhi","New Delhi","India"
"","View last title","","","",""
"","","","","","",""
"387 57827422400 (i) on (i)","Chandra, Vinod","55","7","Indian Institute of Technology Delhi","New Delhi","India"
"","View last title","","","",""
"","","","","","",""
"388 6701694750 (i) on (i)","Nagendran, Selvarajan  Nagendran, S.","55","25","Indian Institute of Technology Delhi","New Delhi","India"
"","View last title","","","",""
"","","","","","",""
"389 12545580100 (i) on (i)","Premachandran, Balachandran  Premachandran, B.","55","14","Indian Institute of Technology Delhi","New Delhi","India"
"","View last title","","","",""
"","","","","","",""
"390 6603292414 (i) on (i)","Ramanath, Maya N.Seeta  Ramanath, M. N.Seeta   Ramanath, Maya","55","14","Indian Institute of Technology Delhi","New Delhi","India"
"","View last title","","","",""
"","","","","","",""
"391 6602707795 (i) on (i)","Ravishankar, V.","55","15","Indian Institute of Technology Delhi","New Delhi","India"
"","View last title","","","",""
"","","","","","",""
"392 7403281141 (i) on (i)","Saha, Sampa","55","14","Indian Institute of Technology Delhi","New Delhi","India"
"","View last title","","","",""
"","","","","","",""
"393 56432454500 (i) on (i)","Amir, Md  Amir, M. D.   Amir, M.","54","21","Indian Institute of Technology Delhi","New Delhi","India"
"","View last title","","","",""
"","","","","","",""
"394 57209518522 (i) on (i)","Gupta, Sharad Kumar S.  Gupta, Sharad Kumar   Gupta, Sharad K.   Gupta, Shard K.   Gupta, S. K.S.   Gupta, S.   Gupta, S. K.   Gupta, Shared K.","54","19","Indian Institute of Technology Delhi","New Delhi","India"
"","View last title","","","",""
"","","","","","",""
"395 23397312500 (i) on (i)","Khan, Gufran Sayeed  Khan, G. S.   Khan, Gufran S.   Khan, Gufran","54","9","Indian Institute of Technology Delhi","New Delhi","India"
"","View last title","","","",""
"","","","","","",""
"396 7005587161 (i) on (i)","Tewari, D. P.","54","9","Indian Institute of Technology Delhi","New Delhi","India"
"","View last title","","","",""
"","","","","","",""
"397 7201743855 (i) on (i)","Banerjee, Manidipa  Banerjee, M.","53","17","Indian Institute of Technology Delhi","New Delhi","India"
"","View last title","","","",""
"","","","","","",""
"398 7201668817 (i) on (i)","Chandra, Avinash  Chandra, A.","53","14","Indian Institute of Technology Delhi","New Delhi","India"
"","View last title","","","",""
"","","","","","",""
"399 7006723986 (i) on (i)","Chatterjee, Jayanta K.  Chatterjee, J. K.   Chatteijee, J. K.","53","9","Indian Institute of Technology Delhi","New Delhi","India"
"","View last title","","","",""
"","","","","","",""
"400 55392464200 (i) on (i)","Gupta, Shalini K.  Gupta, Shalini   Gupta, S.   Gupta, S. K.","53","16","Indian Institute of Technology Delhi","New Delhi","India"
"","View last title","","","",""
"","","","","","",""