"Result Number","Author","Documents","h-index          Author metrics Scopus is adding an array of metrics for researchers. As an initial step, the h-index has been added.  The h-graph is one way of displaying and comparing the productivity and impact of published work of scholars. It should only be used together with a mix of quantitative and qualitative metrics.  More metrics will be added in the course of the year.","Affiliation","City","Country/Territory"
"1001 57863769300 (i) on (i)","Mahanta, Chandan  Mahanta, C.","8","3","Indian Institute of Technology Guwahati","Guwahati","India"
"","View last title","","","",""
"","","","","","",""
"1002 57190048962 (i) on (i)","Mahanta, Upasana","8","4","Indian Institute of Technology Guwahati","Guwahati","India"
"","View last title","","","",""
"","","","","","",""
"1003 57103385700 (i) on (i)","Maji, Kousik","8","7","Indian Institute of Technology Guwahati","Guwahati","India"
"","View last title","","","",""
"","","","","","",""
"1004 56814246000 (i) on (i)","Mandal, Suraj Kumar","8","3","Indian Institute of Technology Guwahati","Guwahati","India"
"","View last title","","","",""
"","","","","","",""
"1005 57202050027 (i) on (i)","Manna, Mihir","8","3","Indian Institute of Technology Guwahati","Guwahati","India"
"","View last title","","","",""
"","","","","","",""
"1006 57346622000 (i) on (i)","Maturi, Krishna Chaitanya","8","1","Indian Institute of Technology Guwahati","Guwahati","India"
"","View last title","","","",""
"","","","","","",""
"1007 57194004116 (i) on (i)","Mondal, Imdadul Hoque  Mondal, Imdadul H.","8","4","Indian Institute of Technology Guwahati","Guwahati","India"
"","View last title","","","",""
"","","","","","",""
"1008 57207706519 (i) on (i)","Mondal, Tanmay","8","4","Indian Institute of Technology Guwahati","Guwahati","India"
"","View last title","","","",""
"","","","","","",""
"1009 57201860383 (i) on (i)","Monika","8","6","Indian Institute of Technology Guwahati","Guwahati","India"
"","View last title","","","",""
"","","","","","",""
"1010 57205647103 (i) on (i)","Najm, Moustafa","8","3","Indian Institute of Technology Guwahati","Guwahati","India"
"","View last title","","","",""
"","","","","","",""
"1011 57200946944 (i) on (i)","Nandi, Nilanjana  Nandi, N.","8","4","Indian Institute of Technology Guwahati","Guwahati","India"
"","View last title","","","",""
"","","","","","",""
"1012 57207827161 (i) on (i)","Nath, Priyanka K.  Nath, P. K.   Nath, Priyanka","8","4","Indian Institute of Technology Guwahati","Guwahati","India"
"","View last title","","","",""
"","","","","","",""
"1013 57206481445 (i) on (i)","Neog, Arindom Bikash  Neog, Arindom B.","8","4","Indian Institute of Technology Guwahati","Guwahati","India"
"","View last title","","","",""
"","","","","","",""
"1014 57207911182 (i) on (i)","Pandey, Sandeep Kumar  Pandey, Sandeep","8","3","Indian Institute of Technology Guwahati","Guwahati","India"
"","View last title","","","",""
"","","","","","",""
"1015 57201286985 (i) on (i)","Pandit, Gopal","8","5","Indian Institute of Technology Guwahati","Guwahati","India"
"","View last title","","","",""
"","","","","","",""
"1016 57191249666 (i) on (i)","Paul, Atanu Kumar","8","6","Indian Institute of Technology Guwahati","Guwahati","India"
"","View last title","","","",""
"","","","","","",""
"1017 57212233867 (i) on (i)","Paul, Srijita","8","4","Indian Institute of Technology Guwahati","Guwahati","India"
"","View last title","","","",""
"","","","","","",""
"1018 47962516100 (i) on (i)","Prabu, Vairakannu  Prabu, V.","8","7","Indian Institute of Technology Guwahati","Guwahati","India"
"","View last title","","","",""
"","","","","","",""
"1019 57188976631 (i) on (i)","Rajender, Gone","8","8","Indian Institute of Technology Guwahati","Guwahati","India"
"","View last title","","","",""
"","","","","","",""
"1020 57205360424 (i) on (i)","Ramasamy, Surjith","8","5","Indian Institute of Technology Guwahati","Guwahati","India"
"","View last title","","","",""
"","","","","","",""
"1021 57200152862 (i) on (i)","Ramesh, K.","8","3","Indian Institute of Technology Guwahati","Guwahati","India"
"","View last title","","","",""
"","","","","","",""
"1022 57193601693 (i) on (i)","Rao, S. Jagan Mohan  Mohan Rao, S. Jagan   Rao, S. Jagan Mohan   Jagan Mohan Rao, S.","8","6","Indian Institute of Technology Guwahati","Guwahati","India"
"","View last title","","","",""
"","","","","","",""
"1023 36171198900 (i) on (i)","Ratti, Ritesh  Ratti, R.","8","5","Indian Institute of Technology Guwahati","Guwahati","India"
"","View last title","","","",""
"","","","","","",""
"1024 57193505945 (i) on (i)","Ravisankar, R.  Ravisankar, Rajamanickam   Ravisankar, R.","8","3","Indian Institute of Technology Guwahati","Guwahati","India"
"","View last title","","","",""
"","","","","","",""
"1025 57189516320 (i) on (i)","Roy, Ashalata","8","6","Indian Institute of Technology Guwahati","Guwahati","India"
"","View last title","","","",""
"","","","","","",""
"1026 57210337541 (i) on (i)","Roy, Sanjit Kumar","8","5","Indian Institute of Technology Guwahati","Guwahati","India"
"","View last title","","","",""
"","","","","","",""
"1027 56850120800 (i) on (i)","Saikia, Pahi","8","3","Indian Institute of Technology Guwahati","Guwahati","India"
"","View last title","","","",""
"","","","","","",""
"1028 56884511600 (i) on (i)","Sangam, Ramanand Sagar  Sangam, Ramanand S.","8","4","Indian Institute of Technology Guwahati","Guwahati","India"
"","View last title","","","",""
"","","","","","",""
"1029 57156190300 (i) on (i)","Sau, Prasenjit","8","8","Indian Institute of Technology Guwahati","Guwahati","India"
"","View last title","","","",""
"","","","","","",""
"1030 57072048500 (i) on (i)","Sharma, Sukanya","8","2","Indian Institute of Technology Guwahati","Guwahati","India"
"","View last title","","","",""
"","","","","","",""
"1031 15124230900 (i) on (i)","Singh, Chingakham B.  Singh, C. B.","8","7","Indian Institute of Technology Guwahati","Guwahati","India"
"","View last title","","","",""
"","","","","","",""
"1032 57214523981 (i) on (i)","Singh, Umed Pratap  Singh, Umed","8","7","Indian Institute of Technology Guwahati","Guwahati","India"
"","View last title","","","",""
"","","","","","",""
"1033 57204903584 (i) on (i)","Thakur, Siddharth","8","4","Indian Institute of Technology Guwahati","Guwahati","India"
"","View last title","","","",""
"","","","","","",""
"1034 56940823700 (i) on (i)","Udaya Kumar, Darmalingam  Kumar, D. Udaya   Udaya Kumar, D.","8","1","Indian Institute of Technology Guwahati","Guwahati","India"
"","View last title","","","",""
"","","","","","",""
"1035 57200511405 (i) on (i)","Verma, Rupesh","8","5","Indian Institute of Technology Guwahati","Guwahati","India"
"","View last title","","","",""
"","","","","","",""
"1036 57192807280 (i) on (i)","Vidyapu, Sandeep  Sandeep, Vidyapu","8","3","Indian Institute of Technology Guwahati","Guwahati","India"
"","View last title","","","",""
"","","","","","",""
"1037 57218902101 (i) on (i)","Vigneshwaran, K.  Vigneshwaran, K.","8","6","Indian Institute of Technology Guwahati","Guwahati","India"
"","View last title","","","",""
"","","","","","",""
"1038 57215024931 (i) on (i)","Yadav, Rolly  Yadav, R.","8","1","Indian Institute of Technology Guwahati","Guwahati","India"
"","View last title","","","",""
"","","","","","",""
"1039 35504007400 (i) on (i)","Yadav, Vinita","8","6","Indian Institute of Technology Guwahati","Guwahati","India"
"","View last title","","","",""
"","","","","","",""
"1040 56566056200 (i) on (i)","Agarwal, Mayank","7","7","Indian Institute of Technology Guwahati","Guwahati","India"
"","View last title","","","",""
"","","","","","",""
"1041 57094492900 (i) on (i)","Agarwal, Sumit  Agarwal, S.","7","4","Indian Institute of Technology Guwahati","Guwahati","India"
"","View last title","","","",""
"","","","","","",""
"1042 17833447600 (i) on (i)","Ahmad, Seraj  Ahmad, S.","7","7","Indian Institute of Technology Guwahati","Guwahati","India"
"","View last title","","","",""
"","","","","","",""
"1043 57362820400 (i) on (i)","Al-Ajamee, Mohammed","7","1","Indian Institute of Technology Guwahati","Guwahati","India"
"","View last title","","","",""
"","","","","","",""
"1044 57226455924 (i) on (i)","Alla, Santhosh Kumar","7","5","Indian Institute of Technology Guwahati","Guwahati","India"
"","View last title","","","",""
"","","","","","",""
"1045 57151052100 (i) on (i)","Anil Kumar, Chikkala  Anil Kumar, C.","7","4","Indian Institute of Technology Guwahati","Guwahati","India"
"","View last title","","","",""
"","","","","","",""
"1046 57191109128 (i) on (i)","Anip, Anand","7","3","Indian Institute of Technology Guwahati","Guwahati","India"
"","View last title","","","",""
"","","","","","",""
"1047 56180079300 (i) on (i)","Anoop, P.","7","1","Indian Institute of Technology Guwahati","Guwahati","India"
"","View last title","","","",""
"","","","","","",""
"1048 57189178165 (i) on (i)","Bakshi, Souvika  Bakshi, S.","7","6","Indian Institute of Technology Guwahati","Guwahati","India"
"","View last title","","","",""
"","","","","","",""
"1049 57191889416 (i) on (i)","Baranwal, Anupriya","7","7","Indian Institute of Technology Guwahati","Guwahati","India"
"","View last title","","","",""
"","","","","","",""
"1050 57204390747 (i) on (i)","Basak, Megha","7","2","Indian Institute of Technology Guwahati","Guwahati","India"
"","View last title","","","",""
"","","","","","",""
"1051 57213065493 (i) on (i)","Basak, Mitali","7","2","Indian Institute of Technology Guwahati","Guwahati","India"
"","View last title","","","",""
"","","","","","",""
"1052 57201062962 (i) on (i)","Batghare, Amit H.","7","4","Indian Institute of Technology Guwahati","Guwahati","India"
"","View last title","","","",""
"","","","","","",""
"1053 57215495614 (i) on (i)","Batra, Priyanka","7","3","Indian Institute of Technology Guwahati","Guwahati","India"
"","View last title","","","",""
"","","","","","",""
"1054 57208417778 (i) on (i)","Behera, Pratap","7","5","Indian Institute of Technology Guwahati","Guwahati","India"
"","View last title","","","",""
"","","","","","",""
"1055 57225183721 (i) on (i)","Bhardwaj, Aman","7","3","Indian Institute of Technology Guwahati","Guwahati","India"
"","View last title","","","",""
"","","","","","",""
"1056 55543934400 (i) on (i)","Bhardwaj, Ruchika","7","4","Indian Institute of Technology, Guwahati","Guwahati","India"
"","View last title","","","",""
"","","","","","",""
"1057 57204915974 (i) on (i)","Biswas, Shrutidhara","7","3","Indian Institute of Technology Guwahati","Guwahati","India"
"","View last title","","","",""
"","","","","","",""
"1058 57219312368 (i) on (i)","Borah, Bonisha","7","3","Indian Institute of Technology Guwahati","Guwahati","India"
"","View last title","","","",""
"","","","","","",""
"1059 57192705251 (i) on (i)","Borah, Gongutri","7","5","Indian Institute of Technology Guwahati","Guwahati","India"
"","View last title","","","",""
"","","","","","",""
"1060 57201315545 (i) on (i)","Borah, Smitom Swapna  Borah, Smitom","7","5","Indian Institute of Technology Guwahati","Guwahati","India"
"","View last title","","","",""
"","","","","","",""
"1061 57208273578 (i) on (i)","Borgohain, Rajashree","7","5","Indian Institute of Technology Guwahati","Guwahati","India"
"","View last title","","","",""
"","","","","","",""
"1062 57203248987 (i) on (i)","Buragohain, Madhurima","7","2","Indian Institute of Technology Guwahati","Guwahati","India"
"","View last title","","","",""
"","","","","","",""
"1063 16642280000 (i) on (i)","Buragohain, Mrinal  Buragohain, M.","7","4","Indian Institute of Technology, Guwahati","Guwahati","India"
"","View last title","","","",""
"","","","","","",""
"1064 26024996000 (i) on (i)","Chakrabarty, Kabita","7","6","Indian Institute of Technology, Guwahati","Guwahati","India"
"","View last title","","","",""
"","","","","","",""
"1065 57208865461 (i) on (i)","Chakrabarty, Ramyani","7","2","Indian Institute of Technology Guwahati","Guwahati","India"
"","View last title","","","",""
"","","","","","",""
"1066 57207011834 (i) on (i)","Chakraborty, Sushma","7","4","Indian Institute of Technology Guwahati","Guwahati","India"
"","View last title","","","",""
"","","","","","",""
"1067 57193643821 (i) on (i)","Chandrasekaran, Arunkumar","7","5","Indian Institute of Technology Guwahati","Guwahati","India"
"","View last title","","","",""
"","","","","","",""
"1068 57190935563 (i) on (i)","Chattopadhyay, Sourav","7","1","ICFAI University Tripura","Agartala","India"
"","View last title","","","",""
"","","","","","",""
"1069 57210789052 (i) on (i)","Chaudhuri, Angana","7","5","Indian Institute of Technology Guwahati","Guwahati","India"
"","View last title","","","",""
"","","","","","",""
"1070 39860893000 (i) on (i)","Chopade, Ramchandra P.","7","6","Indian Institute of Technology, Guwahati","Guwahati","India"
"","View last title","","","",""
"","","","","","",""
"1071 57216733973 (i) on (i)","Choudhury, Bhaskar J.","7","4","Indian Institute of Technology Guwahati","Guwahati","India"
"","View last title","","","",""
"","","","","","",""
"1072 57194032715 (i) on (i)","Chouhan, Avinash","7","3","Indian Institute of Technology Guwahati","Guwahati","India"
"","View last title","","","",""
"","","","","","",""
"1073 57204031931 (i) on (i)","Das, Asesh","7","3","Indian Institute of Technology Guwahati","Guwahati","India"
"","View last title","","","",""
"","","","","","",""
"1074 57225780372 (i) on (i)","Das, Basab Kanti  Das, Basab K.","7","5","Indian Institute of Technology Guwahati","Guwahati","India"
"","View last title","","","",""
"","","","","","",""
"1075 57190024753 (i) on (i)","Das, Bhaskar Pratim","7","4","Indian Institute of Technology Guwahati","Guwahati","India"
"","View last title","","","",""
"","","","","","",""
"1076 57205391626 (i) on (i)","Das, Bikashbindu  Das, B.","7","5","Indian Institute of Technology Guwahati","Guwahati","India"
"","View last title","","","",""
"","","","","","",""
"1077 57212306069 (i) on (i)","Das, Dibyajyoti  Das, Dibyaiyoti","7","4","Indian Institute of Technology Guwahati","Guwahati","India"
"","View last title","","","",""
"","","","","","",""
"1078 57202300472 (i) on (i)","Das, Jayashree  Das, J.","7","3","Indian Institute of Technology Guwahati","Guwahati","India"
"","View last title","","","",""
"","","","","","",""
"1079 57213537813 (i) on (i)","Das, Mousumi","7","1","Indian Institute of Technology Guwahati","Guwahati","India"
"","View last title","","","",""
"","","","","","",""
"1080 57210507507 (i) on (i)","Das, Palash","7","1","Indian Institute of Technology Guwahati","Guwahati","India"
"","View last title","","","",""
"","","","","","",""
"1081 57213459755 (i) on (i)","Das, Surajit","7","2","Indian Institute of Technology Guwahati","Guwahati","India"
"","View last title","","","",""
"","","","","","",""
"1082 56196044700 (i) on (i)","Dasari, Swaroopa Rani","7","6","Indian Institute of Technology, Guwahati","Guwahati","India"
"","View last title","","","",""
"","","","","","",""
"1083 57221382605 (i) on (i)","Deb, Sujit Kumar  Deb, Sujit","7","3","Indian Institute of Technology Guwahati","Guwahati","India"
"","View last title","","","",""
"","","","","","",""
"1084 57189044884 (i) on (i)","Dehury, Pyarimohan","7","6","Indian Institute of Technology Guwahati","Guwahati","India"
"","View last title","","","",""
"","","","","","",""
"1085 56830250200 (i) on (i)","Devi, Ngangbam Renubala","7","4","Indian Institute of Technology Guwahati","Guwahati","India"
"","View last title","","","",""
"","","","","","",""
"1086 57221164945 (i) on (i)","Dhar, Manideepa","7","3","Indian Institute of Technology Guwahati","Guwahati","India"
"","View last title","","","",""
"","","","","","",""
"1087 57196319045 (i) on (i)","Dolai, Gobinda","7","3","Indian Institute of Technology Guwahati","Guwahati","India"
"","View last title","","","",""
"","","","","","",""
"1088 57215695106 (i) on (i)","Duarah, Prangan","7","4","Indian Institute of Technology Guwahati","Guwahati","India"
"","View last title","","","",""
"","","","","","",""
"1089 57197575007 (i) on (i)","Dwivedi, Krishna Mohan  Dwivedi, K. M.","7","2","Indian Institute of Technology Guwahati","Guwahati","India"
"","View last title","","","",""
"","","","","","",""
"1090 55570823200 (i) on (i)","Edubilli, Satyannarayana  Edubilli, S.","7","7","Indian Institute of Technology Guwahati","Guwahati","India"
"","View last title","","","",""
"","","","","","",""
"1091 56377701300 (i) on (i)","Gaffar, Md  Gaffar, Mohammad   Gaffar, M.","7","2","Indian Institute of Technology Guwahati","Guwahati","India"
"","View last title","","","",""
"","","","","","",""
"1092 48662154100 (i) on (i)","Ganguly, Shameek K.             Ganguly, S. K.   Ganguly, Shameek","7","3","Indian Institute of Technology Guwahati","Guwahati","India"
"","View last title","","","",""
"","","","","","",""
"1093 57201086383 (i) on (i)","Garaga, Rajyalakshmi","7","7","Indian Institute of Technology Guwahati","Guwahati","India"
"","View last title","","","",""
"","","","","","",""
"1094 57212008380 (i) on (i)","Gautam, Dinesh Kumar  Kumar, G. Dinesh","7","3","Indian Institute of Technology Guwahati","Guwahati","India"
"","View last title","","","",""
"","","","","","",""
"1095 57193161523 (i) on (i)","Gharui, Chandan","7","5","Indian Institute of Technology Guwahati","Guwahati","India"
"","View last title","","","",""
"","","","","","",""
"1096 57222486771 (i) on (i)","Ghosh, Anik","7","3","Indian Institute of Technology Guwahati","Guwahati","India"
"","View last title","","","",""
"","","","","","",""
"1097 57215185001 (i) on (i)","Ghosh, Arnab  Ghosh, A.","7","5","Indian Institute of Technology Guwahati","Guwahati","India"
"","View last title","","","",""
"","","","","","",""
"1098 57221997335 (i) on (i)","Ghosh, Sourav Kumar  Ghosh, S. K.   Ghosh, Sourav   Ghosh, S.","7","4","Indian Institute of Technology Guwahati","Guwahati","India"
"","View last title","","","",""
"","","","","","",""
"1099 56382027800 (i) on (i)","Ghosh, Titli","7","5","Indian Institute of Technology Guwahati","Guwahati","India"
"","View last title","","","",""
"","","","","","",""
"1100 57205670371 (i) on (i)","Goswami, Ankit Pratim","7","2","Indian Institute of Technology Guwahati","Guwahati","India"
"","View last title","","","",""
"","","","","","",""
"1101 57208101284 (i) on (i)","Goswami, Sumit  Goswami, S.","7","2","Indian Institute of Technology Guwahati","Guwahati","India"
"","View last title","","","",""
"","","","","","",""
"1102 55209908900 (i) on (i)","Gouravaraju, Saipraneeth","7","4","Indian Institute of Technology Guwahati","Guwahati","India"
"","View last title","","","",""
"","","","","","",""
"1103 57089415800 (i) on (i)","Gupta, Ravindra Kumar","7","7","Indian Institute of Technology Guwahati","Guwahati","India"
"","View last title","","","",""
"","","","","","",""
"1104 56971224700 (i) on (i)","Hazarika, Jinti","7","3","Indian Institute of Technology Guwahati","Guwahati","India"
"","View last title","","","",""
"","","","","","",""
"1105 57219013057 (i) on (i)","Jana, Sayantan S.  Jana, Sayantan   Jana, S. S.","7","4","Indian Institute of Technology Guwahati","Guwahati","India"
"","View last title","","","",""
"","","","","","",""
"1106 57203504956 (i) on (i)","Jyotishi, Debasish","7","1","Indian Institute of Technology Guwahati","Guwahati","India"
"","View last title","","","",""
"","","","","","",""
"1107 56888541700 (i) on (i)","Kabiraj, Debajyoti","7","5","Indian Institute of Technology Guwahati","Guwahati","India"
"","View last title","","","",""
"","","","","","",""
"1108 57203226457 (i) on (i)","Kale, Rohini Chhatrapati  Kale, Rohini C.","7","3","Indian Institute of Technology Guwahati","Guwahati","India"
"","View last title","","","",""
"","","","","","",""
"1109 57192897484 (i) on (i)","Kalita, Sujan","7","4","Indian Institute of Technology Guwahati","Guwahati","India"
"","View last title","","","",""
"","","","","","",""
"1110 55256249300 (i) on (i)","Khandelia, Rumi","7","7","Indian Institute of Technology Guwahati","Guwahati","India"
"","View last title","","","",""
"","","","","","",""
"1111 22034705600 (i) on (i)","Khataniar, Guruprasad  Khataniar, G.","7","3","Indian Institute of Technology Guwahati","Guwahati","India"
"","View last title","","","",""
"","","","","","",""
"1112 57190688030 (i) on (i)","Konwar, Santanu","7","3","Indian Institute of Technology Guwahati","Guwahati","India"
"","View last title","","","",""
"","","","","","",""
"1113 57194599904 (i) on (i)","Kotoky, Subrat","7","5","Indian Institute of Technology Guwahati","Guwahati","India"
"","View last title","","","",""
"","","","","","",""
"1114 56531721800 (i) on (i)","Koul, Monika","7","5","Indian Institute of Technology Guwahati","Guwahati","India"
"","View last title","","","",""
"","","","","","",""
"1115 57203133184 (i) on (i)","Kulkarni, Divya D.  Kulkarni, Divya   Kulkarni, DIvya D.","7","2","Indian Institute of Technology Guwahati","Guwahati","India"
"","View last title","","","",""
"","","","","","",""
"1116 57210246563 (i) on (i)","Kumar, Gaurav Dinesh  Kumar, G. Dinesh   Kumar, Gaurav","7","3","Indian Institute of Technology Guwahati","Guwahati","India"
"","View last title","","","",""
"","","","","","",""
"1117 57210389689 (i) on (i)","Lade, Abhijit D.  Lade, Abhijit D.","7","3","Indian Institute of Technology Guwahati","Guwahati","India"
"","View last title","","","",""
"","","","","","",""
"1118 55853837500 (i) on (i)","Lalthlamuana, Ralte  Lalthlamuana, R.","7","3","Indian Institute of Technology Guwahati","Guwahati","India"
"","View last title","","","",""
"","","","","","",""
"1119 57140536100 (i) on (i)","Lenka, Bichitra Kumar","7","4","Indian Institute of Technology Guwahati","Guwahati","India"
"","View last title","","","",""
"","","","","","",""
"1120 56878801000 (i) on (i)","Mahanta, Amarjyoti","7","1","Indian Institute of Technology Guwahati","Guwahati","India"
"","View last title","","","",""
"","","","","","",""
"1121 57215221778 (i) on (i)","Mahanta, Devabrat","7","4","Indian Institute of Technology Guwahati","Guwahati","India"
"","View last title","","","",""
"","","","","","",""
"1122 57188656289 (i) on (i)","Mahapatra, Geetimukta","7","3","Indian Institute of Technology Guwahati","Guwahati","India"
"","View last title","","","",""
"","","","","","",""
"1123 57224859985 (i) on (i)","Maharana, Prabhat Kumar  Maharana, Prabhat K.","7","2","Indian Institute of Technology Guwahati","Guwahati","India"
"","View last title","","","",""
"","","","","","",""
"1124 57200608294 (i) on (i)","Mahata, Satyajit","7","3","Indian Institute of Technology Guwahati","Guwahati","India"
"","View last title","","","",""
"","","","","","",""
"1125 55263777500 (i) on (i)","Majhi, Manoj","7","0","Indian Institute of Technology Guwahati","Guwahati","India"
"","View last title","","","",""
"","","","","","",""
"1126 57218279161 (i) on (i)","Mallampalli, Krishna Chaitanya","7","2","Indian Institute of Technology Guwahati","Guwahati","India"
"","View last title","","","",""
"","","","","","",""
"1127 57203038606 (i) on (i)","Middya, Sagnik","7","4","Indian Institute of Technology Guwahati","Guwahati","India"
"","View last title","","","",""
"","","","","","",""
"1128 56977003800 (i) on (i)","Mishra, Aakanksha K.  Mishra, Aakanksha   Mishra, A. K.","7","5","Indian Institute of Technology Guwahati","Guwahati","India"
"","View last title","","","",""
"","","","","","",""
"1129 57212458441 (i) on (i)","Mondal, Kona","7","4","Indian Institute of Technology Guwahati","Guwahati","India"
"","View last title","","","",""
"","","","","","",""
"1130 57215118477 (i) on (i)","Mondal, Supriyo Kumar  Mondal, Supriyo K.","7","4","Indian Institute of Technology Guwahati","Guwahati","India"
"","View last title","","","",""
"","","","","","",""
"1131 57199852385 (i) on (i)","Mukherjee, Aritra  Mukherjee, A.","7","3","Indian Institute of Technology Guwahati","Guwahati","India"
"","View last title","","","",""
"","","","","","",""
"1132 57188745811 (i) on (i)","Mukherjee, Mayurketan","7","5","Indian Institute of Technology Guwahati","Guwahati","India"
"","View last title","","","",""
"","","","","","",""
"1133 57195929970 (i) on (i)","Mukhopadhyay, Soumendranath","7","6","Indian Institute of Technology Guwahati","Guwahati","India"
"","View last title","","","",""
"","","","","","",""
"1134 56081208400 (i) on (i)","Nallikuzhy, Jiss J.  Nallikuzhy, Jiss J.","7","4","Indian Institute of Technology Guwahati","Guwahati","India"
"","View last title","","","",""
"","","","","","",""
"1135 57202420274 (i) on (i)","Nath, Dipjyoti","7","3","Indian Institute of Technology Guwahati","Guwahati","India"
"","View last title","","","",""
"","","","","","",""
"1136 57213191387 (i) on (i)","Natu, Gayatri","7","5","Indian Institute of Technology Guwahati","Guwahati","India"
"","View last title","","","",""
"","","","","","",""
"1137 57151149600 (i) on (i)","Nikhil, S.  Nikhil, S.   Nikhil, Suraparaju","7","4","Indian Institute of Technology Guwahati","Guwahati","India"
"","View last title","","","",""
"","","","","","",""
"1138 57204560054 (i) on (i)","Pal, Uttariya  Pal, U.","7","2","Indian Institute of Technology Guwahati","Guwahati","India"
"","View last title","","","",""
"","","","","","",""
"1139 57221389145 (i) on (i)","Pallab Jyoti Dutta, H.  Dutta, H. Pallab Jyoti","7","1","Indian Institute of Technology Guwahati","Guwahati","India"
"","View last title","","","",""
"","","","","","",""
"1140 57212743955 (i) on (i)","Panda, Biswa Ranjan","7","6","Indian Institute of Technology Guwahati","Guwahati","India"
"","View last title","","","",""
"","","","","","",""
"1141 55508874900 (i) on (i)","Panda, Chinmaya","7","3","Indian Institute of Technology Guwahati","Guwahati","India"
"","View last title","","","",""
"","","","","","",""
"1142 57194457423 (i) on (i)","Pandey, Gaurav","7","4","Indian Institute of Technology Guwahati","Guwahati","India"
"","View last title","","","",""
"","","","","","",""
"1143 57198352464 (i) on (i)","Pandey, Rajat","7","4","Indian Institute of Technology, Guwahati","Guwahati","India"
"","View last title","","","",""
"","","","","","",""
"1144 57194497571 (i) on (i)","Parui, Retwik","7","2","Indian Institute of Technology Guwahati","Guwahati","India"
"","View last title","","","",""
"","","","","","",""
"1145 57203907590 (i) on (i)","Patel, Surabhi","7","5","Indian Institute of Technology Guwahati","Guwahati","India"
"","View last title","","","",""
"","","","","","",""
"1146 57224555002 (i) on (i)","Pattanaik, A. K.","7","5","Indian Institute of Technology Guwahati","Guwahati","India"
"","View last title","","","",""
"","","","","","",""
"1147 57198823922 (i) on (i)","Paul, Saurav  Paul, S.","7","6","Indian Institute of Technology Guwahati","Guwahati","India"
"","View last title","","","",""
"","","","","","",""
"1148 56165492300 (i) on (i)","Phukon, Aparajita","7","7","Indian Institute of Technology Guwahati","Guwahati","India"
"","View last title","","","",""
"","","","","","",""
"1149 57203208706 (i) on (i)","Prasad, Srikant Rajendra  Prasad, Srikant   Prasad, S. Rajendra","7","3","Indian Institute of Technology Guwahati","Guwahati","India"
"","View last title","","","",""
"","","","","","",""
"1150 57193742059 (i) on (i)","Rajendran, Harish Kumar  Rajendran, Harishkumar","7","3","Indian Institute of Technology Guwahati","Guwahati","India"
"","View last title","","","",""
"","","","","","",""
"1151 55260056200 (i) on (i)","Ramesh, Aadi Moolam","7","7","Indian Institute of Technology Guwahati","Guwahati","India"
"","View last title","","","",""
"","","","","","",""
"1152 57226892375 (i) on (i)","Rana, Abhijeet","7","2","Indian Institute of Technology Guwahati","Guwahati","India"
"","View last title","","","",""
"","","","","","",""
"1153 57203525879 (i) on (i)","Ranjan, Gyan","7","2","Indian Institute of Technology Guwahati","Guwahati","India"
"","View last title","","","",""
"","","","","","",""
"1154 55792141500 (i) on (i)","Roy, Abhijit Sarma","7","3","Indian Institute of Technology Guwahati","Guwahati","India"
"","View last title","","","",""
"","","","","","",""
"1155 55433145800 (i) on (i)","Roy, Dipendra Kumar  Roy, Dipendra K.   Roy, D. K.","7","3","Indian Institute of Technology Guwahati","Guwahati","India"
"","View last title","","","",""
"","","","","","",""
"1156 57201295182 (i) on (i)","Roy, Karabi","7","5","Indian Institute of Technology Guwahati","Guwahati","India"
"","View last title","","","",""
"","","","","","",""
"1157 57214046973 (i) on (i)","Roy, Rituparna","7","4","Indian Institute of Technology Guwahati","Guwahati","India"
"","View last title","","","",""
"","","","","","",""
"1158 35308019800 (i) on (i)","Saha, Manirupa","7","6","Indian Institute of Technology Guwahati","Guwahati","India"
"","View last title","","","",""
"","","","","","",""
"1159 57203054462 (i) on (i)","Sahoo, Shibananda","7","4","Indian Institute of Technology Guwahati","Guwahati","India"
"","View last title","","","",""
"","","","","","",""
"1160 57219057243 (i) on (i)","Sajeer, M. Mohamed  Sajeer, M. Mohamed   Sajeer, Mohamed   Mohamed Sajeer, M.","7","4","Indian Institute of Technology Guwahati","Guwahati","India"
"","View last title","","","",""
"","","","","","",""
"1161 55173613400 (i) on (i)","Santara, Batakrushna","7","7","Indian Institute of Technology, Guwahati","Guwahati","India"
"","View last title","","","",""
"","","","","","",""
"1162 7006693523 (i) on (i)","Santra, Sitangshu Bikas  Santra, S. B.","7","3","Indian Institute of Technology, Guwahati","Guwahati","India"
"","View last title","","","",""
"","","","","","",""
"1163 57207434239 (i) on (i)","Sarkar, Agnirup","7","1","Indian Institute of Technology Guwahati","Guwahati","India"
"","View last title","","","",""
"","","","","","",""
"1164 57189707855 (i) on (i)","Sarma, Bhaskarjyoti","7","2","Indian Institute of Technology Guwahati","Guwahati","India"
"","View last title","","","",""
"","","","","","",""
"1165 56566142700 (i) on (i)","Sarma, Shyamali","7","6","Indian Institute of Technology Guwahati","Guwahati","India"
"","View last title","","","",""
"","","","","","",""
"1166 57225085147 (i) on (i)","Sarma, Upasana 				       Sarma, U.","7","3","Indian Institute of Technology Guwahati","Guwahati","India"
"","View last title","","","",""
"","","","","","",""
"1167 57210288048 (i) on (i)","Sarmah, Bikash Kumar  Sarmah, Bikash   Sarmah, Bikash K.","7","4","Indian Institute of Technology Guwahati","Guwahati","India"
"","View last title","","","",""
"","","","","","",""
"1168 57194442220 (i) on (i)","Sasidharan, Sajitha","7","4","Indian Institute of Technology Guwahati","Guwahati","India"
"","View last title","","","",""
"","","","","","",""
"1169 56522228600 (i) on (i)","Sharma, Nilay  Sharma, N.","7","4","Indian Institute of Technology Guwahati","Guwahati","India"
"","View last title","","","",""
"","","","","","",""
"1170 57201367056 (i) on (i)","Sharma, Rahul","7","4","Indian Institute of Technology Guwahati","Guwahati","India"
"","View last title","","","",""
"","","","","","",""
"1171 57221100578 (i) on (i)","Singh, Ajit","7","2","Indian Institute of Technology Guwahati","Guwahati","India"
"","View last title","","","",""
"","","","","","",""
"1172 57214875928 (i) on (i)","Singh, Ambrish","7","2","Indian Institute of Technology Guwahati","Guwahati","India"
"","View last title","","","",""
"","","","","","",""
"1173 57157817900 (i) on (i)","Singh, Anuma  Singh, A.","7","4","Indian Institute of Technology Guwahati","Guwahati","India"
"","View last title","","","",""
"","","","","","",""
"1174 57204159112 (i) on (i)","Singh, Gautam","7","3","Indian Institute of Technology Guwahati","Guwahati","India"
"","View last title","","","",""
"","","","","","",""
"1175 57216140094 (i) on (i)","Singh, Shweta","7","5","Indian Institute of Technology Guwahati","Guwahati","India"
"","View last title","","","",""
"","","","","","",""
"1176 57216140098 (i) on (i)","Singh, Shweta","7","2","Indian Institute of Technology Guwahati","Guwahati","India"
"","View last title","","","",""
"","","","","","",""
"1177 57195514467 (i) on (i)","Singh, Sohan Bir","7","4","Indian Institute of Technology Guwahati","Guwahati","India"
"","View last title","","","",""
"","","","","","",""
"1178 37102745900 (i) on (i)","Singha, Thockchom Birjit  Singha, T. B.","7","2","Indian Institute of Technology Guwahati","Guwahati","India"
"","View last title","","","",""
"","","","","","",""
"1179 57210822377 (i) on (i)","Sinha, Ankan","7","3","Indian Institute of Technology Guwahati","Guwahati","India"
"","View last title","","","",""
"","","","","","",""
"1180 57211414037 (i) on (i)","Sinha, Rupam","7","5","Indian Institute of Technology Guwahati","Guwahati","India"
"","View last title","","","",""
"","","","","","",""
"1181 57194449556 (i) on (i)","Soundararajan, Narendren","7","4","Indian Institute of Technology Guwahati","Guwahati","India"
"","View last title","","","",""
"","","","","","",""
"1182 57213054031 (i) on (i)","Srinivas, Dodda","7","2","Indian Institute of Technology Guwahati","Guwahati","India"
"","View last title","","","",""
"","","","","","",""
"1183 57197704759 (i) on (i)","Srivastava, Richa  Srivstava, Richa","7","4","Indian Institute of Technology Guwahati","Guwahati","India"
"","View last title","","","",""
"","","","","","",""
"1184 57188932288 (i) on (i)","Tiwari, Kartikeya","7","5","Indian Institute of Technology Guwahati","Guwahati","India"
"","View last title","","","",""
"","","","","","",""
"1185 57201293382 (i) on (i)","Tzudir, Moakala","7","3","Indian Institute of Technology Guwahati","Guwahati","India"
"","View last title","","","",""
"","","","","","",""
"1186 57191866235 (i) on (i)","Veldandi, Harikrishna","7","5","Indian Institute of Technology, Guwahati","Guwahati","India"
"","View last title","","","",""
"","","","","","",""
"1187 57199473489 (i) on (i)","Verma, Sushil Kumar  Verma, Sushil   Verma, Sushil K.","7","4","Indian Institute of Technology Guwahati","Guwahati","India"
"","View last title","","","",""
"","","","","","",""
"1188 57204218112 (i) on (i)","Vij, Prateek","7","4","Indian Institute of Technology Guwahati","Guwahati","India"
"","View last title","","","",""
"","","","","","",""
"1189 57224369755 (i) on (i)","Yadav, Hari Narayan Singh  Yadav, H. N.S.","7","2","Indian Institute of Technology Guwahati","Guwahati","India"
"","View last title","","","",""
"","","","","","",""
"1190 57197721972 (i) on (i)","Yanumula, Venkata Karteek  Karteek, Yanumula V.   Karteek, Yanumula Venkata","7","3","Indian Institute of Technology Guwahati","Guwahati","India"
"","View last title","","","",""
"","","","","","",""
"1191 57203211559 (i) on (i)","Zehra, Nehal","7","4","Indian Institute of Technology Guwahati","Guwahati","India"
"","View last title","","","",""
"","","","","","",""
"1192 57224813497 (i) on (i)","Abhishek, Agrawal  Agrawal, A.   Agrawal, Aryan","6","3","Indian Institute of Technology Guwahati","Guwahati","India"
"","View last title","","","",""
"","","","","","",""
"1193 57209635011 (i) on (i)","Alam, Mahboob","6","4","Indian Institute of Technology Guwahati","Guwahati","India"
"","View last title","","","",""
"","","","","","",""
"1194 57217008101 (i) on (i)","Arora, Vinay","6","3","Indian Institute of Technology Guwahati","Guwahati","India"
"","View last title","","","",""
"","","","","","",""
"1195 57223853224 (i) on (i)","Arunagirinathan, Rahul Narasimhan  Narasimhan, A. Rahul","6","4","Indian Institute of Technology Guwahati","Guwahati","India"
"","View last title","","","",""
"","","","","","",""
"1196 55532860500 (i) on (i)","Ashok Kumar, A. R.  Ashok Kumar, A. R.   Kumar, A. R.Ashok","6","3","Indian Institute of Technology Guwahati","Guwahati","India"
"","View last title","","","",""
"","","","","","",""
"1197 57217010797 (i) on (i)","Avijit, D.","6","1","Indian Institute of Technology Guwahati","Guwahati","India"
"","View last title","","","",""
"","","","","","",""
"1198 57209333320 (i) on (i)","Bagha, Umesh Kumar  Bagha, Umesh K.","6","5","Indian Institute of Technology Guwahati","Guwahati","India"
"","View last title","","","",""
"","","","","","",""
"1199 53979404000 (i) on (i)","Balaji, Chilukoti H.  Balaji, Chilukoti   Balaji, C. H.","6","3","Indian Institute of Technology, Guwahati","Guwahati","India"
"","View last title","","","",""
"","","","","","",""
"1200 57213378039 (i) on (i)","Banerjee, Kaustuv","6","5","Indian Institute of Technology Guwahati","Guwahati","India"
"","View last title","","","",""
"","","","","","",""