"Result Number","Author","Documents","h-index          Author metrics Scopus is adding an array of metrics for researchers. As an initial step, the h-index has been added.  The h-graph is one way of displaying and comparing the productivity and impact of published work of scholars. It should only be used together with a mix of quantitative and qualitative metrics.  More metrics will be added in the course of the year.","Affiliation","City","Country/Territory"
"3801 57199981908 (i) on (i)","Das, Madhumita  Das, M.","3","2","Indian Institute of Technology, Bombay","Mumbai","India"
"","View last title","","","",""
"","","","","","",""
"3802 57346771400 (i) on (i)","Das, Manajit","3","2","Indian Institute of Technology Bombay","Mumbai","India"
"","View last title","","","",""
"","","","","","",""
"3803 56180115800 (i) on (i)","Das, Manas Ranjan  Das, Manas R.","3","3","Indian Institute of Technology, Bombay","Mumbai","India"
"","View last title","","","",""
"","","","","","",""
"3804 57200909955 (i) on (i)","Das, Rahul Kumar  Das, R. K.","3","0","Indian Institute of Technology Bombay","Mumbai","India"
"","View last title","","","",""
"","","","","","",""
"3805 57219740749 (i) on (i)","Das, Rathindra Nath  Das, Rathindra N.","3","1","Indian Institute of Technology Bombay","Mumbai","India"
"","View last title","","","",""
"","","","","","",""
"3806 57365911100 (i) on (i)","Das, Rubul","3","2","Indian Institute of Technology Bombay","Mumbai","India"
"","View last title","","","",""
"","","","","","",""
"3807 56420538700 (i) on (i)","Das, Subhasis","3","2","Indian Institute of Technology, Bombay","Mumbai","India"
"","View last title","","","",""
"","","","","","",""
"3808 57192423798 (i) on (i)","Das, Tumpa Raj  Das, Tumpa","3","1","Indian Institute of Technology, Bombay","Mumbai","India"
"","View last title","","","",""
"","","","","","",""
"3809 16206610100 (i) on (i)","Dasgupta, Asmita","3","3","Indian Institute of Technology, Bombay","Mumbai","India"
"","View last title","","","",""
"","","","","","",""
"3810 57195480602 (i) on (i)","Dasgupta, Sanghita","3","2","Indian Institute of Technology Bombay","Mumbai","India"
"","View last title","","","",""
"","","","","","",""
"3811 57214418889 (i) on (i)","Datta, A.","3","2","Indian Institute of Technology, Bombay","Mumbai","India"
"","View last title","","","",""
"","","","","","",""
"3812 48661714200 (i) on (i)","Dave, Kashyap K.  Dave, Khyati K.   Dave, Kashyap","3","3","Indian Institute of Technology, Bombay","Mumbai","India"
"","View last title","","","",""
"","","","","","",""
"3813 56704634700 (i) on (i)","De, Jyotiraman","3","2","Indian Institute of Technology Bombay","Mumbai","India"
"","View last title","","","",""
"","","","","","",""
"3814 57200286724 (i) on (i)","Deekshith, K.","3","2","Indian Institute of Technology, Bombay","Mumbai","India"
"","View last title","","","",""
"","","","","","",""
"3815 57312549600 (i) on (i)","Deodhar, Bhakti","3","0","Indian Institute of Technology Bombay","Mumbai","India"
"","View last title","","","",""
"","","","","","",""
"3816 6507504201 (i) on (i)","Deokar, D. N.","3","1","Indian Institute of Technology, Bombay","Mumbai","India"
"","View last title","","","",""
"","","","","","",""
"3817 21740450200 (i) on (i)","Deshmukh, Sandeep","3","1","Indian Institute of Technology, Bombay","Mumbai","India"
"","View last title","","","",""
"","","","","","",""
"3818 57194557111 (i) on (i)","Deshmukh, Tanzil  Deshmukh, Tanzikl","3","2","Indian Institute of Technology Bombay","Mumbai","India"
"","View last title","","","",""
"","","","","","",""
"3819 57215870836 (i) on (i)","Deshpande, Harsh","3","0","Indian Institute of Technology Bombay","Mumbai","India"
"","View last title","","","",""
"","","","","","",""
"3820 57215775643 (i) on (i)","Deshpande, N. U.","3","1","Indian Institute of Technology, Bombay","Mumbai","India"
"","View last title","","","",""
"","","","","","",""
"3821 57211170119 (i) on (i)","Dev, Amal","3","1","Indian Institute of Technology, Bombay","Mumbai","India"
"","View last title","","","",""
"","","","","","",""
"3822 6506838098 (i) on (i)","Deval, S. D.","3","2","Indian Institute of Technology, Bombay","Mumbai","India"
"","View last title","","","",""
"","","","","","",""
"3823 55538468500 (i) on (i)","Devanuj","3","3","Indian Institute of Technology, Bombay","Mumbai","India"
"","View last title","","","",""
"","","","","","",""
"3824 57220598865 (i) on (i)","Dhakate, Mahesh M.  Dhakate, Mahesh M.","3","1","Indian Institute of Technology Bombay","Mumbai","India"
"","View last title","","","",""
"","","","","","",""
"3825 57830991500 (i) on (i)","Dhamale, Tushar","3","1","Indian Institute of Technology Bombay","Mumbai","India"
"","View last title","","","",""
"","","","","","",""
"3826 55616744800 (i) on (i)","Dhanapal, Sendhil Vigneshwar","3","1","Indian Institute of Technology Bombay","Mumbai","India"
"","View last title","","","",""
"","","","","","",""
"3827 57193647804 (i) on (i)","Dhanuja Lekshmi, J.","3","1","Indian Institute of Technology Bombay","Mumbai","India"
"","View last title","","","",""
"","","","","","",""
"3828 57202255213 (i) on (i)","Dhanya, T. M.","3","1","Indian Institute of Technology, Bombay","Mumbai","India"
"","View last title","","","",""
"","","","","","",""
"3829 57198132409 (i) on (i)","Dhawan, Ritu","3","3","Indian Institute of Technology, Bombay","Mumbai","India"
"","View last title","","","",""
"","","","","","",""
"3830 56110022200 (i) on (i)","Dhillon, Parveen","3","2","Indian Institute of Technology Bombay","Mumbai","India"
"","View last title","","","",""
"","","","","","",""
"3831 56040114600 (i) on (i)","Dhingra, Swinky  Dhingra, S.","3","2","Indian Institute of Technology, Bombay","Mumbai","India"
"","View last title","","","",""
"","","","","","",""
"3832 57200209547 (i) on (i)","Dhounchak, Ranbir","3","2","Indian Institute of Technology Bombay","Mumbai","India"
"","View last title","","","",""
"","","","","","",""
"3833 57219353025 (i) on (i)","Dhua, Shyamal","3","0","Indian Institute of Technology Bombay","Mumbai","India"
"","View last title","","","",""
"","","","","","",""
"3834 55998491200 (i) on (i)","Digmurti, Madhuri G.  Digmurti, Madhuri","3","3","Indian Institute of Technology, Bombay","Mumbai","India"
"","View last title","","","",""
"","","","","","",""
"3835 57218934682 (i) on (i)","Divse, Vishwas","3","2","Indian Institute of Technology Bombay","Mumbai","India"
"","View last title","","","",""
"","","","","","",""
"3836 57191039482 (i) on (i)","Divya, P.","3","2","Indian Institute of Technology, Bombay","Mumbai","India"
"","View last title","","","",""
"","","","","","",""
"3837 57223771461 (i) on (i)","Diwan, Anuj","3","2","Indian Institute of Technology Bombay","Mumbai","India"
"","View last title","","","",""
"","","","","","",""
"3838 57219673125 (i) on (i)","Dixit, Amit","3","3","Indian Institute of Technology, Bombay","Mumbai","India"
"","View last title","","","",""
"","","","","","",""
"3839 57885616300 (i) on (i)","Dixit, Gopal","3","0","Indian Institute of Technology Bombay","Mumbai","India"
"","View last title","","","",""
"","","","","","",""
"3840 7005331603 (i) on (i)","Dixit, Rajiv R.  Dixit, R. R.","3","3","Indian Institute of Technology, Bombay","Mumbai","India"
"","View last title","","","",""
"","","","","","",""
"3841 57202046096 (i) on (i)","Doiphode, Siddhesh R.  Doiphode, Siddhesh","3","2","Indian Institute of Technology Bombay","Mumbai","India"
"","View last title","","","",""
"","","","","","",""
"3842 56186451300 (i) on (i)","Doshi, Bhavin","3","2","Indian Institute of Technology, Bombay","Mumbai","India"
"","View last title","","","",""
"","","","","","",""
"3843 57209515645 (i) on (i)","Dubey, R. K.","3","3","Indian Institute of Technology, Bombay","Mumbai","India"
"","View last title","","","",""
"","","","","","",""
"3844 55849445400 (i) on (i)","Dukale, Atul","3","0","Indian Institute of Technology, Bombay","Mumbai","India"
"","View last title","","","",""
"","","","","","",""
"3845 6505828905 (i) on (i)","Durani, Neelam","3","3","Indian Institute of Technology, Bombay","Mumbai","India"
"","View last title","","","",""
"","","","","","",""
"3846 57217958842 (i) on (i)","Dusane, Chetan R.  Dusane, C. R.   Dusane, Chetan","3","2","Indian Institute of Technology, Bombay","Mumbai","India"
"","View last title","","","",""
"","","","","","",""
"3847 57210890009 (i) on (i)","Dutta, Maitreyee","3","2","Indian Institute of Technology Bombay","Mumbai","India"
"","View last title","","","",""
"","","","","","",""
"3848 56393921500 (i) on (i)","Dwivedi, Saumya","3","3","Indian Institute of Technology, Bombay","Mumbai","India"
"","View last title","","","",""
"","","","","","",""
"3849 41261498600 (i) on (i)","Eedara, Kumara Raja","3","1","Indian Institute of Technology Bombay","Mumbai","India"
"","View last title","","","",""
"","","","","","",""
"3850 55886695300 (i) on (i)","Ekade, Pawankumar P.  Ekade, P. P.   Ekade, Pawankumar","3","2","Indian Institute of Technology, Bombay","Mumbai","India"
"","View last title","","","",""
"","","","","","",""
"3851 57195274234 (i) on (i)","Eqbal, Md Danish","3","2","Indian Institute of Technology Bombay","Mumbai","India"
"","View last title","","","",""
"","","","","","",""
"3852 57243985000 (i) on (i)","Eswaramoorthy, Lekshmi","3","1","Indian Institute of Technology Bombay","Mumbai","India"
"","View last title","","","",""
"","","","","","",""
"3853 57864708900 (i) on (i)","Faroz, Sharvil Alex  Faroz, S. A.   Faroz, Siddhartha","3","1","Indian Institute of Technology Bombay","Mumbai","India"
"","View last title","","","",""
"","","","","","",""
"3854 8380693000 (i) on (i)","Fernandas, B. G.","3","3","Indian Institute of Technology, Bombay","Mumbai","India"
"","View last title","","","",""
"","","","","","",""
"3855 57192910393 (i) on (i)","Fernandez, Beryl  Fernandez, B.","3","3","Indian Institute of Technology, Bombay","Mumbai","India"
"","View last title","","","",""
"","","","","","",""
"3856 6602643410 (i) on (i)","Gadag, S. A.  Gadag, S.A.","3","2","Indian Institute of Technology, Bombay","Mumbai","India"
"","View last title","","","",""
"","","","","","",""
"3857 56765569600 (i) on (i)","Gadgil, Shubhada","3","1","Indian Institute of Technology Bombay","Mumbai","India"
"","View last title","","","",""
"","","","","","",""
"3858 36728315200 (i) on (i)","Gai, S. L.","3","1","Indian Institute of Technology, Bombay","Mumbai","India"
"","View last title","","","",""
"","","","","","",""
"3859 57021176400 (i) on (i)","Gaikwad, Akshay V.","3","1","Indian Institute of Technology, Bombay","Mumbai","India"
"","View last title","","","",""
"","","","","","",""
"3860 57462334700 (i) on (i)","Gaikwad, Vidyasagar","3","0","Indian Institute of Technology Bombay","Mumbai","India"
"","View last title","","","",""
"","","","","","",""
"3861 57203165871 (i) on (i)","Gajjar, Kevin Kaushikbhai  Gajjar, K. K.","3","0","Indian Institute of Technology Bombay","Mumbai","India"
"","View last title","","","",""
"","","","","","",""
"3862 57189642119 (i) on (i)","Galaveen, Shivanand C.  Galaveen, Shivanand","3","2","Indian Institute of Technology, Bombay","Mumbai","India"
"","View last title","","","",""
"","","","","","",""
"3863 57220541345 (i) on (i)","Gandhi, Shreyans","3","2","Indian Institute of Technology Bombay","Mumbai","India"
"","View last title","","","",""
"","","","","","",""
"3864 57217398492 (i) on (i)","Ganesh, Lakshmi","3","2","Indian Institute of Technology, Bombay","Mumbai","India"
"","View last title","","","",""
"","","","","","",""
"3865 23970851400 (i) on (i)","Ganesh, Sista Sivaji 						    Ganesh, S. Sivaji","3","2","Indian Institute of Technology Bombay","Mumbai","India"
"","View last title","","","",""
"","","","","","",""
"3866 55401865000 (i) on (i)","Ganu, Gajanan M.  Ganu, G. M.","3","1","Indian Institute of Technology, Bombay","Mumbai","India"
"","View last title","","","",""
"","","","","","",""
"3867 6504437131 (i) on (i)","Gaokar, U. G.","3","2","Indian Institute of Technology, Bombay","Mumbai","India"
"","View last title","","","",""
"","","","","","",""
"3868 56430575800 (i) on (i)","Garg, Himanshu","3","2","Indian Institute of Technology, Bombay","Mumbai","India"
"","View last title","","","",""
"","","","","","",""
"3869 57364297300 (i) on (i)","Garg, Shagun","3","2","Indian Institute of Technology Bombay","Mumbai","India"
"","View last title","","","",""
"","","","","","",""
"3870 57213788833 (i) on (i)","Garg, Siddhant 	  Garg, S.","3","2","Indian Institute of Technology Bombay","Mumbai","India"
"","View last title","","","",""
"","","","","","",""
"3871 57819237800 (i) on (i)","Garg, Tarun  Garg, T.","3","2","Vellore Institute of Technology","Vellore","India"
"","View last title","","","",""
"","","","","","",""
"3872 57214131080 (i) on (i)","Garud, Amruta","3","0","Indian Institute of Technology Bombay","Mumbai","India"
"","View last title","","","",""
"","","","","","",""
"3873 7005231035 (i) on (i)","Gautam, S. K.","3","1","Indian Institute of Technology, Bombay","Mumbai","India"
"","View last title","","","",""
"","","","","","",""
"3874 57194174351 (i) on (i)","Gawali, Devidas","3","2","Indian Institute of Technology, Bombay","Mumbai","India"
"","View last title","","","",""
"","","","","","",""
"3875 23090762500 (i) on (i)","Gawande, Vinit N. 	  Gawande, V. N.","3","3","Indian Institute of Technology, Bombay","Mumbai","India"
"","View last title","","","",""
"","","","","","",""
"3876 57197311164 (i) on (i)","Geetha, K.","3","3","Indian Institute of Technology, Bombay","Mumbai","India"
"","View last title","","","",""
"","","","","","",""
"3877 57205266848 (i) on (i)","Gholkar, Pratik","3","3","Monash University","Melbourne","Australia"
"","View last title","","","",""
"","","","","","",""
"3878 57196076799 (i) on (i)","Ghorai, Santanu","3","2","Indian Institute of Technology Bombay","Mumbai","India"
"","View last title","","","",""
"","","","","","",""
"3879 57201461184 (i) on (i)","Ghorpade, Anujkumar","3","1","Indian Institute of Technology Bombay","Mumbai","India"
"","View last title","","","",""
"","","","","","",""
"3880 57217289129 (i) on (i)","Ghosh, A. A.","3","1","Armament Research and Development Establishment","Pune","India"
"","View last title","","","",""
"","","","","","",""
"3881 57209784800 (i) on (i)","Ghosh, Soham","3","3","Indian Institute of Technology, Bombay","Mumbai","India"
"","View last title","","","",""
"","","","","","",""
"3882 57212048553 (i) on (i)","Ghosh, Sudeshna","3","2","Indian Institute of Technology, Bombay","Mumbai","India"
"","View last title","","","",""
"","","","","","",""
"3883 57223043905 (i) on (i)","Ghosh, Suranjan","3","1","Indian Institute of Technology Bombay","Mumbai","India"
"","View last title","","","",""
"","","","","","",""
"3884 57189059494 (i) on (i)","Giri, Ravi Prakash","3","3","Indian Institute of Technology, Bombay","Mumbai","India"
"","View last title","","","",""
"","","","","","",""
"3885 6507280203 (i) on (i)","Godgul, Geeta  Godgul, G.","3","3","Indian Institute of Technology, Bombay","Mumbai","India"
"","View last title","","","",""
"","","","","","",""
"3886 57226595336 (i) on (i)","Gokhale, Alok","3","0","Indian Institute of Technology Bombay","Mumbai","India"
"","View last title","","","",""
"","","","","","",""
"3887 57204192978 (i) on (i)","Gokula, Ram P.","3","2","Indian Institute of Technology Bombay","Mumbai","India"
"","View last title","","","",""
"","","","","","",""
"3888 57204124950 (i) on (i)","Gokulraj, Sengodan  Gokulraj, S.   Sengodan, Gokulraj","3","1","Indian Institute of Technology Bombay","Mumbai","India"
"","View last title","","","",""
"","","","","","",""
"3889 7801629580 (i) on (i)","Gomathy, S.","3","2","Indian Institute of Technology, Bombay","Mumbai","India"
"","View last title","","","",""
"","","","","","",""
"3890 57192100012 (i) on (i)","Gopalakrishnan, Shoba","3","1","Indian Institute of Technology, Bombay","Mumbai","India"
"","View last title","","","",""
"","","","","","",""
"3891 57218610825 (i) on (i)","Gorve, Dnyaneshwar A.","3","2","Indian Institute of Technology Bombay","Mumbai","India"
"","View last title","","","",""
"","","","","","",""
"3892 56801552900 (i) on (i)","Goswami, Hiya","3","2","Indian Institute of Technology Bombay","Mumbai","India"
"","View last title","","","",""
"","","","","","",""
"3893 16318866100 (i) on (i)","Gujarathi, Amit V.  Gujarathi, A.   Gujarathi, Amit","3","2","Indian Institute of Technology, Bombay","Mumbai","India"
"","View last title","","","",""
"","","","","","",""
"3894 57215609444 (i) on (i)","Gulshan, Gulshan","3","2","Indian Institute of Technology Bombay","Mumbai","India"
"","View last title","","","",""
"","","","","","",""
"3895 57770895400 (i) on (i)","Gupta, Ashok K.","3","3","Indian Institute of Technology Bombay","Mumbai","India"
"","View last title","","","",""
"","","","","","",""
"3896 57192082458 (i) on (i)","Gupta, Harshad  Gupta, H.","3","2","Indian Institute of Technology, Bombay","Mumbai","India"
"","View last title","","","",""
"","","","","","",""
"3897 57209633435 (i) on (i)","Gupta, Heena","3","1","Indian Institute of Technology Bombay","Mumbai","India"
"","View last title","","","",""
"","","","","","",""
"3898 57674793200 (i) on (i)","Gupta, Manish","3","3","Indian Institute of Technology Bombay","Mumbai","India"
"","View last title","","","",""
"","","","","","",""
"3899 57209931614 (i) on (i)","Gupta, Neha","3","1","Indian Institute of Technology Bombay","Mumbai","India"
"","View last title","","","",""
"","","","","","",""
"3900 57222039131 (i) on (i)","Gupta, Nitesh","3","1","Indian Institute of Technology Bombay","Mumbai","India"
"","View last title","","","",""
"","","","","","",""
"3901 57205519081 (i) on (i)","Gupta, Pramod  Gupta, P.","3","2","Tata Iron & Steel Company Limited","Jamshedpur","India"
"","View last title","","","",""
"","","","","","",""
"3902 57271007600 (i) on (i)","Gupta, Siddharth","3","2","Indian Institute of Technology Bombay","Mumbai","India"
"","View last title","","","",""
"","","","","","",""
"3903 57213926665 (i) on (i)","Gupta, Utkarsh","3","2","Indian Institute of Technology, Bombay","Mumbai","India"
"","View last title","","","",""
"","","","","","",""
"3904 57199940601 (i) on (i)","Gupta, Vinod Kumar N.  Gupta, Vinod Kumar","3","1","Indian Institute of Technology, Bombay","Mumbai","India"
"","View last title","","","",""
"","","","","","",""
"3905 57225092264 (i) on (i)","Gupta, Yashika","3","1","Indian Institute of Technology Bombay","Mumbai","India"
"","View last title","","","",""
"","","","","","",""
"3906 57222082148 (i) on (i)","Gurjarpadhye, Chinmay","3","1","Indian Institute of Technology Bombay","Mumbai","India"
"","View last title","","","",""
"","","","","","",""
"3907 57213971338 (i) on (i)","Harapanhalli, Ravi S.","3","2","Ltd.","Mumbai","India"
"","View last title","","","",""
"","","","","","",""
"3908 57217742096 (i) on (i)","Hariharan, M. V.","3","0","Indian Institute of Technology Bombay","Mumbai","India"
"","View last title","","","",""
"","","","","","",""
"3909 57226457320 (i) on (i)","Harod, Rahul","3","1","Indian Institute of Technology Bombay","Mumbai","India"
"","View last title","","","",""
"","","","","","",""
"3910 36537119700 (i) on (i)","Hasabnis, Amit","3","3","Indian Institute of Technology, Bombay","Mumbai","India"
"","View last title","","","",""
"","","","","","",""
"3911 16230280600 (i) on (i)","Hasib, Raunaq","3","2","Indian Institute of Technology, Bombay","Mumbai","India"
"","View last title","","","",""
"","","","","","",""
"3912 57192254184 (i) on (i)","Hawal, Suyog R.  Hawal, Suyog   Hawal, S.","3","3","Indian Institute of Technology, Bombay","Mumbai","India"
"","View last title","","","",""
"","","","","","",""
"3913 57212542721 (i) on (i)","Hazra, Subhadip","3","2","Indian Institute of Technology, Bombay","Mumbai","India"
"","View last title","","","",""
"","","","","","",""
"3914 57224169631 (i) on (i)","Hegde, Ganesh","3","1","Indian Institute of Technology Bombay","Mumbai","India"
"","View last title","","","",""
"","","","","","",""
"3915 57219663651 (i) on (i)","Hegde, Lohitha R.","3","2","Indian Institute of Technology Bombay","Mumbai","India"
"","View last title","","","",""
"","","","","","",""
"3916 16494815800 (i) on (i)","Holla, D. N.","3","2","Indian Institute of Technology, Bombay","Mumbai","India"
"","View last title","","","",""
"","","","","","",""
"3917 56026431000 (i) on (i)","Honkalaskar, Vijay H.  Honkalaskar, V. H.","3","3","Indian Institute of Technology, Bombay","Mumbai","India"
"","View last title","","","",""
"","","","","","",""
"3918 57219598784 (i) on (i)","Hossain, Kashimul","3","1","Indian Institute of Technology Bombay","Mumbai","India"
"","View last title","","","",""
"","","","","","",""
"3919 35799978700 (i) on (i)","Howlader, Rana","3","3","Indian Institute of Technology, Bombay","Mumbai","India"
"","View last title","","","",""
"","","","","","",""
"3920 57208174766 (i) on (i)","Hrushikesh, H.","3","1","Indian Institute of Technology Bombay","Mumbai","India"
"","View last title","","","",""
"","","","","","",""
"3921 56732879100 (i) on (i)","Humne, Ankita","3","1","Indian Institute of Technology, Bombay","Mumbai","India"
"","View last title","","","",""
"","","","","","",""
"3922 6701600373 (i) on (i)","Inamdar, M. V.  Inamdar, M.","3","3","Indian Institute of Technology, Bombay","Mumbai","India"
"","View last title","","","",""
"","","","","","",""
"3923 36628492700 (i) on (i)","Indi, Amaey","3","1","Indian Institute of Technology, Bombay","Mumbai","India"
"","View last title","","","",""
"","","","","","",""
"3924 57194032781 (i) on (i)","Ingle, Sagar","3","1","Indian Institute of Technology Bombay","Mumbai","India"
"","View last title","","","",""
"","","","","","",""
"3925 37117099200 (i) on (i)","Iyer, Anesh S.  Iyer, A. S.","3","2","Indian Institute of Technology, Bombay","Mumbai","India"
"","View last title","","","",""
"","","","","","",""
"3926 36724097400 (i) on (i)","Iyer, Meera R.  Iyer, Meera","3","3","Indian Institute of Technology, Bombay","Mumbai","India"
"","View last title","","","",""
"","","","","","",""
"3927 57189582828 (i) on (i)","Jagadish, B.","3","1","Indian Institute of Technology, Bombay","Mumbai","India"
"","View last title","","","",""
"","","","","","",""
"3928 6506393432 (i) on (i)","Jaguste, D. N.","3","3","Indian Institute of Technology, Bombay","Mumbai","India"
"","View last title","","","",""
"","","","","","",""
"3929 35107411700 (i) on (i)","Jain, Chinmay","3","1","Indian Institute of Technology, Bombay","Mumbai","India"
"","View last title","","","",""
"","","","","","",""
"3930 57213062503 (i) on (i)","Jain, Dharmendra","3","3","Indian Institute of Technology Bombay","Mumbai","India"
"","View last title","","","",""
"","","","","","",""
"3931 7402070874 (i) on (i)","Jain, Mahavir","3","2","Indian Institute of Technology, Bombay","Mumbai","India"
"","View last title","","","",""
"","","","","","",""
"3932 57223339591 (i) on (i)","Jain, Pranjal","3","1","Indian Institute of Technology Bombay","Mumbai","India"
"","View last title","","","",""
"","","","","","",""
"3933 57209870117 (i) on (i)","Jain, Sakshi  Jain, S.","3","3","Indian Institute of Technology Bombay","Mumbai","India"
"","View last title","","","",""
"","","","","","",""
"3934 57223226402 (i) on (i)","Jaiswal, Ankesh Kumar","3","1","Indian Institute of Technology Bombay","Mumbai","India"
"","View last title","","","",""
"","","","","","",""
"3935 57197201528 (i) on (i)","Jaiswal, V. S.","3","1","Indian Institute of Technology, Bombay","Mumbai","India"
"","View last title","","","",""
"","","","","","",""
"3936 57215770385 (i) on (i)","James, Jerin Geo","3","2","Indian Institute of Technology, Bombay","Mumbai","India"
"","View last title","","","",""
"","","","","","",""
"3937 57212085758 (i) on (i)","Janghel, Diwakar","3","2","Indian Institute of Technology Bombay","Mumbai","India"
"","View last title","","","",""
"","","","","","",""
"3938 55629617200 (i) on (i)","Jayanth, Sneha","3","3","Indian Institute of Technology, Bombay","Mumbai","India"
"","View last title","","","",""
"","","","","","",""
"3939 57213670146 (i) on (i)","Jena, Sanjay K.  Jena, S. K.","3","3","Indian Institute of Technology Bombay","Mumbai","India"
"","View last title","","","",""
"","","","","","",""
"3940 57223104768 (i) on (i)","Jena, Sourav","3","0","Indian Institute of Technology Bombay","Mumbai","India"
"","View last title","","","",""
"","","","","","",""
"3941 57208652445 (i) on (i)","Jha, Amit K.","3","3","Indian Institute of Technology, Bombay","Mumbai","India"
"","View last title","","","",""
"","","","","","",""
"3942 55348272900 (i) on (i)","Jindal, Rinkel  Jindal, R.","3","2","Monash University","Melbourne","Australia"
"","View last title","","","",""
"","","","","","",""
"3943 57216784203 (i) on (i)","Jirwankar, Piyush P.  Jirwankar, Piyush","3","0","Indian Institute of Technology Bombay","Mumbai","India"
"","View last title","","","",""
"","","","","","",""
"3944 57208993084 (i) on (i)","Jose, Binoy  Jose, B.","3","3","Indian Institute of Technology, Bombay","Mumbai","India"
"","View last title","","","",""
"","","","","","",""
"3945 57203820732 (i) on (i)","Joseph, Jisha","3","2","Indian Institute of Technology, Bombay","Mumbai","India"
"","View last title","","","",""
"","","","","","",""
"3946 57197325424 (i) on (i)","Joseph, S.","3","3","Indian Institute of Technology, Bombay","Mumbai","India"
"","View last title","","","",""
"","","","","","",""
"3947 7801364158 (i) on (i)","Joseph Mathai, C.","3","3","Indian Institute of Technology, Bombay","Mumbai","India"
"","View last title","","","",""
"","","","","","",""
"3948 7101879904 (i) on (i)","Joshi, B. B.","3","1","Indian Institute of Technology, Bombay","Mumbai","India"
"","View last title","","","",""
"","","","","","",""
"3949 57196732363 (i) on (i)","Joshi, Gauri","3","2","Indian Institute of Technology, Bombay","Mumbai","India"
"","View last title","","","",""
"","","","","","",""
"3950 57216612137 (i) on (i)","Joshi, Nitish","3","2","Indian Institute of Technology Bombay","Mumbai","India"
"","View last title","","","",""
"","","","","","",""
"3951 57194039406 (i) on (i)","Joshi, Purba","3","0","Indian Institute of Technology, Bombay","Mumbai","India"
"","View last title","","","",""
"","","","","","",""
"3952 57200864584 (i) on (i)","Joshi, Rajesh","3","1","Indian Institute of Technology, Bombay","Mumbai","India"
"","View last title","","","",""
"","","","","","",""
"3953 57219310742 (i) on (i)","Joshi, Sanjog V.  Joshi, Sanjog","3","1","Indian Institute of Technology Bombay","Mumbai","India"
"","View last title","","","",""
"","","","","","",""
"3954 56986470700 (i) on (i)","Kaduskar, Shreya S.","3","1","Indian Institute of Technology, Bombay","Mumbai","India"
"","View last title","","","",""
"","","","","","",""
"3955 57215872603 (i) on (i)","Kagrecha, Anmol","3","1","Stanford University","Palo Alto","United States"
"","View last title","","","",""
"","","","","","",""
"3956 57202031372 (i) on (i)","Kaity, Bivash","3","2","Indian Institute of Technology Bombay","Mumbai","India"
"","View last title","","","",""
"","","","","","",""
"3957 16028472200 (i) on (i)","Kakaraniya, Sajan J.  Kakaraniya, Sajan","3","3","Indian Institute of Technology, Bombay","Mumbai","India"
"","View last title","","","",""
"","","","","","",""
"3958 56485773300 (i) on (i)","Kakwani, Nikita S.  Kakwani, Nikita","3","2","Indian Institute of Technology Bombay","Mumbai","India"
"","View last title","","","",""
"","","","","","",""
"3959 57216687222 (i) on (i)","Kalai, Chingka","3","1","Indian Institute of Technology Bombay","Mumbai","India"
"","View last title","","","",""
"","","","","","",""
"3960 9638079300 (i) on (i)","Kalanidhi, Palanichamy  Kalanidhi, P.","3","2","Indian Institute of Technology, Bombay","Mumbai","India"
"","View last title","","","",""
"","","","","","",""
"3961 57210764759 (i) on (i)","Kalshetti, Pratik","3","1","Indian Institute of Technology Bombay","Mumbai","India"
"","View last title","","","",""
"","","","","","",""
"3962 57197604899 (i) on (i)","Kalyanaraman, Ramakrishnan  Kalyanaraman, Ramkrishnan","3","2","Indian Institute of Technology Bombay","Mumbai","India"
"","View last title","","","",""
"","","","","","",""
"3963 57219660572 (i) on (i)","Kamal, Sumit","3","2","Indian Institute of Technology, Bombay","Mumbai","India"
"","View last title","","","",""
"","","","","","",""
"3964 23070625000 (i) on (i)","Kamat, Vinayak S.","3","2","Indian Institute of Technology, Bombay","Mumbai","India"
"","View last title","","","",""
"","","","","","",""
"3965 55263782400 (i) on (i)","Kamath, Abhishek  Kamath, A.","3","2","Indian Institute of Technology, Bombay","Mumbai","India"
"","View last title","","","",""
"","","","","","",""
"3966 57220542833 (i) on (i)","Kamath, Pritish","3","3","Indian Institute of Technology, Bombay","Mumbai","India"
"","View last title","","","",""
"","","","","","",""
"3967 7005643175 (i) on (i)","Kamath, Ramesh S.  Kamath, R. S.   Kamath, R. V.   Kamath, Ramesh","3","2","Indian Institute of Technology, Bombay","Mumbai","India"
"","View last title","","","",""
"","","","","","",""
"3968 24600173500 (i) on (i)","Kamath, V. N.","3","3","Indian Institute of Technology Bombay","Mumbai","India"
"","View last title","","","",""
"","","","","","",""
"3969 35731787100 (i) on (i)","Kamble, Samruddhi","3","3","Indian Institute of Technology Bombay","Mumbai","India"
"","View last title","","","",""
"","","","","","",""
"3970 57221817933 (i) on (i)","Kanabar, Millen","3","0","Indian Institute of Technology Bombay","Mumbai","India"
"","View last title","","","",""
"","","","","","",""
"3971 55939418300 (i) on (i)","Kanagalekar, Bhushan A.  Kanagalekar, Bhushan","3","3","Indian Institute of Technology, Bombay","Mumbai","India"
"","View last title","","","",""
"","","","","","",""
"3972 57197342212 (i) on (i)","Kannan, Kalpana","3","3","Indian Institute of Technology, Bombay","Mumbai","India"
"","View last title","","","",""
"","","","","","",""
"3973 57209049619 (i) on (i)","Kant, T.","3","2","Indian Institute of Technology, Bombay","Mumbai","India"
"","View last title","","","",""
"","","","","","",""
"3974 57214807007 (i) on (i)","Kapil, Mohnish","3","1","Indian Institute of Technology Bombay","Mumbai","India"
"","View last title","","","",""
"","","","","","",""
"3975 7102877308 (i) on (i)","Kapur, Rajnish        Kapur, R.","3","2","Indian Institute of Technology, Bombay","Mumbai","India"
"","View last title","","","",""
"","","","","","",""
"3976 57205352135 (i) on (i)","Kar, Neelakshi","3","2","Indian Institute of Technology Bombay","Mumbai","India"
"","View last title","","","",""
"","","","","","",""
"3977 57221554237 (i) on (i)","Karar, Partha","3","0","Indian Institute of Technology, Bombay","Mumbai","India"
"","View last title","","","",""
"","","","","","",""
"3978 57201366421 (i) on (i)","Karthik, J. Veejay  Karthik, J.","3","0","Indian Institute of Technology Bombay","Mumbai","India"
"","View last title","","","",""
"","","","","","",""
"3979 36604668400 (i) on (i)","Karthik, Y.  Y. K., Karthik","3","3","Indian Institute of Technology, Bombay","Mumbai","India"
"","View last title","","","",""
"","","","","","",""
"3980 57211634700 (i) on (i)","Karunanithi, Arthi","3","2","Indian Institute of Technology Bombay","Mumbai","India"
"","View last title","","","",""
"","","","","","",""
"3981 57221926483 (i) on (i)","Karve, Manjusha A.","3","3","Indian Institute of Technology, Bombay","Mumbai","India"
"","View last title","","","",""
"","","","","","",""
"3982 57188767642 (i) on (i)","Kashyap, Laxmi","3","2","Indian Institute of Technology, Bombay","Mumbai","India"
"","View last title","","","",""
"","","","","","",""
"3983 57193556052 (i) on (i)","Kataria, Tushar","3","2","Indian Institute of Technology, Bombay","Mumbai","India"
"","View last title","","","",""
"","","","","","",""
"3984 57203959153 (i) on (i)","Kaundinya, Chinmayi R.","3","2","Indian Institute of Technology, Bombay","Mumbai","India"
"","View last title","","","",""
"","","","","","",""
"3985 57218333054 (i) on (i)","Kaur, Chhaminder","3","2","Indian Institute of Technology Bombay","Mumbai","India"
"","View last title","","","",""
"","","","","","",""
"3986 57543899100 (i) on (i)","Kaur, Gurpreet","3","1","Indian Institute of Technology Bombay","Mumbai","India"
"","View last title","","","",""
"","","","","","",""
"3987 6507568438 (i) on (i)","Kavadia, K. M.","3","2","Indian Institute of Technology, Bombay","Mumbai","India"
"","View last title","","","",""
"","","","","","",""
"3988 57212858812 (i) on (i)","Kedia, Shilpi","3","1","Indian Institute of Technology, Bombay","Mumbai","India"
"","View last title","","","",""
"","","","","","",""
"3989 57208576999 (i) on (i)","Khade, Aniruddha","3","2","Indian Institute of Technology Bombay","Mumbai","India"
"","View last title","","","",""
"","","","","","",""
"3990 57221498165 (i) on (i)","Khadke, Leena","3","2","Indian Institute of Technology Bombay","Mumbai","India"
"","View last title","","","",""
"","","","","","",""
"3991 57210471057 (i) on (i)","Khaire, Manav","3","1","Indian Institute of Technology Bombay","Mumbai","India"
"","View last title","","","",""
"","","","","","",""
"3992 7101959967 (i) on (i)","Khalil, Ehab A.","3","0","Indian Institute of Technology, Bombay","Mumbai","India"
"","View last title","","","",""
"","","","","","",""
"3993 57222733630 (i) on (i)","Khan, Almouzzam  Khan, Almoazzam","3","2","Indian Institute of Technology Bombay","Mumbai","India"
"","View last title","","","",""
"","","","","","",""
"3994 56591470100 (i) on (i)","Khan, Kajal  Khan, K.","3","2","Indian Institute of Technology, Bombay","Mumbai","India"
"","View last title","","","",""
"","","","","","",""
"3995 57218078181 (i) on (i)","Khan, Tuhin","3","3","Indian Institute of Technology, Bombay","Mumbai","India"
"","View last title","","","",""
"","","","","","",""
"3996 56192711400 (i) on (i)","Khanolkar, Ratnesh U.  Khanolkar, Ratnesh","3","2","Indian Institute of Technology, Bombay","Mumbai","India"
"","View last title","","","",""
"","","","","","",""
"3997 57224312430 (i) on (i)","Khardenavis, Amaiya","3","2","Indian Institute of Technology Bombay","Mumbai","India"
"","View last title","","","",""
"","","","","","",""
"3998 24561576800 (i) on (i)","Khemchandani, Govindlal V.","3","2","Indian Institute of Technology, Bombay","Mumbai","India"
"","View last title","","","",""
"","","","","","",""
"3999 57219293111 (i) on (i)","Khemchandani, Yash","3","2","Indian Institute of Technology Bombay","Mumbai","India"
"","View last title","","","",""
"","","","","","",""
"4000 57221086720 (i) on (i)","Khurana, Hitesh","3","2","Indian Institute of Technology Bombay","Mumbai","India"
"","View last title","","","",""
"","","","","","",""