"Result Number","Author","Documents","h-index          Author metrics Scopus is adding an array of metrics for researchers. As an initial step, the h-index has been added.  The h-graph is one way of displaying and comparing the productivity and impact of published work of scholars. It should only be used together with a mix of quantitative and qualitative metrics.  More metrics will be added in the course of the year.","Affiliation","City","Country/Territory"
"1 57192936277 (i) on (i)","Garg, Amit  Garg, A.","77","24","Indian Institute of Management Ahmedabad","Ahmedabad","India"
"","View last title","","","",""
"","","","","","",""
"2 56443280300 (i) on (i)","Sinha, Ankur","68","24","Indian Institute of Management Ahmedabad","Ahmedabad","India"
"","View last title","","","",""
"","","","","","",""
"3 6507712852 (i) on (i)","D'Cruz, Premilla  D'cruz, Premilla   D’cruz, Premilla   D'Cruz, Premillla   D'Cruz, P.   D’Cruz, Premilla","67","16","Indian Institute of Management Ahmedabad","Ahmedabad","India"
"","View last title","","","",""
"","","","","","",""
"4 14034638200 (i) on (i)","Noronha, Ernesto","61","14","Indian Institute of Management Ahmedabad","Ahmedabad","India"
"","View last title","","","",""
"","","","","","",""
"5 7404586904 (i) on (i)","Roy, Subhadip","58","17","Indian Institute of Management Ahmedabad","Ahmedabad","India"
"","View last title","","","",""
"","","","","","",""
"6 6603439341 (i) on (i)","Vohra, Neharika  Vohra, Naharika","53","16","Indian Institute of Management Ahmedabad","Ahmedabad","India"
"","View last title","","","",""
"","","","","","",""
"7 26421940400 (i) on (i)","Chakrabarti, Anindya Sundar  Chakrabarti, Anindya S.   Chakrabati, Anindya S.","47","9","Indian Institute of Management Ahmedabad","Ahmedabad","India"
"","View last title","","","",""
"","","","","","",""
"8 24172583200 (i) on (i)","Panicker, Gopi Krishna  Panicker, G. K.   Panicker, Gopi   Panicker, Gopi K.   Panicker, G.","45","12","Indian Institute of Management Ahmedabad","Ahmedabad","India"
"","View last title","","","",""
"","","","","","",""
"9 55172508600 (i) on (i)","Ram Mohan, T. T.  Mohan, T. T.Ram","45","3","Indian Institute of Management Ahmedabad","Ahmedabad","India"
"","View last title","","","",""
"","","","","","",""
"10 8084060100 (i) on (i)","Laha, Arnab Kumar  Laha, Arnab K.   Laha, Arnab   Kumar Laha, Arnab","39","6","Indian Institute of Management Ahmedabad","Ahmedabad","India"
"","View last title","","","",""
"","","","","","",""
"11 7101813811 (i) on (i)","Dutta, Goutam  Dutta, G.","37","9","Indian Institute of Management Ahmedabad","Ahmedabad","India"
"","View last title","","","",""
"","","","","","",""
"12 7103385866 (i) on (i)","Kwak, Hyokjin","37","18","Indian Institute of Management Ahmedabad","Ahmedabad","India"
"","View last title","","","",""
"","","","","","",""
"13 35118720400 (i) on (i)","Dixit, Mukund R.  Dixit, Mukund   Dixit, M. R.","36","6","Indian Institute of Management Ahmedabad","Ahmedabad","India"
"","View last title","","","",""
"","","","","","",""
"14 7103197176 (i) on (i)","Gandhi, Vasant P.  Gandhi, Vasant   Gandhi, V. P.","33","9","Indian Institute of Management Ahmedabad","Ahmedabad","India"
"","View last title","","","",""
"","","","","","",""
"15 56187204300 (i) on (i)","Sahay, Arvind","33","10","Indian Institute of Management Ahmedabad","Ahmedabad","India"
"","View last title","","","",""
"","","","","","",""
"16 12778454300 (i) on (i)","Banerjee, Tathagata  Tathagata, Bandyopadhyay   Banerjee, T.   Bandyopadhyay, T.   Bandyopadhyay, Tathagata","32","9","Indian Institute of Management Ahmedabad","Ahmedabad","India"
"","View last title","","","",""
"","","","","","",""
"17 55295757400 (i) on (i)","Chindarkar, Namrata","31","10","Indian Institute of Management Ahmedabad","Ahmedabad","India"
"","View last title","","","",""
"","","","","","",""
"18 57202643381 (i) on (i)","Gupta, Vishal Kumar  Gupta, Vishal   Gupta, Vishal K.","31","12","Indian Institute of Management Ahmedabad","Ahmedabad","India"
"","View last title","","","",""
"","","","","","",""
"19 55992047100 (i) on (i)","Chandwani, Rajesh K.  Chandwani, Rajesh","29","11","Indian Institute of Management Ahmedabad","Ahmedabad","India"
"","View last title","","","",""
"","","","","","",""
"20 53986331700 (i) on (i)","Karna, Amit","29","8","Indian Institute of Management Ahmedabad","Ahmedabad","India"
"","View last title","","","",""
"","","","","","",""
"21 57193798069 (i) on (i)","Singh, Manjari  Singh, M.","28","9","Indian Institute of Management Ahmedabad","Ahmedabad","India"
"","View last title","","","",""
"","","","","","",""
"22 7006683305 (i) on (i)","Ramani, Karaikurichi V.  Ramani, Karaikurichi   Ramani, KV V.   Ramani, K. V.","27","12","Indian Institute of Management Ahmedabad","Ahmedabad","India"
"","View last title","","","",""
"","","","","","",""
"23 57203811761 (i) on (i)","Gupta, Anil K.  Gupta, A. K.   Gupta, Anil","26","9","Indian Institute of Management Ahmedabad","Ahmedabad","India"
"","View last title","","","",""
"","","","","","",""
"24 57224772271 (i) on (i)","Ravichandran, Narasimhan  Ravichandran, N.   Narasimhan, Ravichandran","26","8","Indian Institute of Management Ahmedabad","Ahmedabad","India"
"","View last title","","","",""
"","","","","","",""
"25 7102930231 (i) on (i)","Bhatnagar, Deepti","24","11","Indian Institute of Management Ahmedabad","Ahmedabad","India"
"","View last title","","","",""
"","","","","","",""
"26 55549996300 (i) on (i)","Chatterjee, Chirantan","24","7","Hoover Institution","Stanford","United States"
"","View last title","","","",""
"","","","","","",""
"27 56198734000 (i) on (i)","Shukla, Kathan Dushyant  Shukla, Kathan D.   Shukla, Kathan","24","10","Indian Institute of Management Ahmedabad","Ahmedabad","India"
"","View last title","","","",""
"","","","","","",""
"28 9736959700 (i) on (i)","Turaga, Rama Mohana Rao  Turaga, Rama Mohana   Turaga, Rama Mohana R.   Turaga, Ram Mohana","24","11","Indian Institute of Management Ahmedabad","Ahmedabad","India"
"","View last title","","","",""
"","","","","","",""
"29 6507836223 (i) on (i)","Basant, Rakesh","23","8","Indian Institute of Management Ahmedabad","Ahmedabad","India"
"","View last title","","","",""
"","","","","","",""
"30 6508050375 (i) on (i)","Chand, Vijaya Sherry  Chand, V. S.","23","6","Indian Institute of Management Ahmedabad","Ahmedabad","India"
"","View last title","","","",""
"","","","","","",""
"31 7202774489 (i) on (i)","Chandra, Pankaj  Chandra, P.","23","12","Indian Institute of Management Ahmedabad","Ahmedabad","India"
"","View last title","","","",""
"","","","","","",""
"32 36915564800 (i) on (i)","Mohapatra, Sanket  Mohapatra, S.","23","7","Indian Institute of Management Ahmedabad","Ahmedabad","India"
"","View last title","","","",""
"","","","","","",""
"33 23490410300 (i) on (i)","Setia, Pankaj  Setia, P.","23","9","Indian Institute of Management Ahmedabad","Ahmedabad","India"
"","View last title","","","",""
"","","","","","",""
"34 24450494400 (i) on (i)","Krishnamoorthy, Srikumar  Srikumar, Krishnamoorthy","22","8","Indian Institute of Management Ahmedabad","Ahmedabad","India"
"","View last title","","","",""
"","","","","","",""
"35 54893901500 (i) on (i)","Narayanaswami, Sundaravalli  Narayanaswami, S.","22","4","Indian Institute of Management Ahmedabad","Ahmedabad","India"
"","View last title","","","",""
"","","","","","",""
"36 6603893001 (i) on (i)","Pandey, I. M.  PANDEY, I. M.","22","7","Indian Institute of Management Ahmedabad","Ahmedabad","India"
"","View last title","","","",""
"","","","","","",""
"37 14063095200 (i) on (i)","Das, Abhiman  Das, A.","21","7","Indian Institute of Management Ahmedabad","Ahmedabad","India"
"","View last title","","","",""
"","","","","","",""
"38 7401906282 (i) on (i)","Ghosh, Diptesh  Ghosh, D.","21","10","Indian Institute of Management Ahmedabad","Ahmedabad","India"
"","View last title","","","",""
"","","","","","",""
"39 56496297200 (i) on (i)","Ghosh, Ranjan Kumar  Ghosh, Ranjan K.   Ghosh, Ranjan","21","9","Indian Institute of Management Ahmedabad","Ahmedabad","India"
"","View last title","","","",""
"","","","","","",""
"40 7402566281 (i) on (i)","Jacob, Joshy","21","6","Indian Institute of Management Ahmedabad","Ahmedabad","India"
"","View last title","","","",""
"","","","","","",""
"41 14049095200 (i) on (i)","Ram Mohan, M. P.  Mohan, M. P.Ram","21","4","Indian Institute of Management Ahmedabad","Ahmedabad","India"
"","View last title","","","",""
"","","","","","",""
"42 55463048300 (i) on (i)","Sharma, Vijay Paul  Sharma, V. P.   Sharma, Vijay P.","21","9","Indian Institute of Management Ahmedabad","Ahmedabad","India"
"","View last title","","","",""
"","","","","","",""
"43 6701330437 (i) on (i)","D'Souza, Errol  D'Souza, E.   D'SOUZA, ERROL  			       D’Souza, Errol   D'souza, Errol","20","3","Indian Institute of Management Ahmedabad","Ahmedabad","India"
"","View last title","","","",""
"","","","","","",""
"44 8343425300 (i) on (i)","Seshadri, D. V.R.","20","5","Indian Institute of Management Ahmedabad","Ahmedabad","India"
"","View last title","","","",""
"","","","","","",""
"45 55903337300 (i) on (i)","Varma, Jayanth Rama  Varma, Jayanth R.   Varma, J. R.   Varma, Jayanth","20","4","Indian Institute of Management Ahmedabad","Ahmedabad","India"
"","View last title","","","",""
"","","","","","",""
"46 24485500500 (i) on (i)","Jaiswal, Anand Kumar  Jaiswal, Anand K.","19","10","Indian Institute of Management Ahmedabad","Ahmedabad","India"
"","View last title","","","",""
"","","","","","",""
"47 36008969400 (i) on (i)","Rai, Rajnish Kumar  Rai, Rajnish K.   Rai, Rajnish","19","6","Indian Institute of Management Ahmedabad","Ahmedabad","India"
"","View last title","","","",""
"","","","","","",""
"48 57195103609 (i) on (i)","Borah, Sourav Bikash  Borah, Sourav B.","18","9","Indian Institute of Management Ahmedabad","Ahmedabad","India"
"","View last title","","","",""
"","","","","","",""
"49 56719068400 (i) on (i)","Chakrabarti, Sandip","18","8","Indian Institute of Management Ahmedabad","Ahmedabad","India"
"","View last title","","","",""
"","","","","","",""
"50 14832406500 (i) on (i)","Dass, Rajanish","18","5","Indian Institute of Management Ahmedabad","Ahmedabad","India"
"","View last title","","","",""
"","","","","","",""
"51 36460766700 (i) on (i)","Deodhar, Swanand J.  Deodhar, Swanand","18","3","Indian Institute of Management Ahmedabad","Ahmedabad","India"
"","View last title","","","",""
"","","","","","",""
"52 10341410200 (i) on (i)","Mehta, Shailendra Raj  Mehta, Shailendra   Mehta, Shailendra R.","18","8","Indian Institute of Management Ahmedabad","Ahmedabad","India"
"","View last title","","","",""
"","","","","","",""
"53 56207793000 (i) on (i)","Sah, Raaj K.  Sah, Raaj K.   Sah, Raaj Kumar   Sah, R. K.   Sah, Raaj","18","12","Indian Institute of Management Ahmedabad","Ahmedabad","India"
"","View last title","","","",""
"","","","","","",""
"54 36523834000 (i) on (i)","Sharma, Sunil V.  Sharma, Sunil","18","6","Indian Institute of Management Ahmedabad","Ahmedabad","India"
"","View last title","","","",""
"","","","","","",""
"55 56324046600 (i) on (i)","Tumbe, Chinmay","18","5","Indian Institute of Management Ahmedabad","Ahmedabad","India"
"","View last title","","","",""
"","","","","","",""
"56 57202439314 (i) on (i)","Vishwanathan, Saritha Sudharmma  Vishwanathan, Saritha S.   Vishwanathan, Saritha   Vishwanathan, S.","18","11","Indian Institute of Management Ahmedabad","Ahmedabad","India"
"","View last title","","","",""
"","","","","","",""
"57 56019016400 (i) on (i)","Jain, Tarun","17","6","Indian Institute of Management Ahmedabad","Ahmedabad","India"
"","View last title","","","",""
"","","","","","",""
"58 7801449913 (i) on (i)","Nagarajan, Hari K.  Nagarajan, H. K.   Nagarajan, Hari","17","7","Indian Institute of Management Ahmedabad","Ahmedabad","India"
"","View last title","","","",""
"","","","","","",""
"59 55782201000 (i) on (i)","Varkkey, Biju","17","4","Indian Institute of Management Ahmedabad","Ahmedabad","India"
"","View last title","","","",""
"","","","","","",""
"60 23666327900 (i) on (i)","Amblee, Naveen C.  Amblee, Naveen C.   Amblee, Naveen","16","8","Indian Institute of Management Ahmedabad","Ahmedabad","India"
"","View last title","","","",""
"","","","","","",""
"61 36666646500 (i) on (i)","Jayaswal, Sachin  Jayaswal, S.","16","7","Indian Institute of Management Ahmedabad","Ahmedabad","India"
"","View last title","","","",""
"","","","","","",""
"62 24167059100 (i) on (i)","Khandwalla, Pradip N.  Khandwalla, P. N.   Khandwalla, Pradip","16","9","Indian Institute of Management Ahmedabad","Ahmedabad","India"
"","View last title","","","",""
"","","","","","",""
"63 15066262900 (i) on (i)","Venkateshan, Prahalad","16","5","Indian Institute of Management Ahmedabad","Ahmedabad","India"
"","View last title","","","",""
"","","","","","",""
"64 56991444200 (i) on (i)","Banerjee, Arindam","15","6","Indian Institute of Management Ahmedabad","Ahmedabad","India"
"","View last title","","","",""
"","","","","","",""
"65 6505864824 (i) on (i)","Kandathil, George Mathew  Kandathil, George   Kandathil, George M.","15","5","Indian Institute of Management Ahmedabad","Ahmedabad","India"
"","View last title","","","",""
"","","","","","",""
"66 50861265800 (i) on (i)","Kaul, Asha","15","3","Indian Institute of Management Ahmedabad","Ahmedabad","India"
"","View last title","","","",""
"","","","","","",""
"67 6507253668 (i) on (i)","Manikutty, Sankaran  Manikutty, S.","15","5","Indian Institute of Management Ahmedabad","Ahmedabad","India"
"","View last title","","","",""
"","","","","","",""
"68 7004893265 (i) on (i)","Sarin, Ankur  Sarin, A.","15","5","Indian Institute of Management Ahmedabad","Ahmedabad","India"
"","View last title","","","",""
"","","","","","",""
"69 55776496900 (i) on (i)","Agarwalla, Sobhesh Kumar  Agarwalla, Sobhesh","14","6","Indian Institute of Management Ahmedabad","Ahmedabad","India"
"","View last title","","","",""
"","","","","","",""
"70 55429687500 (i) on (i)","Bhatnagar, Subhash C.  Bhatnagar, S. C.   Bhatnagar, Subhash","14","5","Indian Institute of Management Ahmedabad","Ahmedabad","India"
"","View last title","","","",""
"","","","","","",""
"71 24076574500 (i) on (i)","Maheshwari, Sunil Kumar  Maheshwari, Sunil","14","7","Indian Institute of Management Ahmedabad","Ahmedabad","India"
"","View last title","","","",""
"","","","","","",""
"72 35115497300 (i) on (i)","Pingali, Viswanath","14","5","Indian Institute of Management Ahmedabad","Ahmedabad","India"
"","View last title","","","",""
"","","","","","",""
"73 7401497971 (i) on (i)","Datta, Samar K.  Datta, S. K.","13","4","Indian Institute of Management Ahmedabad","Ahmedabad","India"
"","View last title","","","",""
"","","","","","",""
"74 57197843403 (i) on (i)","Sankaranarayanan, Sriram","13","3","Indian Institute of Management Ahmedabad","Ahmedabad","India"
"","View last title","","","",""
"","","","","","",""
"75 47561179200 (i) on (i)","Desai, Naman K.  Desai, Naman","12","6","Indian Institute of Management Ahmedabad","Ahmedabad","India"
"","View last title","","","",""
"","","","","","",""
"76 16026990800 (i) on (i)","Jain, Rekha S.  Jain, Rekha   Jain, R. S.","12","7","Indian Institute of Management Ahmedabad","Ahmedabad","India"
"","View last title","","","",""
"","","","","","",""
"77 56645709400 (i) on (i)","Majumdar, Adrija  Majumder, Adrija","12","6","Indian Institute of Management Ahmedabad","Ahmedabad","India"
"","View last title","","","",""
"","","","","","",""
"78 7103223055 (i) on (i)","Mathur, Kuldeep  MATHUR, KULDEEP   Mathur, K.","12","4","Indian Institute of Management Ahmedabad","Ahmedabad","India"
"","View last title","","","",""
"","","","","","",""
"79 56526305100 (i) on (i)","Mathur, Navdeep","12","5","Indian Institute of Management Ahmedabad","Ahmedabad","India"
"","View last title","","","",""
"","","","","","",""
"80 55106914900 (i) on (i)","Pandey, Priyanka","12","8","Indian Institute of Management Ahmedabad","Ahmedabad","India"
"","View last title","","","",""
"","","","","","",""
"81 56019186000 (i) on (i)","Ranganathan, Kavitha  Ranganathan, K.","12","5","Indian Institute of Management Ahmedabad","Ahmedabad","India"
"","View last title","","","",""
"","","","","","",""
"82 25026428800 (i) on (i)","Sud, Mukesh","12","6","Indian Institute of Management Ahmedabad","Ahmedabad","India"
"","View last title","","","",""
"","","","","","",""
"83 56650823900 (i) on (i)","Vijayalakshmi, Akshaya","12","4","Indian Institute of Management Ahmedabad","Ahmedabad","India"
"","View last title","","","",""
"","","","","","",""
"84 8080483200 (i) on (i)","Deodhar, Satish Y.  Deodhar, S.  					    Deodhar, Satish","11","6","Indian Institute of Management Ahmedabad","Ahmedabad","India"
"","View last title","","","",""
"","","","","","",""
"85 57195360900 (i) on (i)","Gopalakrishnan, Balagopal","11","3","Indian Institute of Management Ahmedabad","Ahmedabad","India"
"","View last title","","","",""
"","","","","","",""
"86 23392676200 (i) on (i)","Jose, P. D.","11","6","Indian Institute of Management Bangalore","Bengaluru","India"
"","View last title","","","",""
"","","","","","",""
"87 6602316362 (i) on (i)","Namboodiri, N. V.","11","3","Indian Institute of Management Ahmedabad","Ahmedabad","India"
"","View last title","","","",""
"","","","","","",""
"88 35213675900 (i) on (i)","Pandey, Ajay","11","7","Indian Institute of Management Ahmedabad","Ahmedabad","India"
"","View last title","","","",""
"","","","","","",""
"89 56581226000 (i) on (i)","Agarwal, Promila","10","4","Indian Institute of Management Ahmedabad","Ahmedabad","India"
"","View last title","","","",""
"","","","","","",""
"90 55614856800 (i) on (i)","Dev, Pritha","10","4","Indian Institute of Management Ahmedabad","Ahmedabad","India"
"","View last title","","","",""
"","","","","","",""
"91 37101289600 (i) on (i)","Dora, Mallikarjun","10","5","Indian Institute of Management Ahmedabad","Ahmedabad","India"
"","View last title","","","",""
"","","","","","",""
"92 57190568843 (i) on (i)","Gupta, Samrat","10","3","Indian Institute of Management Ahmedabad","Ahmedabad","India"
"","View last title","","","",""
"","","","","","",""
"93 56365287300 (i) on (i)","Kumar, H. Anil  Anil Kumar, H.   Hanumappa, Anilkumar   Anilkumar, Hanumappa","10","5","Indian Institute of Management Ahmedabad","Ahmedabad","India"
"","View last title","","","",""
"","","","","","",""
"94 57215032710 (i) on (i)","Sharma, Rajat","10","4","Indian Institute of Management Ahmedabad","Ahmedabad","India"
"","View last title","","","",""
"","","","","","",""
"95 56244329100 (i) on (i)","Sinha, Sidharth","10","3","Indian Institute of Management Ahmedabad","Ahmedabad","India"
"","View last title","","","",""
"","","","","","",""
"96 55755644500 (i) on (i)","Sriram, Karthik","10","4","Indian Institute of Management Ahmedabad","Ahmedabad","India"
"","View last title","","","",""
"","","","","","",""
"97 57189256145 (i) on (i)","Varma, Poornima","10","5","Indian Institute of Management Ahmedabad","Ahmedabad","India"
"","View last title","","","",""
"","","","","","",""
"98 57206847830 (i) on (i)","Verma, Sanjay  Verma, S.","10","4","Indian Institute of Management Ahmedabad","Ahmedabad","India"
"","View last title","","","",""
"","","","","","",""
"99 7102897586 (i) on (i)","Desai, Bhupat M.  Desai, B. M.","9","3","Indian Institute of Management Ahmedabad","Ahmedabad","India"
"","View last title","","","",""
"","","","","","",""
"100 25647866800 (i) on (i)","Huber, Hans","9","3","Indian Institute of Management Ahmedabad","Ahmedabad","India"
"","View last title","","","",""
"","","","","","",""
"101 57193338860 (i) on (i)","Kar, Rohan","9","5","Indian Institute of Management Ahmedabad","Ahmedabad","India"
"","View last title","","","",""
"","","","","","",""
"102 57191766618 (i) on (i)","Kureshi, Sonal","9","6","Indian Institute of Management Ahmedabad","Ahmedabad","India"
"","View last title","","","",""
"","","","","","",""
"103 57150827400 (i) on (i)","Nagar, Neerav","9","7","Indian Institute of Management Ahmedabad","Ahmedabad","India"
"","View last title","","","",""
"","","","","","",""
"104 7007011817 (i) on (i)","Ahuja, Vinod  Ahuja, V.","8","6","Indian Institute of Management Ahmedabad","Ahmedabad","India"
"","View last title","","","",""
"","","","","","",""
"105 57195584081 (i) on (i)","Fuad, Mohammad","8","5","Indian Institute of Management Ahmedabad","Ahmedabad","India"
"","View last title","","","",""
"","","","","","",""
"106 7005645795 (i) on (i)","Ganesh, S. R.","8","3","Indian Institute of Management Ahmedabad","Ahmedabad","India"
"","View last title","","","",""
"","","","","","",""
"107 56123562200 (i) on (i)","Gopakumar, K. V.","8","4","Indian Institute of Management Ahmedabad","Ahmedabad","India"
"","View last title","","","",""
"","","","","","",""
"108 56803509600 (i) on (i)","Guha, Mahua","8","4","Indian Institute of Management Ahmedabad","Ahmedabad","India"
"","View last title","","","",""
"","","","","","",""
"109 35776252700 (i) on (i)","Gupta, Parvinder","8","2","Indian Institute of Management Ahmedabad","Ahmedabad","India"
"","View last title","","","",""
"","","","","","",""
"110 24166823600 (i) on (i)","Kothari, Brij","8","5","Indian Institute of Management Ahmedabad","Ahmedabad","India"
"","View last title","","","",""
"","","","","","",""
"111 56111110400 (i) on (i)","Kulkarni, Vaibhavi","8","4","Indian Institute of Management Ahmedabad","Ahmedabad","India"
"","View last title","","","",""
"","","","","","",""
"112 7402094235 (i) on (i)","Majumdar, Säumen  Majumdar, Saumen   Majumdar, S.","8","3","University of Canterbury","Christchurch","New Zealand"
"","View last title","","","",""
"","","","","","",""
"113 56341155800 (i) on (i)","Patange, Omkar S.  Patange, Omkar   Patange, O.","8","6","Indian Institute of Management Ahmedabad","Ahmedabad","India"
"","View last title","","","",""
"","","","","","",""
"114 6506460067 (i) on (i)","Pestonjee, D. M.  PESTONJEE, D. M.   Pestonjee, D.","8","5","Indian Institute of Management Ahmedabad","Ahmedabad","India"
"","View last title","","","",""
"","","","","","",""
"115 57195149968 (i) on (i)","Ramani, K. V.","8","0","Indian Institute of Management Ahmedabad","Ahmedabad","India"
"","View last title","","","",""
"","","","","","",""
"116 7801555540 (i) on (i)","Saiyadain, Mirza S.  Saiyadain, Mirza   Saiyadain, M. S.","8","2","Indian Institute of Management Ahmedabad","Ahmedabad","India"
"","View last title","","","",""
"","","","","","",""
"117 57195202256 (i) on (i)","Tripathi, Neha","8","2","Indian Institute of Management Ahmedabad","Ahmedabad","India"
"","View last title","","","",""
"","","","","","",""
"118 57195107272 (i) on (i)","Agarwal, Anurag K.  Agarwal, Anurag","7","2","Indian Institute of Management Ahmedabad","Ahmedabad","India"
"","View last title","","","",""
"","","","","","",""
"119 55625717300 (i) on (i)","Avashia, Vidhee Kiran  Avashia, Vidhee","7","4","Indian Institute of Management Ahmedabad","Ahmedabad","India"
"","View last title","","","",""
"","","","","","",""
"120 57214287376 (i) on (i)","Bandyopadhyay, Tathagata  Bandyopadhyay, T.","7","4","Indian Institute of Management Ahmedabad","Ahmedabad","India"
"","View last title","","","",""
"","","","","","",""
"121 56684346600 (i) on (i)","Banerjee, Bibek","7","4","Indian Institute of Management Ahmedabad","Ahmedabad","India"
"","View last title","","","",""
"","","","","","",""
"122 7006855144 (i) on (i)","Barua, Samir Kumar  Barua, Samir K.   Barua, S. K.","7","2","Indian Institute of Management Ahmedabad","Ahmedabad","India"
"","View last title","","","",""
"","","","","","",""
"123 57208492110 (i) on (i)","Deshmukh, Ketan Satish  Deshmukh, Ketan S.","7","3","Indian Institute of Management Ahmedabad","Ahmedabad","India"
"","View last title","","","",""
"","","","","","",""
"124 35738906600 (i) on (i)","Koshy, Abraham","7","4","Indian Institute of Management Ahmedabad","Ahmedabad","India"
"","View last title","","","",""
"","","","","","",""
"125 7007174175 (i) on (i)","Naik, Gopal  Naik, G.","7","4","Indian Institute of Management Ahmedabad","Ahmedabad","India"
"","View last title","","","",""
"","","","","","",""
"126 13404584600 (i) on (i)","Nandkeolyar, Amit K.  Nandkeolyar, Amit","7","5","Indian Institute of Management Ahmedabad","Ahmedabad","India"
"","View last title","","","",""
"","","","","","",""
"127 55293902300 (i) on (i)","Virmani, Vineet","7","2","Indian Institute of Management Ahmedabad","Ahmedabad","India"
"","View last title","","","",""
"","","","","","",""
"128 54952166900 (i) on (i)","Bhadra, Dhiman","6","5","Indian Institute of Management Ahmedabad","Ahmedabad","India"
"","View last title","","","",""
"","","","","","",""
"129 57203685800 (i) on (i)","Chakraborty, Saikat","6","4","Indian Institute of Management Ahmedabad","Ahmedabad","India"
"","View last title","","","",""
"","","","","","",""
"130 7005797655 (i) on (i)","Chaudhuri, Gopal","6","4","Indian Institute of Management Ahmedabad","Ahmedabad","India"
"","View last title","","","",""
"","","","","","",""
"131 55901699800 (i) on (i)","Dongre, Ambrish  Dongre, Ambrish A.","6","2","Indian Institute of Management Ahmedabad","Ahmedabad","India"
"","View last title","","","",""
"","","","","","",""
"132 57214111983 (i) on (i)","Jain, Abhinandan K.  Jain, Abhinandan","6","1","Indian Institute of Management Ahmedabad","Ahmedabad","India"
"","View last title","","","",""
"","","","","","",""
"133 6507454160 (i) on (i)","Kalro, Amar H.  Kalro, Amar   Kalro, A. H.","6","4","Indian Institute of Management Ahmedabad","Ahmedabad","India"
"","View last title","","","",""
"","","","","","",""
"134 37102087300 (i) on (i)","Maheshwari, Jyoti","6","3","Indian Institute of Management Ahmedabad","Ahmedabad","India"
"","View last title","","","",""
"","","","","","",""
"135 57225757005 (i) on (i)","Morris, Sebastian","6","2","Indian Institute of Management Ahmedabad","Ahmedabad","India"
"","View last title","","","",""
"","","","","","",""
"136 36896155200 (i) on (i)","Nanda, Ashish","6","4","Indian Institute of Management Ahmedabad","Ahmedabad","India"
"","View last title","","","",""
"","","","","","",""
"137 57202072062 (i) on (i)","Putatunda, Sayan","6","5","Indian Institute of Management Ahmedabad","Ahmedabad","India"
"","View last title","","","",""
"","","","","","",""
"138 57189873320 (i) on (i)","Rampal, Jeevant","6","2","Indian Institute of Management Ahmedabad","Ahmedabad","India"
"","View last title","","","",""
"","","","","","",""
"139 55118011300 (i) on (i)","Singla, Chitra","6","4","Indian Institute of Management Ahmedabad","Ahmedabad","India"
"","View last title","","","",""
"","","","","","",""
"140 56528400600 (i) on (i)","Sugathan, Anish","6","4","Indian Institute of Management Ahmedabad","Ahmedabad","India"
"","View last title","","","",""
"","","","","","",""
"141 57211943216 (i) on (i)","Tandon, Ayushi","6","1","Mahindra University","Hyderabad","India"
"","View last title","","","",""
"","","","","","",""
"142 57210931922 (i) on (i)","Vemireddy, Vidya","6","5","Indian Institute of Management Ahmedabad","Ahmedabad","India"
"","View last title","","","",""
"","","","","","",""
"143 57014575000 (i) on (i)","Balasubramanian, N.","5","4","Indian Institute of Management Bangalore","Bangalore","India"
"","View last title","","","",""
"","","","","","",""
"144 55848747000 (i) on (i)","Bhangale, Ritesh","5","2","Indian Institute of Management Ahmedabad","Ahmedabad","India"
"","View last title","","","",""
"","","","","","",""
"145 7402978052 (i) on (i)","Chaudhuri, Shekhar  Chaudhuri, S.","5","1","Indian Institute of Management Ahmedabad","Ahmedabad","India"
"","View last title","","","",""
"","","","","","",""
"146 57224797877 (i) on (i)","Ghosh, Diptesh","5","2","Indian Institute of Management Ahmedabad","Ahmedabad","India"
"","View last title","","","",""
"","","","","","",""
"147 55427768600 (i) on (i)","Ghosh, Priyanko","5","2","Indian Institute of Management Ahmedabad","Ahmedabad","India"
"","View last title","","","",""
"","","","","","",""
"148 57213547170 (i) on (i)","Jha, Chandan Kumar","5","2","Indian Institute of Management Ahmedabad","Ahmedabad","India"
"","View last title","","","",""
"","","","","","",""
"149 8942356000 (i) on (i)","Mukherjee, Saral","5","3","Indian Institute of Management Calcutta","Kolkata","India"
"","View last title","","","",""
"","","","","","",""
"150 56919209500 (i) on (i)","Pathak, Akhileshwar","5","1","Indian Institute of Management Ahmedabad","Ahmedabad","India"
"","View last title","","","",""
"","","","","","",""
"151 56784987700 (i) on (i)","Roy, Pinaki","5","2","Indian Institute of Management Ahmedabad","Ahmedabad","India"
"","View last title","","","",""
"","","","","","",""
"152 57195067594 (i) on (i)","Singh, Sampat P.","5","1","Indian Institute of Management Ahmedabad","Ahmedabad","India"
"","View last title","","","",""
"","","","","","",""
"153 7006474670 (i) on (i)","Soman, C. A.  Soman, Chetan Anil   Soman, Chetan   Soman, C. A.","5","5","Indian Institute of Management Ahmedabad","Ahmedabad","India"
"","View last title","","","",""
"","","","","","",""
"154 57193356898 (i) on (i)","Somanchi, Anmol","5","3","Indian Institute of Management Ahmedabad","Ahmedabad","India"
"","View last title","","","",""
"","","","","","",""
"155 7006147999 (i) on (i)","Srivastava, U. K.","5","2","Indian Institute of Management Ahmedabad","Ahmedabad","India"
"","View last title","","","",""
"","","","","","",""
"156 57220723344 (i) on (i)","Bhatnagar, S. C.  Bhatnagar, SC","4","2","Indian Institute of Management Ahmedabad","Ahmedabad","India"
"","View last title","","","",""
"","","","","","",""
"157 7102273894 (i) on (i)","Desai, Tejas","4","4","Indian Institute of Management Ahmedabad","Ahmedabad","India"
"","View last title","","","",""
"","","","","","",""
"158 56426795600 (i) on (i)","Gandhi, Shailesh","4","2","Indian Institute of Management Ahmedabad","Ahmedabad","India"
"","View last title","","","",""
"","","","","","",""
"159 7103191979 (i) on (i)","Ghose, Amitabha  Ghose, A.","4","1","Indian Institute of Management Ahmedabad","Ahmedabad","India"
"","View last title","","","",""
"","","","","","",""
"160 57612299700 (i) on (i)","Goyal, Mohit","4","2","Indian Institute of Technology Delhi","New Delhi","India"
"","View last title","","","",""
"","","","","","",""
"161 57205642075 (i) on (i)","Gupta, Ayush","4","3","Indian Institute of Management Ahmedabad","Ahmedabad","India"
"","View last title","","","",""
"","","","","","",""
"162 7103271019 (i) on (i)","Gupta, Tirath  Gupta, T.","4","2","Indian Institute of Management Ahmedabad","Ahmedabad","India"
"","View last title","","","",""
"","","","","","",""
"163 57195103167 (i) on (i)","Gupta, Vikas","4","1","Indian Institute of Management Ahmedabad","Ahmedabad","India"
"","View last title","","","",""
"","","","","","",""
"164 57207211307 (i) on (i)","Jain, Sudhir Kumar  Jain, S. K.","4","2","Indian Institute of Management Ahmedabad","Ahmedabad","India"
"","View last title","","","",""
"","","","","","",""
"165 57195504847 (i) on (i)","Jani, Vishalkumar J.  Jani, Vishalkumar J.   Jani, Vishalkumar","4","1","Indian Institute of Management Ahmedabad","Ahmedabad","India"
"","View last title","","","",""
"","","","","","",""
"166 57214917440 (i) on (i)","Johnson, Nicky","4","3","Indian Institute of Management Ahmedabad","Ahmedabad","India"
"","View last title","","","",""
"","","","","","",""
"167 57163728300 (i) on (i)","Khokle, Pradyumana W.  Khokle, Pradyumana","4","3","Indian Institute of Management Ahmedabad","Ahmedabad","India"
"","View last title","","","",""
"","","","","","",""
"168 57218568250 (i) on (i)","Majumdar, Sourav","4","1","Indian Institute of Management Ahmedabad","Ahmedabad","India"
"","View last title","","","",""
"","","","","","",""
"169 16028969600 (i) on (i)","Marathe, Devdutt V.  Marathe, Devdutt","4","2","Indian Institute of Management Ahmedabad","Ahmedabad","India"
"","View last title","","","",""
"","","","","","",""
"170 55575874900 (i) on (i)","Monippally, Mathukutty M.  Monippally, M. M.","4","2","Indian Institute of Management Ahmedabad","Ahmedabad","India"
"","View last title","","","",""
"","","","","","",""
"171 57190957015 (i) on (i)","Raghavachari, M.","4","1","Indian Institute of Management Ahmedabad","Ahmedabad","India"
"","View last title","","","",""
"","","","","","",""
"172 57190461233 (i) on (i)","Rangarajan, C.","4","2","Indian Institute of Management Ahmedabad","Ahmedabad","India"
"","View last title","","","",""
"","","","","","",""
"173 57224772272 (i) on (i)","Ravichandran, N.","4","1","Indian Institute of Management Ahmedabad","Ahmedabad","India"
"","View last title","","","",""
"","","","","","",""
"174 7003519374 (i) on (i)","Satia, J. K.  Satia, Jk","4","3","Indian Institute of Management Ahmedabad","Ahmedabad","India"
"","View last title","","","",""
"","","","","","",""
"175 7401592324 (i) on (i)","Sen, Arindam  Sen, A.","4","3","Indian Institute of Management Ahmedabad","Ahmedabad","India"
"","View last title","","","",""
"","","","","","",""
"176 57209836623 (i) on (i)","Shah, Arpit","4","3","Indian Institute of Management Ahmedabad","Ahmedabad","India"
"","View last title","","","",""
"","","","","","",""
"177 57195130739 (i) on (i)","Sharda, Kirti","4","2","Indian Institute of Management Ahmedabad","Ahmedabad","India"
"","View last title","","","",""
"","","","","","",""
"178 57745783100 (i) on (i)","Sharma, Supriya","4","2","Indian Institute of Management Ahmedabad","Ahmedabad","India"
"","View last title","","","",""
"","","","","","",""
"179 7801596893 (i) on (i)","Shingi, Prakash M.  Shingi, P. M.   Shingi, Prakash","4","1","Indian Institute of Management Ahmedabad","Ahmedabad","India"
"","View last title","","","",""
"","","","","","",""
"180 35094580600 (i) on (i)","Singh, Prabal V.  Singh, Prabal","4","4","Indian Institute of Management Ahmedabad","Ahmedabad","India"
"","View last title","","","",""
"","","","","","",""
"181 26653793300 (i) on (i)","Subramaniam, Ramanathan","4","3","Indian Institute of Management Ahmedabad","Ahmedabad","India"
"","View last title","","","",""
"","","","","","",""
"182 55632777600 (i) on (i)","Sundaram, Satyam Shivam  Sundaram, Satyam S.","4","1","Indian Institute of Management Ahmedabad","Ahmedabad","India"
"","View last title","","","",""
"","","","","","",""
"183 57216947686 (i) on (i)","Tripathi, Aastha","4","2","Indian Institute of Management Ahmedabad","Ahmedabad","India"
"","View last title","","","",""
"","","","","","",""
"184 7004874525 (i) on (i)","Tripathi, Dwijendra  TRIPATHI, Dwijendra","4","3","Indian Institute of Management Ahmedabad","Ahmedabad","India"
"","View last title","","","",""
"","","","","","",""
"185 57204775631 (i) on (i)","Banday, Muneeb Ul Lateef","3","3","Indian Institute of Management Ahmedabad","Ahmedabad","India"
"","View last title","","","",""
"","","","","","",""
"186 6506816437 (i) on (i)","Brem, Markus  Brem, M.","3","2","Indian Institute of Management Ahmedabad","Ahmedabad","India"
"","View last title","","","",""
"","","","","","",""
"187 57208425639 (i) on (i)","Chakrabarti, Arnab","3","0","Indian Institute of Management Ahmedabad","Ahmedabad","India"
"","View last title","","","",""
"","","","","","",""
"188 57214840857 (i) on (i)","Choudhary, Anjali","3","1","Indian Institute of Management Ahmedabad","Ahmedabad","India"
"","View last title","","","",""
"","","","","","",""
"189 56513975200 (i) on (i)","D’Cruz, Premilla","3","3","Indian Institute of Management Ahmedabad","Ahmedabad","India"
"","View last title","","","",""
"","","","","","",""
"190 56506390800 (i) on (i)","Desai, Asha","3","2","Indian Institute of Management Ahmedabad","Ahmedabad","India"
"","View last title","","","",""
"","","","","","",""
"191 57225757457 (i) on (i)","Gupta, G. S.","3","1","Indian Institute of Management Ahmedabad","Ahmedabad","India"
"","View last title","","","",""
"","","","","","",""
"192 19034567300 (i) on (i)","Jambhekar, Ashok","3","1","Indian Institute of Management Ahmedabad","Ahmedabad","India"
"","View last title","","","",""
"","","","","","",""
"193 41261954200 (i) on (i)","Kankal, Bhushan","3","3","Indian Institute of Management Ahmedabad","Ahmedabad","India"
"","View last title","","","",""
"","","","","","",""
"194 57225456209 (i) on (i)","Kaur, Kulvinder","3","1","Indian Institute of Management Ahmedabad","Ahmedabad","India"
"","View last title","","","",""
"","","","","","",""
"195 57480218400 (i) on (i)","Kedas, Satishwar","3","0","PACT PARQUE DO ALENTEJO DE CIENCIAE TECNOLOGIA","Evora","Portugal"
"","View last title","","","",""
"","","","","","",""
"196 56924989500 (i) on (i)","Mendonca, Valerie","3","1","Indian Institute of Management Ahmedabad","Ahmedabad","India"
"","View last title","","","",""
"","","","","","",""
"197 56727592000 (i) on (i)","Mishra, Nidhi","3","1","Indian Institute of Management Ahmedabad","Ahmedabad","India"
"","View last title","","","",""
"","","","","","",""
"198 57204884036 (i) on (i)","Moses, Aditya Christopher  Moses, Aditya C.   Moses, Aditya","3","3","Indian Institute of Management Ahmedabad","Ahmedabad","India"
"","View last title","","","",""
"","","","","","",""
"199 55512508500 (i) on (i)","Mukhopadhyay, Soumya","3","2","Indian Institute of Management Ahmedabad","Ahmedabad","India"
"","View last title","","","",""
"","","","","","",""
"200 24335637000 (i) on (i)","Murthy, K. R.S.","3","2","Indian Institute of Management Ahmedabad","Ahmedabad","India"
"","View last title","","","",""
"","","","","","",""