Author,Documents,h-index,Affiliation,City,Country/Territory
"Srivastava, Praveen Ranjan  Srivatsava, Praveen Ranjan",104.0,17.0,Indian Institute of Management Rohtak,Rohtak,India
"Sharma, Dheeraj P.  Sharma, Dheeraj",58.0,14.0,Indian Institute of Management Rohtak,Rohtak,India
"Singh, Amol  Singh, A.",38.0,16.0,Indian Institute of Management Rohtak,Rohtak,India
"Ghosh, Koustab",29.0,12.0,Indian Institute of Management Rohtak,Rohtak,India
"Garg, Chandra Prakash   Prakash, Chandra",28.0,17.0,Indian Institute of Management Rohtak,Rohtak,India
"Pandey, Shivendra Kumar  Pandey, Shivendra K.   Pandey, S.   Pandey, Shivendra   Pandey, S. K.",28.0,6.0,Indian Institute of Management Rohtak,Rohtak,India
"Kumar, Ashwani  Kumar, A.",21.0,7.0,Indian Institute of Management Rohtak,Rohtak,India
"Jharkharia, Sanjay",20.0,11.0,Indian Institute of Management Rohtak,Rohtak,India
"Kesharwani, Ankit",18.0,9.0,Indian Institute of Management Rohtak,Rohtak,India
"Khanna, Rupika  Khanna, RUPIKA",13.0,4.0,Indian Institute of Management Rohtak,Rohtak,India
"Khatwani, Gaurav",13.0,7.0,Indian Institute of Management Rohtak,Rohtak,India
"Seth, Himanshu",13.0,6.0,Indian Institute of Management Rohtak,Rohtak,India
"Dash, Sanket Sunand  Dash, Sanket S.   Sunand Dash, Sanket   Dash, Sanket",12.0,4.0,Indian Institute of Management Rohtak,Rohtak,India
"Patro, Archana",11.0,3.0,Indian Institute of Management Rohtak,Rohtak,India
"Tripathi, Manas Mani  Tripathi, Manas",11.0,3.0,Indian Institute of Management Rohtak,Rohtak,India
"Verma, Abhishek  Verma, A.",11.0,6.0,Indian Institute of Management Rohtak,Rohtak,India
"Pandey, Peeyush",10.0,3.0,Indian Institute of Management Rohtak,Rohtak,India
"Sharma, Divya",10.0,4.0,Indian Institute of Management Rohtak,Rohtak,India
"Sinha, Priyank",10.0,3.0,Indian Institute of Management Rohtak,Rohtak,India
"Tapar, Archit Vinod  Tapar, Archit V.",9.0,3.0,Indian Institute of Management Rohtak,Rohtak,India
"Mishra, Madhurima",8.0,4.0,Indian Institute of Management Rohtak,Rohtak,India
"Murthy, Venkatesh R.  Murthy, Venkatesh   Venkatesh Murthy, R.",8.0,2.0,Indian Institute of Management Rohtak,Rohtak,India
"Pant, Abhay  Pant, ABHAY",8.0,4.0,Indian Institute of Management Rohtak,Rohtak,India
"Sarkar, Subhro",8.0,6.0,Indian Institute of Management Rohtak,Rohtak,India
"Tiwari, Amit Anand",8.0,2.0,Indian Institute of Management Rohtak,Rohtak,India
"Yadav, Rama Shankar  Yadav, Ramashankar",8.0,4.0,Indian Institute of Management Rohtak,Rohtak,India
"Kohli, Reena",6.0,4.0,Indian Institute of Management Rohtak,Rohtak,India
"Pandey, Agrata",6.0,2.0,Indian Institute of Management Rohtak,Rohtak,India
"Baishya, Kuldeep",5.0,4.0,Indian Institute of Management Rohtak,Rohtak,India
"Bhardwaj, Neha",5.0,3.0,Indian Institute of Management Rohtak,Rohtak,India
"Bhardwaj, Preshth",5.0,2.0,Indian Institute of Management Rohtak,Rohtak,India
"Patel, Shivan Sanjay",5.0,2.0,Indian Institute of Management Rohtak,Rohtak,India
"Rakshit, Atanu",5.0,3.0,Indian Institute of Management Rohtak,Rohtak,India
"Singh, Abhishek",5.0,1.0,Indian Institute of Management Rohtak,Rohtak,India
"Arun, T. M.",4.0,2.0,Indian Institute of Management Rohtak,Rohtak,India
"Garg, Chandra Prakash",4.0,1.0,Indian Institute of Management Rohtak,Rohtak,India
"Gaur, Diptanshu",4.0,1.0,Indian Institute of Management Rohtak,Rohtak,India
"Irum, Ayesha",4.0,2.0,Indian Institute of Management Rohtak,Rohtak,India
"Katiyar, Neha",4.0,1.0,Indian Institute of Management Rohtak,Rohtak,India
"Tiwari, Ashu",4.0,2.0,Indian Institute of Management Rohtak,Rohtak,India
"Ahuja, Deepti",3.0,2.0,Indian Institute of Management Rohtak,Rohtak,India
"Anand, Oshin",3.0,3.0,Indian Institute of Management Rohtak,Rohtak,India
"Biswas, Malay Sankar  Biswas, Malay",3.0,2.0,Indian Institute of Management Rohtak,Rohtak,India
"Gupta, Ashish Kumar  Gupta, Ashish K.   Gupta, Ashish",3.0,1.0,Indian Institute of Management Rohtak,Rohtak,India
"Kaur, Baljit",3.0,2.0,Indian Institute of Management Rohtak,Rohtak,India
"Mandal, Madhu",3.0,0.0,Indian Institute of Management Rohtak,Rohtak,India
"Mohil, Soniya",3.0,1.0,Indian Institute of Management Rohtak,Rohtak,India
"Mondal, Rima",3.0,1.0,Indian Institute of Management Rohtak,Rohtak,India
"Patky, Jahnavi",3.0,2.0,Indian Institute of Management Rohtak,Rohtak,India
"Singh, Shaili",3.0,2.0,Indian Institute of Management Rohtak,Rohtak,India
"Ahalawat, Shweta",2.0,1.0,Indian Institute of Management Rohtak,Rohtak,India
"Arun, T. M.  TM, Arun   Arun, T. M.",2.0,2.0,Indian Institute of Management Rohtak,Rohtak,India
"Bhaduri, Korak",2.0,1.0,Indian Institute of Management Rohtak,Rohtak,India
"Bhasin, Ashish",2.0,0.0,Indian Institute of Management Rohtak,Rohtak,India
"Ezhil Kumar, Madhumitha  Madhumitha, E.",2.0,2.0,Indian Institute of Management Rohtak,Rohtak,India
"Jain, Ankur",2.0,1.0,Indian Institute of Management Rohtak,Rohtak,India
"Jain, Deepika",2.0,1.0,Indian Institute of Management Rohtak,Rohtak,India
"Mojumder, Abhishek",2.0,1.0,Indian Institute of Management Rohtak,Rohtak,India
"Ranjan, Sushant",2.0,2.0,Indian Institute of Management Rohtak,Rohtak,India
"Rathore, Himanshu",2.0,2.0,Indian Institute of Management Rohtak,Rohtak,India
"Sinha, Sweta",2.0,0.0,Indian Institute of Management Rohtak,Rohtak,India
"Yadav, Ritu",2.0,1.0,Indian Institute of Management Rohtak,Rohtak,India
"Achtani, Dhiren",1.0,1.0,Indian Institute of Management Rohtak,Rohtak,India
"Agarwal, Anjali",1.0,1.0,The Institute of Chartered Accountants of India,New Delhi,India
"Awasthi, Gaurav",1.0,1.0,Indian Institute of Management Rohtak,Rohtak,India
"Bhattacharjee, Somraj",1.0,0.0,Indian Institute of Management Rohtak,Rohtak,India
"Chintalapati, Srikrishna",1.0,1.0,Indian Institute of Management Rohtak,Rohtak,India
"Das, Avisek",1.0,1.0,Indian Institute of Management Rohtak,Rohtak,India
"Goyal, Tanuj",1.0,1.0,Indian Institute of Management Rohtak,Rohtak,India
"Joshi, S.",1.0,1.0,Indian Institute of Management Rohtak,Rohtak,India
"Kalelkar, Gaurav R.",1.0,1.0,Indian Institute of Management Rohtak,Rohtak,India
"Kaur, Baljit",1.0,1.0,Indian Institute of Management Rohtak,Rohtak,India
"Khattar, Manish",1.0,1.0,Indian Institute of Management Rohtak,Rohtak,India
"Kulshrestha, Ankur",1.0,1.0,Indian Institute of Management Rohtak,Rohtak,India
"Kumar, Madhumitha Ezhil",1.0,1.0,Indian Institute of Management Rohtak,Rohtak,India
"Kumar, Manoj",1.0,1.0,Indian Institute of Management Rohtak,Rohtak,India
"Kumar, Surender",1.0,0.0,Indian Institute of Management Rohtak,Rohtak,India
"Kumbhare, Gaurav",1.0,1.0,Indian Institute of Management Rohtak,Rohtak,India
"Mehta, Varun",1.0,1.0,Indian Institute of Management Rohtak,Rohtak,India
"Mishra, Meha Kohli",1.0,0.0,Indian Institute of Management Rohtak,Rohtak,India
"Mittal, Abhineet",1.0,1.0,Indian Institute of Management Rohtak,Rohtak,India
"Moolchandani, Kanta",1.0,1.0,Indian Institute of Management Rohtak,Rohtak,India
"Nasim, Md Aqeel",1.0,0.0,Indian Institute of Management Rohtak,Rohtak,India
"Parida, Ashish Ranjan",1.0,1.0,Indian Institute of Management Rohtak,Rohtak,India
"Priya, Shubhangi",1.0,0.0,Indian Institute of Management Rohtak,Rohtak,India
"Ramesh, Vishnu K.",1.0,0.0,Indian Institute of Management Rohtak,Rohtak,India
"Sharma, Hitesh",1.0,0.0,Indian Institute of Management Rohtak,Rohtak,India
"Singh, Abhishek",1.0,0.0,Indian Institute of Management Rohtak,Rohtak,India
"Singh, Kushall Pal",1.0,0.0,Indian Institute of Management Rohtak,Rohtak,India
"Sinha, Sweta",1.0,0.0,Indian Institute of Management Rohtak,Rohtak,India
"Srivastava, Ranjan",1.0,1.0,Indian Institute of Management Rohtak,Rohtak,India
"Verma, Abhishek",1.0,1.0,Indian Institute of Management Rohtak,Rohtak,India
"Vinod Tapar, Archit",1.0,1.0,Indian Institute of Management Rohtak,Rohtak,India
"Yadav, Shalini",1.0,0.0,Indian Institute of Management Rohtak,Rohtak,India
