Author,Documents,h-index,Affiliation,City,Country/Territory
"Krishnamurthy, Ananth  Krishnamurthy, A.",91.0,20.0,Indian Institute of Management Bangalore,Bengaluru,India
"Ghosh, Pulak",64.0,17.0,Indian Institute of Management Bangalore,Bengaluru,India
"Das, Gopal",52.0,18.0,Indian Institute of Management Bangalore,Bengaluru,India
"De’, Rahul  Dé, Rahul   De', Rahul   De, Rahul",49.0,13.0,Indian Institute of Management Bangalore,Bengaluru,India
"Chanda, Rupa  Chanda, R.",45.0,9.0,Indian Institute of Management Bangalore,Bengaluru,India
"Mishra, Sushanta Kumar  Mishra, Sushanta   Mishra, Sushanta K.",44.0,12.0,Indian Institute of Management Bangalore,Bengaluru,India
"Hazra, Jishnu",41.0,10.0,Indian Institute of Management Bangalore,Bengaluru,India
"Dinesh Kumar, U.  Kumar, U. Dinesh   Kumar, U. D.",40.0,11.0,Indian Institute of Management Bangalore,Bengaluru,India
"Kulkarni, Mukta V.  Kulkarni, Mukta",38.0,18.0,Indian Institute of Management Bangalore,Bengaluru,India
"Saranga, Haritha  Saranga, H.",35.0,20.0,Indian Institute of Management Bangalore,Bengaluru,India
"Banerjee, Ritwik",34.0,11.0,Indian Institute of Management Bangalore,Bengaluru,India
"Manimala, Mathew James  Manimala, Mathew J.   MANIMALA, MATHEW J.",34.0,8.0,Indian Institute of Management Bangalore,Bengaluru,India
"Shainesh, Gangadharan  Shainesh, G.",34.0,9.0,Indian Institute of Management Bangalore,Bengaluru,India
"Tirupati, Devanath  TIRUPATI, DEVANATH   Tirupati, D.",34.0,16.0,Indian Institute of Management Bangalore,Bengaluru,India
"Das, Debojyoti",32.0,17.0,Indian Institute of Management Bangalore,Bengaluru,India
"Desai, Jitamitra  Desai, J.",31.0,10.0,Indian Institute of Management Bangalore,Bengaluru,India
"Jain, Tarun  Jain, Tarnn",31.0,8.0,Indian Institute of Management Bangalore,Bengaluru,India
"Mahadevan, B.  Mahadevan, B.   Mahadevan, Balasubramanian",28.0,13.0,Indian Institute of Management Bangalore,Bengaluru,India
"Basu, Sankarshan  Basu, S.   Prof, Sankarshan Basu",26.0,7.0,Indian Institute of Management Bangalore,Bengaluru,India
"Krishna, S.",25.0,7.0,Indian Institute of Management Bangalore,Bengaluru,India
"George, Rejie P.  George, Rejie",24.0,13.0,Indian Institute of Management Bangalore,Bengaluru,India
"Srinivasan, Vasanthi  Srinivasan, V.",24.0,9.0,Indian Institute of Management Bangalore,Bengaluru,India
"Murthy, Ishwar  Murthy, I.",23.0,7.0,Indian Institute of Management Bangalore,Bengaluru,India
"Ojha, Abhoy Kumar  Ojha, Abhoy   Ojha, Abhoy K.",23.0,7.0,Indian Institute of Management Bangalore,Bengaluru,India
"Srinivasan, R.",22.0,7.0,Indian Institute of Management Bangalore,Bengaluru,India
"Bandi, Rajendra K.  Rajendra, Bandi",21.0,3.0,Indian Institute of Management Bangalore,Bengaluru,India
"Kanagal, Nagasimha Balakrishna",21.0,0.0,Indian Institute of Management Bangalore,Bengaluru,India
"Diatha, Krishna Sundar  Sundar, D. Krishna   Sundar, Diatha Krishna   Sundar, Diatha K.   Diatha, K. S.",20.0,5.0,Indian Institute of Management Bangalore,Bengaluru,India
"Sapra, Amar",20.0,5.0,Indian Institute of Management Bangalore,Bengaluru,India
"Shekar, B.",20.0,6.0,Indian Institute of Management Bangalore,Bengaluru,India
"Bhatia, Jagdish C.  Bhatia, Jagdish   Bhatia, J. C.   Bhatia, J.",19.0,10.0,Indian Institute of Management Bangalore,Bengaluru,India
"Satish, Sathyanarayana  Satish, Satyanarayana   Satish, S.",19.0,9.0,Indian Institute of Management Bangalore,Bengaluru,India
"Prabhu, Ganesh N.",18.0,7.0,Indian Institute of Management Bangalore,Bengaluru,India
"Raghuram, G.",18.0,4.0,Indian Institute of Management Bangalore,Bengaluru,India
"Thampy, Ashok",18.0,3.0,Indian Institute of Management Bangalore,Bengaluru,India
"Kamath, Rajalaxmi",17.0,5.0,Indian Institute of Management Bangalore,Bengaluru,India
"Bhattacharyya, Malay  Bhattachharyya, Malay",16.0,7.0,Indian Institute of Management Bangalore,Bengaluru,India
"Damodaran, Appukuttan Nair  Damodaran, A.   Damodaran, Appukuttan",16.0,6.0,Indian Institute of Management Bangalore,Bengaluru,India
"Suchitra, J. Y.",16.0,6.0,Indian Institute of Management Bangalore,Bengaluru,India
"Badrinath, Swaminathan G.  BADRINATH, S. G.   Badrinath, S. G.",15.0,7.0,Indian Institute of Management Bangalore,Bengaluru,India
"Bhullar, Naureen  Bhullar, N.",15.0,5.0,Indian Institute of Management Bangalore,Bengaluru,India
"Nagadevara, Vishnuprasad S.S.V.  Nagadevara, V.   Nagadevara, Vishnuprasad   Nagadevara, V. S.S.V.",15.0,4.0,Indian Institute of Management Bangalore,Bengaluru,India
"Subramanian, Chetan",15.0,2.0,Indian Institute of Management Bangalore,Bengaluru,India
"Ramachandran, J.",14.0,6.0,Indian Institute of Management Bangalore,Bengaluru,India
"Tripathi, Ritu",14.0,6.0,Indian Institute of Management Bangalore,Bengaluru,India
"Agrawal, Narendra M.  Agrawal, N. M.",13.0,6.0,Indian Institute of Management Bangalore,Bengaluru,India
"Bhat, Jyoti M.  Bhat, Jyoti",13.0,5.0,Indian Institute of Management Bangalore,Bengaluru,India
"Naik, Gopal",13.0,6.0,Indian Institute of Management Bangalore,Bengaluru,India
"Panchapagesan, Venkatesh  Panchapagesan, Venky",13.0,7.0,Indian Institute of Management Bangalore,Bengaluru,India
"Patibandla, Murali",13.0,7.0,Indian Institute of Management Bangalore,Bengaluru,India
"Sastry, Trilochan",13.0,5.0,Indian Institute of Management Bangalore,Bengaluru,India
"Das, Shubhabrata  Das, S.",12.0,5.0,Indian Institute of Management Bangalore,Bengaluru,India
"Dutta, Debolina",12.0,6.0,Indian Institute of Management Bangalore,Bengaluru,India
"Jha, Srivardhini K.  Jha, Srivardhini",12.0,8.0,Indian Institute of Management Bangalore,Bengaluru,India
"Sinha, Deepak K.",12.0,2.0,Indian Institute of Management Bangalore,Bengaluru,India
"Venkateswaran, Anand",12.0,9.0,D'Amore-McKim School of Business,Boston,United States
"Jose, P. D.",11.0,6.0,Indian Institute of Management Bangalore,Bengaluru,India
"Kulkarni, Manu N.  Kulkarni, Manu",11.0,0.0,Indian Institute of Management Bangalore,Bengaluru,India
"Madanmohan, T. R.",11.0,6.0,Indian Institute of Management Bangalore,Bengaluru,India
"Raghunath, S.",11.0,3.0,Indian Institute of Management Bangalore,Bengaluru,India
"Ravi Anshuman, V.  Anshuman, V. Ravi",11.0,3.0,Indian Institute of Management Bangalore,Bengaluru,India
"Venkatagiri, Shankar",11.0,4.0,Indian Institute of Management Bangalore,Bengaluru,India
"Bhagavatula, Suresh",10.0,6.0,Indian Institute of Management Bangalore,Bengaluru,India
"Garg, Shashank  Garg, S.",10.0,2.0,Indian Institute of Management Bangalore,Bengaluru,India
"Godhi, Satyajit Ashok  Godhi, S. A.   Godhi, Satyajit",10.0,4.0,Indian Institute of Management Bangalore,Bengaluru,India
"Gupta, Seema",10.0,4.0,Indian Institute of Management Bangalore,Bengaluru,India
"Mahapatra, Gopal P.  Mahapatra, Gopal",10.0,1.0,Indian Institute of Management Bangalore,Bengaluru,India
"Ranganathan, V.",10.0,6.0,Indian Institute of Management Bangalore,Bengaluru,India
"Banerjee, Shankhadeep",9.0,3.0,Indian Institute of Management Bangalore,Bengaluru,India
"Deb, Soudeep  Deb, S.",9.0,4.0,Indian Institute of Management Bangalore,Bengaluru,India
"Ekkirala, Srinivas",9.0,4.0,Indian Institute of Management Bangalore,Bengaluru,India
"Roy, Rishideep",9.0,2.0,Indian Institute of Management Bangalore,Bengaluru,India
"Tripathy, Arabinda  Tripathy, A.",9.0,5.0,Indian Institute of Management Bangalore,Bengaluru,India
"Yayavaram, Sai",9.0,4.0,Indian Institute of Management Bangalore,Bengaluru,India
"Mukherjee, Kanchan",8.0,5.0,Indian Institute of Management Bangalore,Bengaluru,India
"Rajeev Gowda, M. V.  Gowda, Rajeev",8.0,3.0,Indian Institute of Management Bangalore,Bengaluru,India
"Rangan, Srinivasan",8.0,6.0,Indian Institute of Management Bangalore,Bengaluru,India
"Singh, Atul",8.0,2.0,Indian Institute of Management Bangalore,Bengaluru,India
"Singh, Charan",8.0,2.0,Indian Institute of Management Bangalore,Bengaluru,India
"Dayasindhu, Nagarajan  Dayasindhu, N.",7.0,3.0,Indian Institute of Management Bangalore,Bengaluru,India
"Jonnalagedda, Sreelata",7.0,5.0,Indian Institute of Management Bangalore,Bengaluru,India
"Levasseur, Ludvig",7.0,4.0,Indiana University Bloomington,Bloomington,United States
"Moorthi, Y. L.R.",7.0,4.0,Indian Institute of Management Bangalore,Bengaluru,India
"Pareek, Bhuvanesh",7.0,2.0,Indian Institute of Management Bangalore,Bengaluru,India
"Prakhya, Srinivas",7.0,4.0,Indian Institute of Management Bangalore,Bengaluru,India
"Sabari Shankar, R.  Sabari, Shankar R.   Elizabeth, Sabari Shankar R.   Sabari Shankar, R.   Sabari Shankar",7.0,3.0,Indian Institute of Management Bangalore,Bengaluru,India
"Jayadev, M.  M, Jayadev",6.0,4.0,Indian Institute of Management Bangalore,Bengaluru,India
"Krishnamurthy, Venkatesh Tekur  Tekur, Venkatesh",6.0,2.0,Indian Institute of Management Bangalore,Bengaluru,India
"Mulky, Avinash G.  Mulky, Avinash",6.0,4.0,Indian Institute of Management Bangalore,Bengaluru,India
"Ramanayya, T. V.",6.0,3.0,Indian Institute of Management Bangalore,Bengaluru,India
"Ramu, Swapnika Shiva  Ramu, S. Shiva   Ramu, Swapnika   Ramu, S. S.",6.0,1.0,Indian Institute of Management Bangalore,Bengaluru,India
"Saxena, Ashay",6.0,3.0,Indian Institute of Management Bangalore,Bengaluru,India
"Balasubramanian, N.",5.0,4.0,Indian Institute of Management Bangalore,Bangalore,India
"Bhattacharjee, Ayona",5.0,1.0,Indian Institute of Management Bangalore,Bengaluru,India
"Dhasmana, Anubha",5.0,2.0,Indian Institute of Management Bangalore,Bengaluru,India
"Gunupudi, Laxmi",5.0,1.0,Indian Institute of Management Bangalore,Bengaluru,India
"Gupta, Subhashish",5.0,2.0,Indian Institute of Management Bangalore,Bengaluru,India
"Jayateertha, G. M.",5.0,1.0,Indian Institute of Management Bangalore,Bengaluru,India
"Joshi, Radhika",5.0,1.0,Indian Institute of Management Bangalore,Bengaluru,India
"Kare, Dilip D.  Kare, D. D.",5.0,2.0,Indian Institute of Management Bangalore,Bengaluru,India
"Kumar, S. Ramesh",5.0,1.0,Indian Institute of Management Bangalore,Bengaluru,India
"Lingaraj, B. P.  Lingaraj, BP",5.0,2.0,Indian Institute of Management Bangalore,Bengaluru,India
"Mahajan, Siddharth",5.0,2.0,Indian Institute of Management Bangalore,Bengaluru,India
"Mani, Dalhia",5.0,3.0,Indian Institute of Management Bangalore,Bengaluru,India
"Murty, L. S.",5.0,4.0,Indian Institute of Management Bangalore,Bengaluru,India
"Narasimhan, M. S.  Narasimhan, Ms",5.0,3.0,Indian Institute of Management Bangalore,Bengaluru,India
"Rao, Ravi Anand  Rao, Ravi A.",5.0,3.0,Indian Institute of Management Bangalore,Bengaluru,India
"Sahni, A. K.  Sahni, A.",5.0,0.0,Indian Institute of Management Bangalore,Bangalore,India
"Sethi, Rupal",5.0,3.0,Indian Institute of Management Bangalore,Bengaluru,India
"Shroff, Bhavya Peapully  Shroff, Bhavya P.   Shroff, Bhavya",5.0,1.0,Indian Institute of Management Bangalore,Bengaluru,India
"Ugargol, Allen P.  Ugargol, Allen P.   Ugargol, Allen Prabhaker",5.0,4.0,Indian Institute of Management Bangalore,Bengaluru,India
"Venkataraman, Madalasa",5.0,3.0,Indian Institute of Management Bangalore,Bengaluru,India
"Verma, Nishant Kumar",5.0,1.0,Indian Institute of Management Bangalore,Bengaluru,India
"Jha, Mithileshwar",4.0,2.0,Indian Institute of Management Bangalore,Bengaluru,India
"Joshi, Siddharth",4.0,3.0,Indian Institute of Management Bangalore,Bengaluru,India
"Krishna Sundar, Diatha  Krishna Sundar, D.",4.0,3.0,Indian Institute of Management Bangalore,Bengaluru,India
"Mishra, Ashis",4.0,3.0,Indian Institute of Management Bangalore,Bengaluru,India
"Moorthy, Vivek",4.0,1.0,Indian Institute of Management Bangalore,Bangalore,India
"Mukherji, Sourav",4.0,3.0,Indian Institute of Management Bangalore,Bengaluru,India
"Narayanaswamy, R.",4.0,3.0,Indian Institute of Management Bangalore,Bengaluru,India
"Roy, N. G.",4.0,2.0,Indian Institute of Management Bangalore,Bengaluru,India
"Shenoy, Akshay U.",4.0,4.0,Indian Institute of Management Bangalore,Bengaluru,India
"Srinivas, Vadhri  Srinivas, V.",4.0,2.0,Indian Institute of Management Bangalore,Bangalore,India
"Tewari, Vinod K.  Tewari, V. K.",4.0,3.0,Indian Institute of Management Bangalore,Bengaluru,India
"Thomas, K. Raju",4.0,3.0,Indian Institute of Management Bangalore,Bangalore,India
"Tripathy, Anshuman",4.0,2.0,Indian Institute of Management Bangalore,Bengaluru,India
"Venumuddala, Vinay Reddy",4.0,1.0,Indian Institute of Management Bangalore,Bengaluru,India
"Vijaygopal, Abhishek",4.0,1.0,Indian Institute of Management Bangalore,Bengaluru,India
"Anand, Abhinav  Prof, Abhinav Anand",3.0,2.0,Indian Institute of Management Bangalore,Bengaluru,India
"Basavaraj, K. P.",3.0,2.0,Indian Institute of Management Bangalore,Bangalore,India
"Bhanoji Rao, V. V.",3.0,2.0,"Gandhi Institute of Technology and Management, Visakhapatnam",Visakhapatnam,India
"Bhat, Ravishankar  Bhat, R.",3.0,3.0,Indian Institute of Management Bangalore,Bengaluru,India
"Gautam, Yashaswi",3.0,3.0,Indian Institute of Management Bangalore,Bangalore,India
"Goutam, Prodyumna",3.0,1.0,Indian Institute of Management Bangalore,Bengaluru,India
"Gowda, M. V.Rajeev",3.0,3.0,Indian Institute of Management Bangalore,Bengaluru,India
"Holla, Jayarama",3.0,2.0,Indian Institute of Management Bangalore,Bangalore,India
"Kumar, Ravi",3.0,3.0,Indian Institute of Management Bangalore,Bengaluru,India
"Narasimhamurthy, Ravikumar  Ravikumar, N.",3.0,1.0,Indian Institute of Management Bangalore,Bengaluru,India
"Narayan, P. C.",3.0,1.0,Indian Institute of Management Bangalore,Bengaluru,India
"Patnaik, K. Rama",3.0,2.0,Indian Institute of Management Bangalore,Bengaluru,India
"Prakash, Purnima",3.0,2.0,Indian Institute of Management Bangalore,Bengaluru,India
"Rao, M. R.",3.0,2.0,Indian Institute of Management Bangalore,Bengaluru,India
"Sabarinathan, G.",3.0,2.0,Indian Institute of Management Bangalore,Bengaluru,India
"Sarkar, Sanjukta",3.0,2.0,Indian Institute of Management Bangalore,Bengaluru,India
"Seth, Nandini",3.0,2.0,Indian Institute of Management Bangalore,Bengaluru,India
"Soni, Pavan",3.0,1.0,Indian Institute of Management Bangalore,Bengaluru,India
"Upadhyay, Divya",3.0,1.0,Indian Institute of Management Bangalore,Bengaluru,India
"Venkatesh, G.",3.0,1.0,Indian Institute of Management Bangalore,Bengaluru,India
"Anantharamaiah, K. M.  Anantharamaiah, K.M.",2.0,1.0,Indian Institute of Management Bangalore,Bangalore,India
"Apte, Prakash",2.0,2.0,Indian Institute of Management Bangalore,Bengaluru,India
"Bandhu, Sarvesh",2.0,1.0,Indian Institute of Management Bangalore,Bengaluru,India
"Bansal, Nidhi",2.0,2.0,Indian Institute of Management Bangalore,Bengaluru,India
"Betai, Neha Vinod",2.0,1.0,Indian Institute of Management Bangalore,Bengaluru,India
"Bhattacharya, Bibek",2.0,1.0,Indian Institute of Management Bangalore,Bengaluru,India
"Dalbehera, Shailen Kumar",2.0,0.0,Indian Institute of Management Bangalore,Bangalore,India
"Damle, Harshali",2.0,1.0,Indian Institute of Management Bangalore,Bengaluru,India
"Gopi Sankar, Gopi  Gopi Sankar, G.   Gopikuttan, Gopi Sankar",2.0,0.0,Indian Institute of Management Bangalore,Bengaluru,India
"Goswami, Ranadev",2.0,2.0,Indian Institute of Management Bangalore,Bengaluru,India
"Goswami, Rimi",2.0,2.0,Indian Institute of Management Bangalore,Bengaluru,India
"Gukhal, Chandrasekhar Reddy  Gukhal, Chandrasekhar R.",2.0,2.0,Indian Institute of Management Bangalore,Bangalore,India
"Gupta, Deepika Ravindrakumar  Gupta, Deepika R.",2.0,2.0,Indian Institute of Management Bangalore,Bengaluru,India
"Hatti, Poornima",2.0,0.0,Indian Institute of Management Bangalore,Bangalore,India
"Jain, Swati",2.0,2.0,Indian Institute of Management Bangalore,Bangalore,India
"Kalro, Naveen P.",2.0,2.0,Indian Institute of Management Bangalore,Bangalore,India
"Karumathil, Anjana A.  Karumathil, Anjana",2.0,1.0,Indian Institute of Management Bangalore,Bengaluru,India
"Kumar, Vijay",2.0,2.0,Indian Institute of Management Bangalore,Bengaluru,India
"Kunduru, Sunil Reddy",2.0,0.0,Indian Institute of Management Bangalore,Bengaluru,India
"Lyndem, Preeti Krishnan",2.0,1.0,Indian Institute of Management Bangalore,Bengaluru,India
"Malhotra, Pearl",2.0,2.0,Indian Institute of Management Shillong,Shillong,India
"Menon, Anish S.  Menon, Anish",2.0,2.0,Indian Institute of Management Bangalore,Bangalore,India
"Mohanty, Himansu Shekar  Mohanty, Himansu S.",2.0,1.0,Indian Institute of Management Bangalore,Bengaluru,India
"Mukherjee, Prithwiraj",2.0,1.0,Indian Institute of Management Bangalore,Bengaluru,India
"Narayanaswamy, R.",2.0,1.0,Indian Institute of Management Bangalore,Bengaluru,India
"Rajalakshmi, K.",2.0,0.0,Indian Institute of Management Bangalore,Bengaluru,India
"Rajan, Jothsna  Rajan, J.",2.0,2.0,Indian Institute of Management Bangalore,Bengaluru,India
"Rakshit, Krishanu",2.0,0.0,Indian Institute of Management Bangalore,Bengaluru,India
"Ranganathan, V.",2.0,0.0,Indian Institute of Management Bangalore,Bangalore,India
"Rao, P. S.  Rao, P.S.",2.0,2.0,Indian Institute of Management Bangalore,Bangalore,India
"Reddy, C. Manohar",2.0,1.0,Indian Institute of Management Bangalore,Bengaluru,India
"Sanaria, Apurva D.  Sanaria, Apurva D.   Sanaria, Apurva",2.0,1.0,Indian Institute of Management Bangalore,Bengaluru,India
"Sanath Kumar, N. S.  Kumar, N. S.Sanath",2.0,1.0,Indian Institute of Management Bangalore,Bengaluru,India
"Satyanarayana, Krishna",2.0,1.0,Indian Institute of Management Bangalore,Bengaluru,India
"Soni, Mauli",2.0,2.0,Indian Institute of Management Bangalore,Bengaluru,India
"Subramaniam, S.",2.0,1.0,Indian Institute of Management Bangalore,Bengaluru,India
"Tanwar, Tushar",2.0,1.0,Indian Institute of Management Bangalore,Bengaluru,India
"Tiwari, Divya",2.0,1.0,Indian Institute of Management Bangalore,Bengaluru,India
"Tripathi, Rajeev R.",2.0,1.0,Indian Institute of Management Bangalore,Bengaluru,India
"Vaidyanathan, R.",2.0,2.0,Indian Institute of Management Bangalore,Bangalore,India
"Venkatachalam, Parvathy",2.0,0.0,Indian Institute of Management Bangalore,Bengaluru,India
"Vijayaraghavan, T. A.S.",2.0,2.0,Indian Institute of Management Bangalore,Bengaluru,India
"Aadala, Raviraj",1.0,1.0,Indian Institute of Management Bangalore,Bengaluru,India
"Adnur, Prakash",1.0,1.0,"Queen's University, Kingston",Kingston,Canada
"Agarwal, Abhishek",1.0,1.0,Indian Institute of Management Bangalore,Bengaluru,India
"Agrawal, Priyanshi",1.0,1.0,Indian Institute of Management Bangalore,Bangalore,India
"Anand Ram, V.",1.0,1.0,Indian Institute of Management Bangalore,Bengaluru,India
"Anasha, K. P.",1.0,0.0,Indian Institute of Management Bangalore,Bengaluru,India
"Anjum, Md Shahrukh",1.0,0.0,Indian Institute of Management Bangalore,Bengaluru,India
"Appukuttan Nair, Damodaran",1.0,1.0,Indian Institute of Management Bangalore,Bengaluru,India
"Arora, Ankur",1.0,0.0,Indian Institute of Management Bangalore,Bengaluru,India
"Arunkundram, Ravi",1.0,1.0,Indian Institute of Management Bangalore,Bangalore,India
"Bagri, Pankaj",1.0,0.0,Indian Institute of Management Bangalore,Bangalore,India
"Baje, Ashwini",1.0,0.0,Indian Institute of Management Bangalore,Bengaluru,India
"Balaram, A.  Balaram, A.",1.0,1.0,Indian Institute of Management Bangalore,Bangalore,India
"Banerjee, Ritwik",1.0,1.0,Indian Institute of Management Bangalore,Bengaluru,India
"Bangari, Ravindra Singh",1.0,1.0,Indian Institute of Management Bangalore,Bangalore,India
"Bansal, Anand Parkash",1.0,1.0,Indian Institute of Management Bangalore,Bangalore,India
"Banyopadhyay, J.",1.0,0.0,Indian Institute of Management Bangalore,Bengaluru,India
"Basu, Soumyak",1.0,1.0,Indian Institute of Management Bangalore,Bengaluru,India
"Bhandari, A. S.",1.0,1.0,Indian Institute of Management Bangalore,Bengaluru,India
"Bhat, Kiran K.",1.0,0.0,Indian Institute of Management Bangalore,Bangalore,India
"Bhati, Abhishek",1.0,1.0,Indian Institute of Management Bangalore,Bengaluru,India
"Bhattacharjee, A.",1.0,0.0,Indian Institute of Management Bangalore,Bangalore,India
"Binu Philip, C.",1.0,1.0,Indian Institute of Management Bangalore,Bangalore,India
"Bose, Anik",1.0,1.0,Indian Institute of Management Bangalore,Bangalore,India
"Chaklader, Garima",1.0,1.0,Indian Institute of Management Bangalore,Bengaluru,India
"Chandrakar, Pranjal",1.0,1.0,Indian Institute of Management Bangalore,Bengaluru,India
"Chandrappa, S.",1.0,0.0,Indian Institute of Management Bangalore,Bangalore,India
"Chandrashekar, M.",1.0,1.0,Indian Institute of Management Bangalore,Bengaluru,India
"Chary, S. N.",1.0,1.0,Indian Institute of Management Bangalore,Bengaluru,India
"Chaudhary, Abhishek",1.0,1.0,Indian Institute of Management Bangalore,Bangalore,India
"Cherkil, Manjula",1.0,1.0,Mount Holyoke College,South Hadley,United States
"Chigurupati, Sandeep",1.0,1.0,Indian Institute of Management Bangalore,Bangalore,India
"Chittaranjan Kalubandi, Sai",1.0,1.0,Indian Institute of Management Bangalore,Bengaluru,India
"Choudhary, Preeti",1.0,0.0,Indian Institute of Management Bangalore,Bangalore,India
"Damodaran, A.",1.0,0.0,Indian Institute of Management Bangalore,Bengaluru,India
"Das, Bidipta",1.0,0.0,Indian Institute of Management Bangalore,Bengaluru,India
"Datta, Banantika",1.0,1.0,Indian Institute of Management Bangalore,Bengaluru,India
"De, Rahul  De', Rahul",1.0,1.0,Indian Institute of Management Bangalore,Bengaluru,India
"De, Rahul",1.0,0.0,Indian Institute of Management Bangalore,Bengaluru,India
De Rahul  de Rahul,1.0,1.0,Indian Institute of Management Bangalore,Bengaluru,India
"Deb, Dipanjan",1.0,1.0,Indian Institute of Management Bangalore,Bengaluru,India
"Dhar, R.",1.0,0.0,Indian Institute of Management Bangalore,Bengaluru,India
"Ganatra, Dhimant",1.0,0.0,Indian Institute of Management Bangalore,Bengaluru,India
"Ganesh, V.",1.0,1.0,Indian Institute of Management Bangalore,Bengaluru,India
"Garg, Anshul",1.0,1.0,Indian Institute of Management Bangalore,Bangalore,India
"Gaurav, Rajesh",1.0,1.0,Indian Institute of Management Bangalore,Bengaluru,India
"George, Sunila",1.0,1.0,Indian Institute of Management Bangalore,Bengaluru,India
"Ghosh, Sudeshna",1.0,1.0,Indian Institute of Management Bangalore,Bengaluru,India
"Gosain, Anuj Paul",1.0,0.0,Indian Institute of Management Bangalore,Bengaluru,India
"Govindan, Shwetha",1.0,1.0,Indian Institute of Management Bangalore,Bengaluru,India
"Gowda, M. V.Rajeev",1.0,0.0,Indian Institute of Management Bangalore,Bengaluru,India
"Gupta, Aparana",1.0,1.0,Indian Institute of Management Bangalore,Bangalore,India
"Gupta, Hina",1.0,0.0,Indian Institute of Management Bangalore,Bengaluru,India
"Gupta, Kapil",1.0,0.0,Indian Institute of Management Bangalore,Bengaluru,India
"Gupta, Subhasish",1.0,0.0,Indian Institute of Management Bangalore,Bengaluru,India
"Gupta, Tanvi",1.0,1.0,Indian Institute of Management Bangalore,Bengaluru,India
"Haldar, Tanushree",1.0,1.0,Indian Institute of Management Bangalore,Bengaluru,India
"Hatmode, Vipin B.",1.0,1.0,Indian Institute of Management Bangalore,Bangalore,India
"Hegde, Shobitha",1.0,1.0,Indian Institute of Management Bangalore,Bengaluru,India
"Jain, Arun Kumar",1.0,0.0,Indian Institute of Management Bangalore,Bengaluru,India
"Jalan, Ekta",1.0,1.0,Indian Institute of Management Bangalore,Bengaluru,India
"Jayachandran, G.",1.0,0.0,Indian Institute of Management Bangalore,Bengaluru,India
"Kakkar, N.",1.0,0.0,Indian Institute of Management Bangalore,Bengaluru,India
"Kambla, Venkatesh",1.0,1.0,Indian Institute of Management Bangalore,Bengaluru,India
"Karumanchi, R.",1.0,0.0,Indian Institute of Management Bangalore,Bengaluru,India
"Kasturi, Anand",1.0,1.0,Indian Institute of Management Bangalore,Bangalore,India
"Keerthika, D.",1.0,1.0,Indian Institute of Management Bangalore,Bangalore,India
"Khadka, Ipsu",1.0,1.0,Indian Institute of Management Bangalore,Bengaluru,India
"Khatri, Sonal",1.0,0.0,Indian Institute of Management Bangalore,Bengaluru,India
"Kimber, David",1.0,0.0,Indian Institute of Management Bangalore,Bengaluru,India
"Kolhar, Shrikant",1.0,1.0,Indian Institute of Management Bangalore,Bangalore,India
"Kondayya, Anupama",1.0,0.0,Indian Institute of Management Bangalore,Bengaluru,India
"Kote, Janhavi",1.0,1.0,Indian Institute of Management Bangalore,Bangalore,India
"Krishnan, Jay",1.0,1.0,Indian Institute of Management Bangalore,Bangalore,India
"Krishnaprasad, Srikanth",1.0,1.0,Indian Institute of Management Bangalore,Bengaluru,India
"Kumar, Gaurav",1.0,0.0,Indian Institute of Management Bangalore,Bengaluru,India
"Kumar, Pawan",1.0,1.0,Indian Institute of Management Bangalore,Bengaluru,India
"Kumar, Ramesh",1.0,1.0,Indian Institute of Management Bangalore,Bengaluru,India
"Kumar, T. Krishna",1.0,0.0,Indian Institute of Management Bangalore,Bengaluru,India
"Kushwaha, Narendra Nath",1.0,0.0,Indian Institute of Management Bangalore,Bengaluru,India
"Maheshwari, Prerana",1.0,1.0,Indian Institute of Management Bangalore,Bengaluru,India
"Maley, Kishore Kumar",1.0,1.0,Indian Institute of Management Bangalore,Bengaluru,India
"Mandal, Prasenjit",1.0,1.0,Indian Institute of Management Bangalore,Bengaluru,India
"Mantri, Megha",1.0,1.0,Indian Institute of Management Bangalore,Bangalore,India
"Mathur, Puneet Prakash",1.0,1.0,Indian Institute of Management Bangalore,Bengaluru,India
"Mathur, Vipul",1.0,0.0,Indian Institute of Management Bangalore,Bengaluru,India
"Mattila, Sari",1.0,0.0,Indian Institute of Management Bangalore,Bengaluru,India
"Mbewe, Abel C.  Mbewe, A. C.",1.0,1.0,Indian Institute of Management Bangalore,Bangalore,India
"Menon, Divya",1.0,1.0,Indian Institute of Management Bangalore,Bangalore,India
"Mukherkji, Sourav",1.0,0.0,Indian Institute of Management Bangalore,Bangalore,India
"Murali, Patibandla",1.0,1.0,Indian Institute of Management Bangalore,Bengaluru,India
"Murthy, Ramya K.",1.0,1.0,Indian Institute of Management Bangalore,Bengaluru,India
"Murthy, Shashidhar",1.0,0.0,Indian Institute of Management Bangalore,Bengaluru,India
"N, Padma",1.0,1.0,Indian Institute of Management Bangalore,Bengaluru,India
"Nagabhushana, T. S.",1.0,1.0,Indian Institute of Management Bangalore,Bangalore,India
"Naik, Devendra",1.0,0.0,Indian Institute of Management Bangalore,Bengaluru,India
"Naik, Gopal",1.0,0.0,Indian Institute of Management Bangalore,Bengaluru,India
"Nair, Damodaran Appukuttan",1.0,1.0,Indian Institute of Management Bangalore,Bengaluru,India
"Nakra, Monisha",1.0,1.0,Indian Institute of Management Bangalore,Bangalore,India
"Narasinga Rao, K. N.",1.0,0.0,Indian Institute of Management Bangalore,Bengaluru,India
"Paidi, Vijay",1.0,1.0,Indian Institute of Management Bangalore,Bengaluru,India
"Pal, Soumya",1.0,1.0,Indian Institute of Management Bangalore,Bengaluru,India
"Pandey, Arpita",1.0,0.0,Indian Institute of Management Bangalore,Bengaluru,India
"Pandit, Rajesh",1.0,1.0,Indian Institute of Management Bangalore,Bangalore,India
"Patel, Vandana Singhvi",1.0,0.0,Indian Institute of Management Bangalore,Bengaluru,India
"Pendse, Maithily",1.0,1.0,Indian Institute of Management Bangalore,Bangalore,India
"Popli, Anirudh Roy",1.0,0.0,Indian Institute of Management Bangalore,Bangalore,India
"Pradhan, Manaranjan",1.0,0.0,Indian Institute of Management Bangalore,Bengaluru,India
"Prakash, R. Sai",1.0,1.0,Indian Institute of Management Bangalore,Bengaluru,India
"Prakash Ranjan, Ravi",1.0,0.0,Indian Institute of Management Bangalore,Bangalore,India
"Rahul, D. E.",1.0,0.0,Indian Institute of Management Bangalore,Bengaluru,India
"Rajagopalan, S.",1.0,1.0,Indian Institute of Management Bangalore,Bengaluru,India
"Ramana, S. Venkata",1.0,1.0,Indian Institute of Management Bangalore,Bangalore,India
"Ramaswamy, N. S.",1.0,0.0,Indian Institute of Management Bangalore,Bengaluru,India
"Rammohan Rao, M.",1.0,0.0,Indian Institute of Management Bangalore,Bengaluru,India
"Ranganathan, V.",1.0,0.0,Indian Institute of Management Bangalore,Bengaluru,India
"Ranjan das, Rasmi  Ranjan Das, Rasmi",1.0,1.0,Indian Institute of Management Bangalore,Bengaluru,India
"Rao, A. K.",1.0,1.0,Indian Institute of Management Bangalore,Bengaluru,India
"Rao, A. K.",1.0,1.0,Indian Institute of Management Bangalore,Bangalore,India
"Rao, B. Bhaskara  Rao, B.Bhaskara",1.0,0.0,Indian Institute of Management Bangalore,Bengaluru,India
"Rao, Menaka",1.0,0.0,Indian Institute of Management Bangalore,Bengaluru,India
"Rao, P. S.",1.0,0.0,Indian Institute of Management Bangalore,Bengaluru,India
"Raval, Uma",1.0,0.0,Indian Institute of Management Bangalore,Bengaluru,India
"Ravi, N.",1.0,0.0,Indian Institute of Management Bangalore,Bengaluru,India
"Rawat, Namrata",1.0,1.0,Indian Institute of Management Bangalore,Bengaluru,India
"Rawat, Siddharth",1.0,1.0,Indian Institute of Management Bangalore,Bengaluru,India
"Reddy, Sunil K.",1.0,1.0,Indian Institute of Management Bangalore,Bengaluru,India
"Roy, A. B.",1.0,1.0,Indian Institute of Management Bangalore,Bengaluru,India
"Roy, Shyamal",1.0,0.0,Indian Institute of Management Bangalore,Bengaluru,India
"Roy, Shyamal",1.0,1.0,Indian Institute of Management Bangalore,Bengaluru,India
"Sahana, H. S.",1.0,1.0,Indian Institute of Management Bangalore,Bengaluru,India
"Sarkar, Sandeep",1.0,1.0,Indian Institute of Management Bangalore,Bangalore,India
"Sen, Chiranjib",1.0,1.0,Indian Institute of Management Bangalore,Bengaluru,India
"Sen, G.",1.0,1.0,Indian Institute of Management Bangalore,Bengaluru,India
"Sen, Gila",1.0,1.0,Indian Institute of Management Bangalore,Bengaluru,India
"Shankar, Sabari R.",1.0,0.0,Indian Institute of Management Bangalore,Bengaluru,India
"Sharma, C. K.",1.0,1.0,Indian Institute of Management Bangalore,Bengaluru,India
"Sharma, Deepali",1.0,1.0,Indian Institute of Management Bangalore,Bangalore,India
"Sharma, Mridula",1.0,0.0,Indian Institute of Management Bangalore,Bengaluru,India
"Shimpi, Sharada",1.0,1.0,Indian Institute of Management Bangalore,Bangalore,India
"Siemensma, Fran",1.0,0.0,Indian Institute of Management Bangalore,Bengaluru,India
"Sihariya, Gourav",1.0,1.0,Indian Institute of Management Bangalore,Bangalore,India
"Singal, K.",1.0,1.0,Indian Institute of Management Bangalore,Bengaluru,India
"Singh, Akshay Kumar",1.0,0.0,Indian Institute for Science Education and Research Kolkata,Mohanpur,India
"Singh, Charan",1.0,0.0,Indian Institute of Management Bangalore,Bengaluru,India
"Singh, Himanshu",1.0,1.0,Indian Institute of Management Bangalore,Bengaluru,India
"Singh, Ramadhar",1.0,0.0,Indian Institute of Management Bangalore,Bengaluru,India
"Sivamalai, Lewin",1.0,1.0,Indian Institute of Management Bangalore,Bengaluru,India
"Smriti, Veethica",1.0,1.0,Indian Institute of Management Bangalore,Bengaluru,India
"Somashekhara Reddy, S. T.",1.0,1.0,Indian Institute of Management Bangalore,Bengaluru,India
"Sravanan, C. N.Sai",1.0,1.0,Indian Institute of Management Bangalore,Bangalore,India
"Srinivasan, Padmini",1.0,1.0,Indian Institute of Management Bangalore,Bengaluru,India
"Srivastava, Namrata",1.0,0.0,Indian Institute of Management Bangalore,Bengaluru,India
"Subramanyam, Raghunath",1.0,0.0,Indian Institute of Management Bangalore,Bengaluru,India
"Sundaresan, Naveen",1.0,1.0,Indian Institute of Management Bangalore,Bangalore,India
"Sunder, A.",1.0,0.0,Indian Institute of Management Bangalore,Bengaluru,India
"Suresh, D. N.",1.0,1.0,Indian Institute of Management Bangalore,Bangalore,India
"Tadepalli, Ramana",1.0,0.0,Indian Institute of Management Bangalore,Bengaluru,India
"Tara, S. Nayana",1.0,0.0,Indian Institute of Management Bangalore,Bengaluru,India
"Tarakad Venkateswaran, Ramya",1.0,0.0,Indian Institute of Management Bangalore,Bengaluru,India
"Teraiya, Vibhu",1.0,1.0,Indian Institute of Management Bangalore,Bengaluru,India
"Upadhyay, Rajkumar",1.0,1.0,Indian Institute of Management Bangalore,Bangalore,India
"Vashishth, A. P.",1.0,0.0,Indian Institute of Management Bangalore,Bengaluru,India
"Vedak, Chaitali",1.0,0.0,Indian Institute of Management Bangalore,Bengaluru,India
"Veerabasavailh, M.",1.0,0.0,Indian Institute of Management Bangalore,Bangalore,India
"Velaga, Lakshmisubrahmanyam",1.0,1.0,Indian Institute of Management Bangalore,Bangalore,India
"Venkataraman, Vijayaraghavan",1.0,1.0,Indian Institute of Management Bangalore,Bengaluru,India
"Venkatesh, Sri Arun Tekur",1.0,1.0,Indian Institute of Management Bangalore,Bangalore,India
"Venkateswaran, Ramya",1.0,1.0,Indian Institute of Management Bangalore,Bengaluru,India
"Yadav, Gaurav",1.0,1.0,Indian Institute of Management Bangalore,Bengaluru,India
"Yadav, Gaurav",1.0,1.0,Indian Institute of Management Bangalore,Bengaluru,India
"Yadav, Kartik",1.0,0.0,Indian Institute of Management Bangalore,Bengaluru,India
